;Country Name;Country Code;Year;CO2 Per Capita (metric tons);Continent_Name;Three_Letter_Country_Code
26;Aruba;ABW;1986;2.868319392;North America;ABW
27;Aruba;ABW;1987;7.234964017;North America;ABW
28;Aruba;ABW;1988;10.02650752;North America;ABW
29;Aruba;ABW;1989;10.6347326;North America;ABW
30;Aruba;ABW;1990;29.62016477;North America;ABW
31;Aruba;ABW;1991;29.84760844;North America;ABW
32;Aruba;ABW;1992;25.25815197;North America;ABW
33;Aruba;ABW;1993;24.43048084;North America;ABW
34;Aruba;ABW;1994;22.99644068;North America;ABW
35;Aruba;ABW;1995;22.18661455;North America;ABW
36;Aruba;ABW;1996;21.64188954;North America;ABW
37;Aruba;ABW;1997;21.50066123;North America;ABW
38;Aruba;ABW;1998;19.62153398;North America;ABW
39;Aruba;ABW;1999;19.65258865;North America;ABW
40;Aruba;ABW;2000;25.5476788;North America;ABW
41;Aruba;ABW;2001;25.38248972;North America;ABW
42;Aruba;ABW;2002;24.9755145;North America;ABW
43;Aruba;ABW;2003;24.90906561;North America;ABW
44;Aruba;ABW;2004;24.51054263;North America;ABW
45;Aruba;ABW;2005;24.964531;North America;ABW
46;Aruba;ABW;2006;24.76670634;North America;ABW
47;Aruba;ABW;2007;25.61371495;North America;ABW
48;Aruba;ABW;2008;24.75013321;North America;ABW
49;Aruba;ABW;2009;24.87670585;North America;ABW
50;Aruba;ABW;2010;24.18270225;North America;ABW
51;Aruba;ABW;2011;23.9224121;North America;ABW
52;Afghanistan;AFG;1960;0.046067875;Asia;AFG
53;Afghanistan;AFG;1961;0.053614943;Asia;AFG
54;Afghanistan;AFG;1962;0.073781338;Asia;AFG
55;Afghanistan;AFG;1963;0.074251368;Asia;AFG
56;Afghanistan;AFG;1964;0.086316543;Asia;AFG
57;Afghanistan;AFG;1965;0.101498607;Asia;AFG
58;Afghanistan;AFG;1966;0.10767397;Asia;AFG
59;Afghanistan;AFG;1967;0.123782381;Asia;AFG
60;Afghanistan;AFG;1968;0.115547383;Asia;AFG
61;Afghanistan;AFG;1969;0.086862817;Asia;AFG
62;Afghanistan;AFG;1970;0.150358548;Asia;AFG
63;Afghanistan;AFG;1971;0.166114846;Asia;AFG
64;Afghanistan;AFG;1972;0.130820142;Asia;AFG
65;Afghanistan;AFG;1973;0.136339954;Asia;AFG
66;Afghanistan;AFG;1974;0.155725123;Asia;AFG
67;Afghanistan;AFG;1975;0.169027082;Asia;AFG
68;Afghanistan;AFG;1976;0.154895026;Asia;AFG
69;Afghanistan;AFG;1977;0.183118308;Asia;AFG
70;Afghanistan;AFG;1978;0.163346971;Asia;AFG
71;Afghanistan;AFG;1979;0.168673488;Asia;AFG
72;Afghanistan;AFG;1980;0.133230271;Asia;AFG
73;Afghanistan;AFG;1981;0.152639744;Asia;AFG
74;Afghanistan;AFG;1982;0.165879122;Asia;AFG
75;Afghanistan;AFG;1983;0.205462699;Asia;AFG
76;Afghanistan;AFG;1984;0.237642948;Asia;AFG
77;Afghanistan;AFG;1985;0.301734199;Asia;AFG
78;Afghanistan;AFG;1986;0.274729698;Asia;AFG
79;Afghanistan;AFG;1987;0.275560305;Asia;AFG
80;Afghanistan;AFG;1988;0.252079156;Asia;AFG
81;Afghanistan;AFG;1989;0.239131208;Asia;AFG
82;Afghanistan;AFG;1990;0.221826764;Asia;AFG
83;Afghanistan;AFG;1991;0.194971232;Asia;AFG
84;Afghanistan;AFG;1992;0.103775745;Asia;AFG
85;Afghanistan;AFG;1993;0.092761103;Asia;AFG
86;Afghanistan;AFG;1994;0.083183538;Asia;AFG
87;Afghanistan;AFG;1995;0.075646465;Asia;AFG
88;Afghanistan;AFG;1996;0.06859185;Asia;AFG
89;Afghanistan;AFG;1997;0.061814349;Asia;AFG
90;Afghanistan;AFG;1998;0.057050868;Asia;AFG
91;Afghanistan;AFG;1999;0.043722588;Asia;AFG
92;Afghanistan;AFG;2000;0.03964437;Asia;AFG
93;Afghanistan;AFG;2001;0.031434756;Asia;AFG
94;Afghanistan;AFG;2002;0.041641211;Asia;AFG
95;Afghanistan;AFG;2003;0.046107612;Asia;AFG
96;Afghanistan;AFG;2004;0.040727366;Asia;AFG
97;Afghanistan;AFG;2005;0.05485483;Asia;AFG
98;Afghanistan;AFG;2006;0.065815968;Asia;AFG
99;Afghanistan;AFG;2007;0.088141054;Asia;AFG
100;Afghanistan;AFG;2008;0.158961558;Asia;AFG
101;Afghanistan;AFG;2009;0.24907353;Asia;AFG
102;Afghanistan;AFG;2010;0.302936388;Asia;AFG
103;Afghanistan;AFG;2011;0.425262105;Asia;AFG
104;Angola;AGO;1960;0.104357101;Africa;AGO
105;Angola;AGO;1961;0.084718406;Africa;AGO
106;Angola;AGO;1962;0.216025343;Africa;AGO
107;Angola;AGO;1963;0.206877061;Africa;AGO
108;Angola;AGO;1964;0.216174133;Africa;AGO
109;Angola;AGO;1965;0.206088959;Africa;AGO
110;Angola;AGO;1966;0.265164146;Africa;AGO
111;Angola;AGO;1967;0.166658589;Africa;AGO
112;Angola;AGO;1968;0.275655471;Africa;AGO
113;Angola;AGO;1969;0.451125604;Africa;AGO
114;Angola;AGO;1970;0.568588577;Africa;AGO
115;Angola;AGO;1971;0.529744961;Africa;AGO
116;Angola;AGO;1972;0.684120294;Africa;AGO
117;Angola;AGO;1973;0.723055043;Africa;AGO
118;Angola;AGO;1974;0.703873436;Africa;AGO
119;Angola;AGO;1975;0.621198891;Africa;AGO
120;Angola;AGO;1976;0.450116912;Africa;AGO
121;Angola;AGO;1977;0.471248794;Africa;AGO
122;Angola;AGO;1978;0.701359921;Africa;AGO
123;Angola;AGO;1979;0.692097154;Africa;AGO
124;Angola;AGO;1980;0.651061684;Africa;AGO
125;Angola;AGO;1981;0.621382804;Africa;AGO
126;Angola;AGO;1982;0.527930763;Africa;AGO
127;Angola;AGO;1983;0.560374447;Africa;AGO
128;Angola;AGO;1984;0.530351031;Africa;AGO
129;Angola;AGO;1985;0.482400531;Africa;AGO
130;Angola;AGO;1986;0.464973712;Africa;AGO
131;Angola;AGO;1987;0.565431153;Africa;AGO
132;Angola;AGO;1988;0.486503528;Africa;AGO
133;Angola;AGO;1989;0.462907837;Africa;AGO
134;Angola;AGO;1990;0.398075822;Africa;AGO
135;Angola;AGO;1991;0.380694834;Africa;AGO
136;Angola;AGO;1992;0.372921412;Africa;AGO
137;Angola;AGO;1993;0.473691138;Africa;AGO
138;Angola;AGO;1994;0.307601078;Africa;AGO
139;Angola;AGO;1995;0.844305988;Africa;AGO
140;Angola;AGO;1996;0.781484777;Africa;AGO
141;Angola;AGO;1997;0.5348313;Africa;AGO
142;Angola;AGO;1998;0.515117027;Africa;AGO
143;Angola;AGO;1999;0.627072296;Africa;AGO
144;Angola;AGO;2000;0.633625299;Africa;AGO
145;Angola;AGO;2001;0.625351712;Africa;AGO
146;Angola;AGO;2002;0.786223278;Africa;AGO
147;Angola;AGO;2003;0.543083667;Africa;AGO
148;Angola;AGO;2004;1.086604897;Africa;AGO
149;Angola;AGO;2005;1.069417185;Africa;AGO
150;Angola;AGO;2006;1.200877147;Africa;AGO
151;Angola;AGO;2007;1.311096483;Africa;AGO
152;Angola;AGO;2008;1.369424769;Africa;AGO
153;Angola;AGO;2009;1.430873373;Africa;AGO
154;Angola;AGO;2010;1.401654169;Africa;AGO
155;Angola;AGO;2011;1.35400753;Africa;AGO
156;Albania;ALB;1960;1.258194928;Europe;ALB
157;Albania;ALB;1961;1.374186047;Europe;ALB
158;Albania;ALB;1962;1.439955964;Europe;ALB
159;Albania;ALB;1963;1.181681144;Europe;ALB
160;Albania;ALB;1964;1.11174196;Europe;ALB
161;Albania;ALB;1965;1.166099043;Europe;ALB
162;Albania;ALB;1966;1.333055465;Europe;ALB
163;Albania;ALB;1967;1.3637463;Europe;ALB
164;Albania;ALB;1968;1.519551277;Europe;ALB
165;Albania;ALB;1969;1.558967572;Europe;ALB
166;Albania;ALB;1970;1.753239905;Europe;ALB
167;Albania;ALB;1971;1.989497923;Europe;ALB
168;Albania;ALB;1972;2.515914398;Europe;ALB
169;Albania;ALB;1973;2.303897417;Europe;ALB
170;Albania;ALB;1974;1.849006691;Europe;ALB
171;Albania;ALB;1975;1.910633637;Europe;ALB
172;Albania;ALB;1976;2.013584562;Europe;ALB
173;Albania;ALB;1977;2.275876391;Europe;ALB
174;Albania;ALB;1978;2.53062504;Europe;ALB
175;Albania;ALB;1979;2.898208518;Europe;ALB
176;Albania;ALB;1980;1.93505831;Europe;ALB
177;Albania;ALB;1981;2.693023914;Europe;ALB
178;Albania;ALB;1982;2.624856785;Europe;ALB
179;Albania;ALB;1983;2.683239919;Europe;ALB
180;Albania;ALB;1984;2.694291374;Europe;ALB
181;Albania;ALB;1985;2.658015382;Europe;ALB
182;Albania;ALB;1986;2.665356221;Europe;ALB
183;Albania;ALB;1987;2.414060815;Europe;ALB
184;Albania;ALB;1988;2.331598531;Europe;ALB
185;Albania;ALB;1989;2.783243075;Europe;ALB
186;Albania;ALB;1990;2.278386827;Europe;ALB
187;Albania;ALB;1991;1.215676857;Europe;ALB
188;Albania;ALB;1992;0.73519813;Europe;ALB
189;Albania;ALB;1993;0.726062789;Europe;ALB
190;Albania;ALB;1994;0.601346953;Europe;ALB
191;Albania;ALB;1995;0.654537133;Europe;ALB
192;Albania;ALB;1996;0.636625313;Europe;ALB
193;Albania;ALB;1997;0.49036506;Europe;ALB
194;Albania;ALB;1998;0.560271437;Europe;ALB
195;Albania;ALB;1999;0.960164412;Europe;ALB
196;Albania;ALB;2000;0.978174681;Europe;ALB
197;Albania;ALB;2001;1.053304176;Europe;ALB
198;Albania;ALB;2002;1.229540709;Europe;ALB
199;Albania;ALB;2003;1.412697196;Europe;ALB
200;Albania;ALB;2004;1.376212735;Europe;ALB
201;Albania;ALB;2005;1.412498211;Europe;ALB
202;Albania;ALB;2006;1.291547969;Europe;ALB
203;Albania;ALB;2007;1.507535815;Europe;ALB
204;Albania;ALB;2008;1.580113283;Europe;ALB
205;Albania;ALB;2009;1.533178094;Europe;ALB
206;Albania;ALB;2010;1.515632053;Europe;ALB
207;Albania;ALB;2011;1.60703771;Europe;ALB
243;Andorra;AND;1995;6.374494942;Europe;AND
244;Andorra;AND;1996;6.616353766;Europe;AND
245;Andorra;AND;1997;7.145696603;Europe;AND
246;Andorra;AND;1998;7.576446281;Europe;AND
247;Andorra;AND;1999;8.001433893;Europe;AND
248;Andorra;AND;2000;8.018180706;Europe;AND
249;Andorra;AND;2001;7.73765678;Europe;AND
250;Andorra;AND;2002;7.484094812;Europe;AND
251;Andorra;AND;2003;7.159140446;Europe;AND
252;Andorra;AND;2004;7.208828523;Europe;AND
253;Andorra;AND;2005;7.088127747;Europe;AND
254;Andorra;AND;2006;6.553476545;Europe;AND
255;Andorra;AND;2007;6.350868305;Europe;AND
256;Andorra;AND;2008;6.296124556;Europe;AND
257;Andorra;AND;2009;6.049172848;Europe;AND
258;Andorra;AND;2010;6.12477049;Europe;AND
259;Andorra;AND;2011;5.96868547;Europe;AND
260;United Arab Emirates;ARE;1960;0.118785902;Asia;ARE
261;United Arab Emirates;ARE;1961;0.108936971;Asia;ARE
262;United Arab Emirates;ARE;1962;0.16335531;Asia;ARE
263;United Arab Emirates;ARE;1963;0.175712369;Asia;ARE
264;United Arab Emirates;ARE;1964;0.132650846;Asia;ARE
265;United Arab Emirates;ARE;1965;0.146369696;Asia;ARE
266;United Arab Emirates;ARE;1966;0.159358568;Asia;ARE
267;United Arab Emirates;ARE;1967;5.336736892;Asia;ARE
268;United Arab Emirates;ARE;1968;6.708216413;Asia;ARE
269;United Arab Emirates;ARE;1969;99.84043878;Asia;ARE
270;United Arab Emirates;ARE;1970;64.76288896;Asia;ARE
271;United Arab Emirates;ARE;1971;76.98887556;Asia;ARE
272;United Arab Emirates;ARE;1972;72.37388334;Asia;ARE
273;United Arab Emirates;ARE;1973;80.01204473;Asia;ARE
274;United Arab Emirates;ARE;1974;69.31589696;Asia;ARE
275;United Arab Emirates;ARE;1975;58.48397881;Asia;ARE
276;United Arab Emirates;ARE;1976;63.74279762;Asia;ARE
277;United Arab Emirates;ARE;1977;53.65693112;Asia;ARE
278;United Arab Emirates;ARE;1978;54.16332122;Asia;ARE
279;United Arab Emirates;ARE;1979;39.47756127;Asia;ARE
280;United Arab Emirates;ARE;1980;36.29532578;Asia;ARE
281;United Arab Emirates;ARE;1981;33.7176354;Asia;ARE
282;United Arab Emirates;ARE;1982;31.82772295;Asia;ARE
283;United Arab Emirates;ARE;1983;29.011557;Asia;ARE
284;United Arab Emirates;ARE;1984;36.23813266;Asia;ARE
285;United Arab Emirates;ARE;1985;36.97051612;Asia;ARE
286;United Arab Emirates;ARE;1986;33.01855443;Asia;ARE
287;United Arab Emirates;ARE;1987;31.39781737;Asia;ARE
288;United Arab Emirates;ARE;1988;29.96939719;Asia;ARE
289;United Arab Emirates;ARE;1989;31.8249004;Asia;ARE
290;United Arab Emirates;ARE;1990;28.71116029;Asia;ARE
291;United Arab Emirates;ARE;1991;29.79884329;Asia;ARE
292;United Arab Emirates;ARE;1992;28.79455913;Asia;ARE
293;United Arab Emirates;ARE;1993;31.00779092;Asia;ARE
294;United Arab Emirates;ARE;1994;32.67283286;Asia;ARE
295;United Arab Emirates;ARE;1995;30.05758168;Asia;ARE
296;United Arab Emirates;ARE;1996;16.63855671;Asia;ARE
297;United Arab Emirates;ARE;1997;16.04724031;Asia;ARE
298;United Arab Emirates;ARE;1998;29.81063074;Asia;ARE
299;United Arab Emirates;ARE;1999;27.17395364;Asia;ARE
300;United Arab Emirates;ARE;2000;36.90410107;Asia;ARE
301;United Arab Emirates;ARE;2001;31.51609903;Asia;ARE
302;United Arab Emirates;ARE;2002;24.95655145;Asia;ARE
303;United Arab Emirates;ARE;2003;29.4670889;Asia;ARE
304;United Arab Emirates;ARE;2004;28.48143699;Asia;ARE
305;United Arab Emirates;ARE;2005;25.91458723;Asia;ARE
306;United Arab Emirates;ARE;2006;23.95451916;Asia;ARE
307;United Arab Emirates;ARE;2007;23.19506697;Asia;ARE
308;United Arab Emirates;ARE;2008;23.03360047;Asia;ARE
309;United Arab Emirates;ARE;2009;21.10229562;Asia;ARE
310;United Arab Emirates;ARE;2010;20.12095728;Asia;ARE
311;United Arab Emirates;ARE;2011;20.43383762;Asia;ARE
312;Argentina;ARG;1960;2.367473032;South America;ARG
313;Argentina;ARG;1961;2.442615665;South America;ARG
314;Argentina;ARG;1962;2.522392105;South America;ARG
315;Argentina;ARG;1963;2.316355797;South America;ARG
316;Argentina;ARG;1964;2.53837965;South America;ARG
317;Argentina;ARG;1965;2.641714463;South America;ARG
318;Argentina;ARG;1966;2.792653923;South America;ARG
319;Argentina;ARG;1967;2.858162546;South America;ARG
320;Argentina;ARG;1968;2.969855218;South America;ARG
321;Argentina;ARG;1969;3.275850301;South America;ARG
322;Argentina;ARG;1970;3.451159222;South America;ARG
323;Argentina;ARG;1971;3.650078169;South America;ARG
324;Argentina;ARG;1972;3.637858366;South America;ARG
325;Argentina;ARG;1973;3.730791118;South America;ARG
326;Argentina;ARG;1974;3.726699112;South America;ARG
327;Argentina;ARG;1975;3.641822498;South America;ARG
328;Argentina;ARG;1976;3.768773931;South America;ARG
329;Argentina;ARG;1977;3.749871115;South America;ARG
330;Argentina;ARG;1978;3.762750231;South America;ARG
331;Argentina;ARG;1979;3.998733697;South America;ARG
332;Argentina;ARG;1980;3.86885293;South America;ARG
333;Argentina;ARG;1981;3.574967612;South America;ARG
334;Argentina;ARG;1982;3.567086543;South America;ARG
335;Argentina;ARG;1983;3.572041973;South America;ARG
336;Argentina;ARG;1984;3.560142178;South America;ARG
337;Argentina;ARG;1985;3.310327288;South America;ARG
338;Argentina;ARG;1986;3.377245218;South America;ARG
339;Argentina;ARG;1987;3.669168725;South America;ARG
340;Argentina;ARG;1988;3.820445808;South America;ARG
341;Argentina;ARG;1989;3.629202129;South America;ARG
342;Argentina;ARG;1990;3.440710803;South America;ARG
343;Argentina;ARG;1991;3.525383685;South America;ARG
344;Argentina;ARG;1992;3.608582241;South America;ARG
345;Argentina;ARG;1993;3.477160476;South America;ARG
346;Argentina;ARG;1994;3.569365678;South America;ARG
347;Argentina;ARG;1995;3.501874849;South America;ARG
348;Argentina;ARG;1996;3.648190358;South America;ARG
349;Argentina;ARG;1997;3.758387022;South America;ARG
350;Argentina;ARG;1998;3.79878183;South America;ARG
351;Argentina;ARG;1999;3.969875863;South America;ARG
352;Argentina;ARG;2000;3.806975725;South America;ARG
353;Argentina;ARG;2001;3.539532688;South America;ARG
354;Argentina;ARG;2002;3.253312671;South America;ARG
355;Argentina;ARG;2003;3.47503504;South America;ARG
356;Argentina;ARG;2004;4.032407013;South America;ARG
357;Argentina;ARG;2005;4.111634824;South America;ARG
358;Argentina;ARG;2006;4.404525042;South America;ARG
359;Argentina;ARG;2007;4.496833655;South America;ARG
360;Argentina;ARG;2008;4.744178401;South America;ARG
361;Argentina;ARG;2009;4.427960113;South America;ARG
362;Argentina;ARG;2010;4.342272052;South America;ARG
363;Argentina;ARG;2011;4.562048512;South America;ARG
428;Armenia;ARM;1992;1.174674163;Europe;ARM
429;Armenia;ARM;1992;1.174674163;Asia;ARM
430;Armenia;ARM;1993;0.859706565;Europe;ARM
431;Armenia;ARM;1993;0.859706565;Asia;ARM
432;Armenia;ARM;1994;0.901718662;Europe;ARM
433;Armenia;ARM;1994;0.901718662;Asia;ARM
434;Armenia;ARM;1995;1.083089242;Europe;ARM
435;Armenia;ARM;1995;1.083089242;Asia;ARM
436;Armenia;ARM;1996;0.821584566;Europe;ARM
437;Armenia;ARM;1996;0.821584566;Asia;ARM
438;Armenia;ARM;1997;1.044825239;Europe;ARM
439;Armenia;ARM;1997;1.044825239;Asia;ARM
440;Armenia;ARM;1998;1.094342744;Europe;ARM
441;Armenia;ARM;1998;1.094342744;Asia;ARM
442;Armenia;ARM;1999;0.988511937;Europe;ARM
443;Armenia;ARM;1999;0.988511937;Asia;ARM
444;Armenia;ARM;2000;1.126529454;Europe;ARM
445;Armenia;ARM;2000;1.126529454;Asia;ARM
446;Armenia;ARM;2001;1.15760795;Europe;ARM
447;Armenia;ARM;2001;1.15760795;Asia;ARM
448;Armenia;ARM;2002;0.998805808;Europe;ARM
449;Armenia;ARM;2002;0.998805808;Asia;ARM
450;Armenia;ARM;2003;1.1291735;Europe;ARM
451;Armenia;ARM;2003;1.1291735;Asia;ARM
452;Armenia;ARM;2004;1.20456698;Europe;ARM
453;Armenia;ARM;2004;1.20456698;Asia;ARM
454;Armenia;ARM;2005;1.443730955;Europe;ARM
455;Armenia;ARM;2005;1.443730955;Asia;ARM
456;Armenia;ARM;2006;1.459636908;Europe;ARM
457;Armenia;ARM;2006;1.459636908;Asia;ARM
458;Armenia;ARM;2007;1.694755259;Europe;ARM
459;Armenia;ARM;2007;1.694755259;Asia;ARM
460;Armenia;ARM;2008;1.868611029;Europe;ARM
461;Armenia;ARM;2008;1.868611029;Asia;ARM
462;Armenia;ARM;2009;1.469960972;Europe;ARM
463;Armenia;ARM;2009;1.469960972;Asia;ARM
464;Armenia;ARM;2010;1.422998378;Europe;ARM
465;Armenia;ARM;2010;1.422998378;Asia;ARM
466;Armenia;ARM;2011;1.671656923;Europe;ARM
467;Armenia;ARM;2011;1.671656923;Asia;ARM
520;Antigua and Barbuda;ATG;1960;0.67061685;North America;ATG
521;Antigua and Barbuda;ATG;1961;0.86044077;North America;ATG
522;Antigua and Barbuda;ATG;1962;1.823373764;North America;ATG
523;Antigua and Barbuda;ATG;1963;1.47017501;North America;ATG
524;Antigua and Barbuda;ATG;1964;1.567094017;North America;ATG
525;Antigua and Barbuda;ATG;1965;2.520359412;North America;ATG
526;Antigua and Barbuda;ATG;1966;5.727991713;North America;ATG
527;Antigua and Barbuda;ATG;1967;9.10806103;North America;ATG
528;Antigua and Barbuda;ATG;1968;15.67193238;North America;ATG
529;Antigua and Barbuda;ATG;1969;19.55900602;North America;ATG
530;Antigua and Barbuda;ATG;1970;7.068212761;North America;ATG
531;Antigua and Barbuda;ATG;1971;6.412192107;North America;ATG
532;Antigua and Barbuda;ATG;1972;5.565568038;North America;ATG
533;Antigua and Barbuda;ATG;1973;4.855381628;North America;ATG
534;Antigua and Barbuda;ATG;1974;6.249202534;North America;ATG
535;Antigua and Barbuda;ATG;1975;10.21949952;North America;ATG
536;Antigua and Barbuda;ATG;1976;5.780430484;North America;ATG
537;Antigua and Barbuda;ATG;1977;6.631858508;North America;ATG
538;Antigua and Barbuda;ATG;1978;6.969109888;North America;ATG
539;Antigua and Barbuda;ATG;1979;5.769237311;North America;ATG
540;Antigua and Barbuda;ATG;1980;2.034295387;North America;ATG
541;Antigua and Barbuda;ATG;1981;1.524630824;North America;ATG
542;Antigua and Barbuda;ATG;1982;4.254677302;North America;ATG
543;Antigua and Barbuda;ATG;1983;1.24107537;North America;ATG
544;Antigua and Barbuda;ATG;1984;2.193739437;North America;ATG
545;Antigua and Barbuda;ATG;1985;3.792832806;North America;ATG
546;Antigua and Barbuda;ATG;1986;3.859701262;North America;ATG
547;Antigua and Barbuda;ATG;1987;4.332193939;North America;ATG
548;Antigua and Barbuda;ATG;1988;4.57363523;North America;ATG
549;Antigua and Barbuda;ATG;1989;4.615779366;North America;ATG
550;Antigua and Barbuda;ATG;1990;4.85726747;North America;ATG
551;Antigua and Barbuda;ATG;1991;4.641623406;North America;ATG
552;Antigua and Barbuda;ATG;1992;4.566841126;North America;ATG
553;Antigua and Barbuda;ATG;1993;4.692005303;North America;ATG
554;Antigua and Barbuda;ATG;1994;4.683621337;North America;ATG
555;Antigua and Barbuda;ATG;1995;4.721298044;North America;ATG
556;Antigua and Barbuda;ATG;1996;4.593864332;North America;ATG
557;Antigua and Barbuda;ATG;1997;4.670561524;North America;ATG
558;Antigua and Barbuda;ATG;1998;4.49690052;North America;ATG
559;Antigua and Barbuda;ATG;1999;4.581278521;North America;ATG
560;Antigua and Barbuda;ATG;2000;4.439238615;North America;ATG
561;Antigua and Barbuda;ATG;2001;4.364812845;North America;ATG
562;Antigua and Barbuda;ATG;2002;4.536211421;North America;ATG
563;Antigua and Barbuda;ATG;2003;4.804484327;North America;ATG
564;Antigua and Barbuda;ATG;2004;4.980995619;North America;ATG
565;Antigua and Barbuda;ATG;2005;4.974311149;North America;ATG
566;Antigua and Barbuda;ATG;2006;5.096289552;North America;ATG
567;Antigua and Barbuda;ATG;2007;5.561524699;North America;ATG
568;Antigua and Barbuda;ATG;2008;5.628318688;North America;ATG
569;Antigua and Barbuda;ATG;2009;5.906292005;North America;ATG
570;Antigua and Barbuda;ATG;2010;6.011268671;North America;ATG
571;Antigua and Barbuda;ATG;2011;5.823804338;North America;ATG
572;Australia;AUS;1960;8.582936643;Oceania;AUS
573;Australia;AUS;1961;8.641569017;Oceania;AUS
574;Australia;AUS;1962;8.835688047;Oceania;AUS
575;Australia;AUS;1963;9.226439909;Oceania;AUS
576;Australia;AUS;1964;9.759073431;Oceania;AUS
577;Australia;AUS;1965;10.62232139;Oceania;AUS
578;Australia;AUS;1966;10.32809244;Oceania;AUS
579;Australia;AUS;1967;10.9556248;Oceania;AUS
580;Australia;AUS;1968;11.21016771;Oceania;AUS
581;Australia;AUS;1969;11.60055435;Oceania;AUS
582;Australia;AUS;1970;11.80289054;Oceania;AUS
583;Australia;AUS;1971;11.80911757;Oceania;AUS
584;Australia;AUS;1972;11.95163155;Oceania;AUS
585;Australia;AUS;1973;12.77968685;Oceania;AUS
586;Australia;AUS;1974;12.55966873;Oceania;AUS
587;Australia;AUS;1975;12.65989981;Oceania;AUS
588;Australia;AUS;1976;12.41679178;Oceania;AUS
589;Australia;AUS;1977;13.23189614;Oceania;AUS
590;Australia;AUS;1978;14.06985862;Oceania;AUS
591;Australia;AUS;1979;14.12909198;Oceania;AUS
592;Australia;AUS;1980;15.02491601;Oceania;AUS
593;Australia;AUS;1981;15.43250084;Oceania;AUS
594;Australia;AUS;1982;15.42493181;Oceania;AUS
595;Australia;AUS;1983;14.64008413;Oceania;AUS
596;Australia;AUS;1984;15.2209753;Oceania;AUS
597;Australia;AUS;1985;15.3084102;Oceania;AUS
598;Australia;AUS;1986;14.98057315;Oceania;AUS
599;Australia;AUS;1987;15.7469578;Oceania;AUS
600;Australia;AUS;1988;15.79616778;Oceania;AUS
601;Australia;AUS;1989;16.51986292;Oceania;AUS
602;Australia;AUS;1990;15.46126211;Oceania;AUS
603;Australia;AUS;1991;15.13390673;Oceania;AUS
604;Australia;AUS;1992;15.32258937;Oceania;AUS
605;Australia;AUS;1993;15.70601817;Oceania;AUS
606;Australia;AUS;1994;15.58130994;Oceania;AUS
607;Australia;AUS;1995;15.60098285;Oceania;AUS
608;Australia;AUS;1996;16.5060059;Oceania;AUS
609;Australia;AUS;1997;16.51664962;Oceania;AUS
610;Australia;AUS;1998;16.94000743;Oceania;AUS
611;Australia;AUS;1999;17.19223523;Oceania;AUS
612;Australia;AUS;2000;17.20252441;Oceania;AUS
613;Australia;AUS;2001;16.73506748;Oceania;AUS
614;Australia;AUS;2002;17.3723178;Oceania;AUS
615;Australia;AUS;2003;16.90619817;Oceania;AUS
616;Australia;AUS;2004;17.03034133;Oceania;AUS
617;Australia;AUS;2005;17.17438627;Oceania;AUS
618;Australia;AUS;2006;17.29387382;Oceania;AUS
619;Australia;AUS;2007;17.46700225;Oceania;AUS
620;Australia;AUS;2008;17.70407968;Oceania;AUS
621;Australia;AUS;2009;17.63183305;Oceania;AUS
622;Australia;AUS;2010;16.71090435;Oceania;AUS
623;Australia;AUS;2011;16.51920992;Oceania;AUS
624;Austria;AUT;1960;4.373318828;Europe;AUT
625;Austria;AUT;1961;4.496361641;Europe;AUT
626;Austria;AUT;1962;4.755361673;Europe;AUT
627;Austria;AUT;1963;5.155193747;Europe;AUT
628;Austria;AUT;1964;5.391003988;Europe;AUT
629;Austria;AUT;1965;5.252196533;Europe;AUT
630;Austria;AUT;1966;5.361724683;Europe;AUT
631;Austria;AUT;1967;5.417736727;Europe;AUT
632;Austria;AUT;1968;5.711110104;Europe;AUT
633;Austria;AUT;1969;6.006325178;Europe;AUT
634;Austria;AUT;1970;6.788807307;Europe;AUT
635;Austria;AUT;1971;6.953651912;Europe;AUT
636;Austria;AUT;1972;7.448516814;Europe;AUT
637;Austria;AUT;1973;7.930866985;Europe;AUT
638;Austria;AUT;1974;7.562697278;Europe;AUT
639;Austria;AUT;1975;7.176844855;Europe;AUT
640;Austria;AUT;1976;7.721250012;Europe;AUT
641;Austria;AUT;1977;7.428063284;Europe;AUT
642;Austria;AUT;1978;7.601371804;Europe;AUT
643;Austria;AUT;1979;8.158846402;Europe;AUT
644;Austria;AUT;1980;6.928479;Europe;AUT
645;Austria;AUT;1981;7.416160614;Europe;AUT
646;Austria;AUT;1982;7.112124941;Europe;AUT
647;Austria;AUT;1983;6.874373273;Europe;AUT
648;Austria;AUT;1984;7.214278667;Europe;AUT
649;Austria;AUT;1985;7.230766353;Europe;AUT
650;Austria;AUT;1986;7.144304852;Europe;AUT
651;Austria;AUT;1987;7.623419815;Europe;AUT
652;Austria;AUT;1988;7.032030698;Europe;AUT
653;Austria;AUT;1989;7.102448997;Europe;AUT
654;Austria;AUT;1990;7.518022233;Europe;AUT
655;Austria;AUT;1991;7.94835195;Europe;AUT
656;Austria;AUT;1992;7.229977927;Europe;AUT
657;Austria;AUT;1993;7.227191928;Europe;AUT
658;Austria;AUT;1994;7.194347413;Europe;AUT
659;Austria;AUT;1995;7.527052401;Europe;AUT
660;Austria;AUT;1996;7.943997858;Europe;AUT
661;Austria;AUT;1997;7.869650771;Europe;AUT
662;Austria;AUT;1998;7.987899893;Europe;AUT
663;Austria;AUT;1999;7.747095213;Europe;AUT
664;Austria;AUT;2000;7.762359194;Europe;AUT
665;Austria;AUT;2001;8.180002892;Europe;AUT
666;Austria;AUT;2002;8.287318901;Europe;AUT
667;Austria;AUT;2003;8.874662113;Europe;AUT
668;Austria;AUT;2004;8.844004368;Europe;AUT
669;Austria;AUT;2005;9.027746201;Europe;AUT
670;Austria;AUT;2006;8.733506631;Europe;AUT
671;Austria;AUT;2007;8.405092793;Europe;AUT
672;Austria;AUT;2008;8.262046031;Europe;AUT
673;Austria;AUT;2009;7.608851293;Europe;AUT
674;Austria;AUT;2010;8.127692863;Europe;AUT
675;Austria;AUT;2011;7.769983423;Europe;AUT
740;Azerbaijan;AZE;1992;7.813362639;Europe;AZE
741;Azerbaijan;AZE;1992;7.813362639;Asia;AZE
742;Azerbaijan;AZE;1993;6.586411474;Europe;AZE
743;Azerbaijan;AZE;1993;6.586411474;Asia;AZE
744;Azerbaijan;AZE;1994;5.617069764;Europe;AZE
745;Azerbaijan;AZE;1994;5.617069764;Asia;AZE
746;Azerbaijan;AZE;1995;4.356500976;Europe;AZE
747;Azerbaijan;AZE;1995;4.356500976;Asia;AZE
748;Azerbaijan;AZE;1996;4.059066212;Europe;AZE
749;Azerbaijan;AZE;1996;4.059066212;Asia;AZE
750;Azerbaijan;AZE;1997;3.803022741;Europe;AZE
751;Azerbaijan;AZE;1997;3.803022741;Asia;AZE
752;Azerbaijan;AZE;1998;4.00297561;Europe;AZE
753;Azerbaijan;AZE;1998;4.00297561;Asia;AZE
754;Azerbaijan;AZE;1999;3.579835395;Europe;AZE
755;Azerbaijan;AZE;1999;3.579835395;Asia;AZE
756;Azerbaijan;AZE;2000;3.666271029;Europe;AZE
757;Azerbaijan;AZE;2000;3.666271029;Asia;AZE
758;Azerbaijan;AZE;2001;3.547105484;Europe;AZE
759;Azerbaijan;AZE;2001;3.547105484;Asia;AZE
760;Azerbaijan;AZE;2002;3.623944346;Europe;AZE
761;Azerbaijan;AZE;2002;3.623944346;Asia;AZE
762;Azerbaijan;AZE;2003;3.718169927;Europe;AZE
763;Azerbaijan;AZE;2003;3.718169927;Asia;AZE
764;Azerbaijan;AZE;2004;3.863229639;Europe;AZE
765;Azerbaijan;AZE;2004;3.863229639;Asia;AZE
766;Azerbaijan;AZE;2005;4.091801927;Europe;AZE
767;Azerbaijan;AZE;2005;4.091801927;Asia;AZE
768;Azerbaijan;AZE;2006;4.616299863;Europe;AZE
769;Azerbaijan;AZE;2006;4.616299863;Asia;AZE
770;Azerbaijan;AZE;2007;3.5553401;Europe;AZE
771;Azerbaijan;AZE;2007;3.5553401;Asia;AZE
772;Azerbaijan;AZE;2008;4.051383481;Europe;AZE
773;Azerbaijan;AZE;2008;4.051383481;Asia;AZE
774;Azerbaijan;AZE;2009;3.565668218;Europe;AZE
775;Azerbaijan;AZE;2009;3.565668218;Asia;AZE
776;Azerbaijan;AZE;2010;3.388225879;Europe;AZE
777;Azerbaijan;AZE;2010;3.388225879;Asia;AZE
778;Azerbaijan;AZE;2011;3.647379147;Europe;AZE
779;Azerbaijan;AZE;2011;3.647379147;Asia;AZE
782;Burundi;BDI;1962;0.015202573;Africa;BDI
783;Burundi;BDI;1963;0.016154716;Africa;BDI
784;Burundi;BDI;1964;0.015827251;Africa;BDI
785;Burundi;BDI;1965;0.011909579;Africa;BDI
786;Burundi;BDI;1966;0.015115038;Africa;BDI
787;Burundi;BDI;1967;0.014735443;Africa;BDI
788;Burundi;BDI;1968;0.016581181;Africa;BDI
789;Burundi;BDI;1969;0.021615415;Africa;BDI
790;Burundi;BDI;1970;0.018032098;Africa;BDI
791;Burundi;BDI;1971;0.020908925;Africa;BDI
792;Burundi;BDI;1972;0.020674675;Africa;BDI
793;Burundi;BDI;1973;0.020469155;Africa;BDI
794;Burundi;BDI;1974;0.02529766;Africa;BDI
795;Burundi;BDI;1975;0.020942939;Africa;BDI
796;Burundi;BDI;1976;0.023502041;Africa;BDI
797;Burundi;BDI;1977;0.025881431;Africa;BDI
798;Burundi;BDI;1978;0.026207124;Africa;BDI
799;Burundi;BDI;1979;0.027372978;Africa;BDI
800;Burundi;BDI;1980;0.035545483;Africa;BDI
801;Burundi;BDI;1981;0.037191783;Africa;BDI
802;Burundi;BDI;1982;0.036172651;Africa;BDI
803;Burundi;BDI;1983;0.045769938;Africa;BDI
804;Burundi;BDI;1984;0.047575832;Africa;BDI
805;Burundi;BDI;1985;0.048388881;Africa;BDI
806;Burundi;BDI;1986;0.049027749;Africa;BDI
807;Burundi;BDI;1987;0.052400265;Africa;BDI
808;Burundi;BDI;1988;0.048577138;Africa;BDI
809;Burundi;BDI;1989;0.055127945;Africa;BDI
810;Burundi;BDI;1990;0.052263073;Africa;BDI
811;Burundi;BDI;1991;0.058575946;Africa;BDI
812;Burundi;BDI;1992;0.052251256;Africa;BDI
813;Burundi;BDI;1993;0.054214014;Africa;BDI
814;Burundi;BDI;1994;0.054400843;Africa;BDI
815;Burundi;BDI;1995;0.051722143;Africa;BDI
816;Burundi;BDI;1996;0.05037235;Africa;BDI
817;Burundi;BDI;1997;0.047405324;Africa;BDI
818;Burundi;BDI;1998;0.045049693;Africa;BDI
819;Burundi;BDI;1999;0.043182164;Africa;BDI
820;Burundi;BDI;2000;0.042809203;Africa;BDI
821;Burundi;BDI;2001;0.029561001;Africa;BDI
822;Burundi;BDI;2002;0.029705089;Africa;BDI
823;Burundi;BDI;2003;0.021800204;Africa;BDI
824;Burundi;BDI;2004;0.025845471;Africa;BDI
825;Burundi;BDI;2005;0.019411377;Africa;BDI
826;Burundi;BDI;2006;0.022756803;Africa;BDI
827;Burundi;BDI;2007;0.02196433;Africa;BDI
828;Burundi;BDI;2008;0.021615102;Africa;BDI
829;Burundi;BDI;2009;0.020867637;Africa;BDI
830;Burundi;BDI;2010;0.020542078;Africa;BDI
831;Burundi;BDI;2011;0.021349926;Africa;BDI
832;Belgium;BEL;1960;9.941594074;Europe;BEL
833;Belgium;BEL;1961;10.10387199;Europe;BEL
834;Belgium;BEL;1962;10.64118963;Europe;BEL
835;Belgium;BEL;1963;11.38692874;Europe;BEL
836;Belgium;BEL;1964;11.05365472;Europe;BEL
837;Belgium;BEL;1965;11.14165555;Europe;BEL
838;Belgium;BEL;1966;11.04201943;Europe;BEL
839;Belgium;BEL;1967;11.21725675;Europe;BEL
840;Belgium;BEL;1968;12.32568713;Europe;BEL
841;Belgium;BEL;1969;12.81544961;Europe;BEL
842;Belgium;BEL;1970;13.01017881;Europe;BEL
843;Belgium;BEL;1971;12.56342518;Europe;BEL
844;Belgium;BEL;1972;13.47269526;Europe;BEL
845;Belgium;BEL;1973;14.2554864;Europe;BEL
846;Belgium;BEL;1974;13.83696555;Europe;BEL
847;Belgium;BEL;1975;12.4583039;Europe;BEL
848;Belgium;BEL;1976;13.24167979;Europe;BEL
849;Belgium;BEL;1977;12.87543872;Europe;BEL
850;Belgium;BEL;1978;13.80705794;Europe;BEL
851;Belgium;BEL;1979;14.23923382;Europe;BEL
852;Belgium;BEL;1980;13.72329627;Europe;BEL
853;Belgium;BEL;1981;12.57955507;Europe;BEL
854;Belgium;BEL;1982;11.92668478;Europe;BEL
855;Belgium;BEL;1983;10.31207942;Europe;BEL
856;Belgium;BEL;1984;10.69696639;Europe;BEL
857;Belgium;BEL;1985;10.59744025;Europe;BEL
858;Belgium;BEL;1986;10.43154171;Europe;BEL
859;Belgium;BEL;1987;10.44717278;Europe;BEL
860;Belgium;BEL;1988;10.13514385;Europe;BEL
861;Belgium;BEL;1989;10.81351494;Europe;BEL
862;Belgium;BEL;1990;10.63967167;Europe;BEL
863;Belgium;BEL;1991;11.09099988;Europe;BEL
864;Belgium;BEL;1992;11.14648251;Europe;BEL
865;Belgium;BEL;1993;10.67503455;Europe;BEL
866;Belgium;BEL;1994;11.1051094;Europe;BEL
867;Belgium;BEL;1995;11.08115205;Europe;BEL
868;Belgium;BEL;1996;11.62383425;Europe;BEL
869;Belgium;BEL;1997;11.32885202;Europe;BEL
870;Belgium;BEL;1998;11.60191455;Europe;BEL
871;Belgium;BEL;1999;11.25370748;Europe;BEL
872;Belgium;BEL;2000;11.20784724;Europe;BEL
873;Belgium;BEL;2001;11.11303943;Europe;BEL
874;Belgium;BEL;2002;10.36491149;Europe;BEL
875;Belgium;BEL;2003;11.04114741;Europe;BEL
876;Belgium;BEL;2004;10.64264053;Europe;BEL
877;Belgium;BEL;2005;10.33509584;Europe;BEL
878;Belgium;BEL;2006;10.12287933;Europe;BEL
879;Belgium;BEL;2007;9.71371759;Europe;BEL
880;Belgium;BEL;2008;9.699598963;Europe;BEL
881;Belgium;BEL;2009;9.634775755;Europe;BEL
882;Belgium;BEL;2010;10.01260969;Europe;BEL
883;Belgium;BEL;2011;8.849398302;Europe;BEL
884;Benin;BEN;1960;0.066354118;Africa;BEN
885;Benin;BEN;1961;0.052045781;Africa;BEN
886;Benin;BEN;1962;0.054201528;Africa;BEN
887;Benin;BEN;1963;0.047579654;Africa;BEN
888;Benin;BEN;1964;0.055295044;Africa;BEN
889;Benin;BEN;1965;0.057114908;Africa;BEN
890;Benin;BEN;1966;0.042394929;Africa;BEN
891;Benin;BEN;1967;0.052319596;Africa;BEN
892;Benin;BEN;1968;0.055230835;Africa;BEN
893;Benin;BEN;1969;0.070849897;Africa;BEN
894;Benin;BEN;1970;0.097105031;Africa;BEN
895;Benin;BEN;1971;0.0987099;Africa;BEN
896;Benin;BEN;1972;0.127891949;Africa;BEN
897;Benin;BEN;1973;0.122623449;Africa;BEN
898;Benin;BEN;1974;0.127816295;Africa;BEN
899;Benin;BEN;1975;0.135983014;Africa;BEN
900;Benin;BEN;1976;0.077823023;Africa;BEN
901;Benin;BEN;1977;0.086539722;Africa;BEN
902;Benin;BEN;1978;0.103038654;Africa;BEN
903;Benin;BEN;1979;0.101340082;Africa;BEN
904;Benin;BEN;1980;0.139064998;Africa;BEN
905;Benin;BEN;1981;0.112249052;Africa;BEN
906;Benin;BEN;1982;0.127787747;Africa;BEN
907;Benin;BEN;1983;0.114215524;Africa;BEN
908;Benin;BEN;1984;0.123291053;Africa;BEN
909;Benin;BEN;1985;0.173630822;Africa;BEN
910;Benin;BEN;1986;0.15699872;Africa;BEN
911;Benin;BEN;1987;0.118573004;Africa;BEN
912;Benin;BEN;1988;0.119745164;Africa;BEN
913;Benin;BEN;1989;0.132690892;Africa;BEN
914;Benin;BEN;1990;0.142976655;Africa;BEN
915;Benin;BEN;1991;0.159910854;Africa;BEN
916;Benin;BEN;1992;0.168410364;Africa;BEN
917;Benin;BEN;1993;0.202977024;Africa;BEN
918;Benin;BEN;1994;0.218621053;Africa;BEN
919;Benin;BEN;1995;0.221772443;Africa;BEN
920;Benin;BEN;1996;0.204833203;Africa;BEN
921;Benin;BEN;1997;0.191382863;Africa;BEN
922;Benin;BEN;1998;0.185408737;Africa;BEN
923;Benin;BEN;1999;0.231754927;Africa;BEN
924;Benin;BEN;2000;0.230065879;Africa;BEN
925;Benin;BEN;2001;0.252987807;Africa;BEN
926;Benin;BEN;2002;0.280412783;Africa;BEN
927;Benin;BEN;2003;0.307110875;Africa;BEN
928;Benin;BEN;2004;0.316583691;Africa;BEN
929;Benin;BEN;2005;0.292647893;Africa;BEN
930;Benin;BEN;2006;0.458607507;Africa;BEN
931;Benin;BEN;2007;0.516298739;Africa;BEN
932;Benin;BEN;2008;0.500183373;Africa;BEN
933;Benin;BEN;2009;0.514277812;Africa;BEN
934;Benin;BEN;2010;0.541771234;Africa;BEN
935;Benin;BEN;2011;0.509962226;Africa;BEN
936;Burkina Faso;BFA;1960;0.009111897;Africa;BFA
937;Burkina Faso;BFA;1961;0.018729909;Africa;BFA
938;Burkina Faso;BFA;1962;0.01700312;Africa;BFA
939;Burkina Faso;BFA;1963;0.017504214;Africa;BFA
940;Burkina Faso;BFA;1964;0.021575276;Africa;BFA
941;Burkina Faso;BFA;1965;0.019841275;Africa;BFA
942;Burkina Faso;BFA;1966;0.019533659;Africa;BFA
943;Burkina Faso;BFA;1967;0.019216847;Africa;BFA
944;Burkina Faso;BFA;1968;0.018894966;Africa;BFA
945;Burkina Faso;BFA;1969;0.021889876;Africa;BFA
946;Burkina Faso;BFA;1970;0.025426355;Africa;BFA
947;Burkina Faso;BFA;1971;0.026268923;Africa;BFA
948;Burkina Faso;BFA;1972;0.027698414;Africa;BFA
949;Burkina Faso;BFA;1973;0.028443195;Africa;BFA
950;Burkina Faso;BFA;1974;0.033998428;Africa;BFA
951;Burkina Faso;BFA;1975;0.035749173;Africa;BFA
952;Burkina Faso;BFA;1976;0.033314914;Africa;BFA
953;Burkina Faso;BFA;1977;0.038968347;Africa;BFA
954;Burkina Faso;BFA;1978;0.053341694;Africa;BFA
955;Burkina Faso;BFA;1979;0.061009863;Africa;BFA
956;Burkina Faso;BFA;1980;0.063420218;Africa;BFA
957;Burkina Faso;BFA;1981;0.079795475;Africa;BFA
958;Burkina Faso;BFA;1982;0.080427272;Africa;BFA
959;Burkina Faso;BFA;1983;0.080923788;Africa;BFA
960;Burkina Faso;BFA;1984;0.061836929;Africa;BFA
961;Burkina Faso;BFA;1985;0.061686779;Africa;BFA
962;Burkina Faso;BFA;1986;0.060571905;Africa;BFA
963;Burkina Faso;BFA;1987;0.063518694;Africa;BFA
964;Burkina Faso;BFA;1988;0.06626337;Africa;BFA
965;Burkina Faso;BFA;1989;0.095737151;Africa;BFA
966;Burkina Faso;BFA;1990;0.066589241;Africa;BFA
967;Burkina Faso;BFA;1991;0.069287377;Africa;BFA
968;Burkina Faso;BFA;1992;0.067840823;Africa;BFA
969;Burkina Faso;BFA;1993;0.06564342;Africa;BFA
970;Burkina Faso;BFA;1994;0.065745056;Africa;BFA
971;Burkina Faso;BFA;1995;0.062147146;Africa;BFA
972;Burkina Faso;BFA;1996;0.068229445;Africa;BFA
973;Burkina Faso;BFA;1997;0.075638155;Africa;BFA
974;Burkina Faso;BFA;1998;0.07856119;Africa;BFA
975;Burkina Faso;BFA;1999;0.082550446;Africa;BFA
976;Burkina Faso;BFA;2000;0.089716835;Africa;BFA
977;Burkina Faso;BFA;2001;0.08351019;Africa;BFA
978;Burkina Faso;BFA;2002;0.081747564;Africa;BFA
979;Burkina Faso;BFA;2003;0.085214387;Africa;BFA
980;Burkina Faso;BFA;2004;0.084722421;Africa;BFA
981;Burkina Faso;BFA;2005;0.083875351;Africa;BFA
982;Burkina Faso;BFA;2006;0.098340164;Africa;BFA
983;Burkina Faso;BFA;2007;0.115429246;Africa;BFA
984;Burkina Faso;BFA;2008;0.115427271;Africa;BFA
985;Burkina Faso;BFA;2009;0.109774087;Africa;BFA
986;Burkina Faso;BFA;2010;0.1076731;Africa;BFA
987;Burkina Faso;BFA;2011;0.11998056;Africa;BFA
1000;Bangladesh;BGD;1972;0.05192953;Asia;BGD
1001;Bangladesh;BGD;1973;0.066334334;Asia;BGD
1002;Bangladesh;BGD;1974;0.066736729;Asia;BGD
1003;Bangladesh;BGD;1975;0.068350464;Asia;BGD
1004;Bangladesh;BGD;1976;0.076376762;Asia;BGD
1005;Bangladesh;BGD;1977;0.077652827;Asia;BGD
1006;Bangladesh;BGD;1978;0.078202389;Asia;BGD
1007;Bangladesh;BGD;1979;0.08400439;Asia;BGD
1008;Bangladesh;BGD;1980;0.093878675;Asia;BGD
1009;Bangladesh;BGD;1981;0.09487752;Asia;BGD
1010;Bangladesh;BGD;1982;0.100143152;Asia;BGD
1011;Bangladesh;BGD;1983;0.093399511;Asia;BGD
1012;Bangladesh;BGD;1984;0.10074583;Asia;BGD
1013;Bangladesh;BGD;1985;0.110031468;Asia;BGD
1014;Bangladesh;BGD;1986;0.11996804;Asia;BGD
1015;Bangladesh;BGD;1987;0.120864332;Asia;BGD
1016;Bangladesh;BGD;1988;0.134411176;Asia;BGD
1017;Bangladesh;BGD;1989;0.130117492;Asia;BGD
1018;Bangladesh;BGD;1990;0.14656494;Asia;BGD
1019;Bangladesh;BGD;1991;0.146903476;Asia;BGD
1020;Bangladesh;BGD;1992;0.159912482;Asia;BGD
1021;Bangladesh;BGD;1993;0.153445767;Asia;BGD
1022;Bangladesh;BGD;1994;0.163650969;Asia;BGD
1023;Bangladesh;BGD;1995;0.192658144;Asia;BGD
1024;Bangladesh;BGD;1996;0.198614945;Asia;BGD
1025;Bangladesh;BGD;1997;0.202825216;Asia;BGD
1026;Bangladesh;BGD;1998;0.190602088;Asia;BGD
1027;Bangladesh;BGD;1999;0.196015725;Asia;BGD
1028;Bangladesh;BGD;2000;0.212287044;Asia;BGD
1029;Bangladesh;BGD;2001;0.242619016;Asia;BGD
1030;Bangladesh;BGD;2002;0.247430419;Asia;BGD
1031;Bangladesh;BGD;2003;0.24446636;Asia;BGD
1032;Bangladesh;BGD;2004;0.282229562;Asia;BGD
1033;Bangladesh;BGD;2005;0.262742269;Asia;BGD
1034;Bangladesh;BGD;2006;0.332345776;Asia;BGD
1035;Bangladesh;BGD;2007;0.319840389;Asia;BGD
1036;Bangladesh;BGD;2008;0.334439662;Asia;BGD
1037;Bangladesh;BGD;2009;0.352155282;Asia;BGD
1038;Bangladesh;BGD;2010;0.370359878;Asia;BGD
1039;Bangladesh;BGD;2011;0.372017166;Asia;BGD
1040;Bulgaria;BGR;1960;2.833901121;Europe;BGR
1041;Bulgaria;BGR;1961;3.269920074;Europe;BGR
1042;Bulgaria;BGR;1962;3.835891818;Europe;BGR
1043;Bulgaria;BGR;1963;4.259780927;Europe;BGR
1044;Bulgaria;BGR;1964;5.262987916;Europe;BGR
1045;Bulgaria;BGR;1965;5.645651942;Europe;BGR
1046;Bulgaria;BGR;1966;5.905436715;Europe;BGR
1047;Bulgaria;BGR;1967;6.638369161;Europe;BGR
1048;Bulgaria;BGR;1968;7.112214403;Europe;BGR
1049;Bulgaria;BGR;1969;7.869932816;Europe;BGR
1050;Bulgaria;BGR;1970;7.213424372;Europe;BGR
1051;Bulgaria;BGR;1971;7.532552676;Europe;BGR
1052;Bulgaria;BGR;1972;7.715656701;Europe;BGR
1053;Bulgaria;BGR;1973;7.983550221;Europe;BGR
1054;Bulgaria;BGR;1974;8.210958036;Europe;BGR
1055;Bulgaria;BGR;1975;8.377877479;Europe;BGR
1056;Bulgaria;BGR;1976;8.347946173;Europe;BGR
1057;Bulgaria;BGR;1977;8.628766462;Europe;BGR
1058;Bulgaria;BGR;1978;9.236529547;Europe;BGR
1059;Bulgaria;BGR;1979;8.968132006;Europe;BGR
1060;Bulgaria;BGR;1980;8.744238667;Europe;BGR
1061;Bulgaria;BGR;1981;9.03643153;Europe;BGR
1062;Bulgaria;BGR;1982;10.10727531;Europe;BGR
1063;Bulgaria;BGR;1983;10.10833662;Europe;BGR
1064;Bulgaria;BGR;1984;9.749961471;Europe;BGR
1065;Bulgaria;BGR;1985;9.992783476;Europe;BGR
1066;Bulgaria;BGR;1986;10.21729994;Europe;BGR
1067;Bulgaria;BGR;1987;10.214134;Europe;BGR
1068;Bulgaria;BGR;1988;9.718843491;Europe;BGR
1069;Bulgaria;BGR;1989;9.771261867;Europe;BGR
1070;Bulgaria;BGR;1990;8.690224309;Europe;BGR
1071;Bulgaria;BGR;1991;6.73939778;Europe;BGR
1072;Bulgaria;BGR;1992;6.376764779;Europe;BGR
1073;Bulgaria;BGR;1993;8.035332854;Europe;BGR
1074;Bulgaria;BGR;1994;6.436235483;Europe;BGR
1075;Bulgaria;BGR;1995;6.900326395;Europe;BGR
1076;Bulgaria;BGR;1996;6.763241038;Europe;BGR
1077;Bulgaria;BGR;1997;6.209849583;Europe;BGR
1078;Bulgaria;BGR;1998;5.934325293;Europe;BGR
1079;Bulgaria;BGR;1999;5.356718076;Europe;BGR
1080;Bulgaria;BGR;2000;5.328034342;Europe;BGR
1081;Bulgaria;BGR;2001;5.792010306;Europe;BGR
1082;Bulgaria;BGR;2002;5.672606662;Europe;BGR
1083;Bulgaria;BGR;2003;6.046861677;Europe;BGR
1084;Bulgaria;BGR;2004;6.012888437;Europe;BGR
1085;Bulgaria;BGR;2005;6.18991912;Europe;BGR
1086;Bulgaria;BGR;2006;6.357101164;Europe;BGR
1087;Bulgaria;BGR;2007;6.916687364;Europe;BGR
1088;Bulgaria;BGR;2008;6.778939404;Europe;BGR
1089;Bulgaria;BGR;2009;5.729715977;Europe;BGR
1090;Bulgaria;BGR;2010;5.966883548;Europe;BGR
1091;Bulgaria;BGR;2011;6.71438251;Europe;BGR
1092;Bahrain;BHR;1960;3.542864352;Asia;BHR
1093;Bahrain;BHR;1961;10.54739644;Asia;BHR
1094;Bahrain;BHR;1962;9.193608577;Asia;BHR
1095;Bahrain;BHR;1963;6.714155733;Asia;BHR
1096;Bahrain;BHR;1964;8.747480495;Asia;BHR
1097;Bahrain;BHR;1965;6.557022226;Asia;BHR
1098;Bahrain;BHR;1966;3.384358282;Asia;BHR
1099;Bahrain;BHR;1967;5.121012421;Asia;BHR
1100;Bahrain;BHR;1968;5.492662463;Asia;BHR
1101;Bahrain;BHR;1969;6.162905812;Asia;BHR
1102;Bahrain;BHR;1970;12.16585954;Asia;BHR
1103;Bahrain;BHR;1971;13.76735897;Asia;BHR
1104;Bahrain;BHR;1972;16.03597749;Asia;BHR
1105;Bahrain;BHR;1973;23.02385558;Asia;BHR
1106;Bahrain;BHR;1974;21.43721519;Asia;BHR
1107;Bahrain;BHR;1975;21.57414712;Asia;BHR
1108;Bahrain;BHR;1976;23.16397093;Asia;BHR
1109;Bahrain;BHR;1977;24.63321967;Asia;BHR
1110;Bahrain;BHR;1978;24.00754843;Asia;BHR
1111;Bahrain;BHR;1979;23.72438154;Asia;BHR
1112;Bahrain;BHR;1980;21.9162911;Asia;BHR
1113;Bahrain;BHR;1981;22.78857334;Asia;BHR
1114;Bahrain;BHR;1982;25.49180205;Asia;BHR
1115;Bahrain;BHR;1983;20.75623728;Asia;BHR
1116;Bahrain;BHR;1984;22.61128915;Asia;BHR
1117;Bahrain;BHR;1985;24.30532276;Asia;BHR
1118;Bahrain;BHR;1986;25.4033016;Asia;BHR
1119;Bahrain;BHR;1987;25.4569972;Asia;BHR
1120;Bahrain;BHR;1988;26.14472041;Asia;BHR
1121;Bahrain;BHR;1989;24.39707478;Asia;BHR
1122;Bahrain;BHR;1990;25.5388068;Asia;BHR
1123;Bahrain;BHR;1991;24.20424052;Asia;BHR
1124;Bahrain;BHR;1992;21.91439852;Asia;BHR
1125;Bahrain;BHR;1993;29.31179484;Asia;BHR
1126;Bahrain;BHR;1994;29.080863;Asia;BHR
1127;Bahrain;BHR;1995;28.4198517;Asia;BHR
1128;Bahrain;BHR;1996;26.94021781;Asia;BHR
1129;Bahrain;BHR;1997;28.96998331;Asia;BHR
1130;Bahrain;BHR;1998;29.77842227;Asia;BHR
1131;Bahrain;BHR;1999;28.11597057;Asia;BHR
1132;Bahrain;BHR;2000;27.95664425;Asia;BHR
1133;Bahrain;BHR;2001;20.04231731;Asia;BHR
1134;Bahrain;BHR;2002;21.64210708;Asia;BHR
1135;Bahrain;BHR;2003;21.6236937;Asia;BHR
1136;Bahrain;BHR;2004;21.67099428;Asia;BHR
1137;Bahrain;BHR;2005;22.15390524;Asia;BHR
1138;Bahrain;BHR;2006;20.01475859;Asia;BHR
1139;Bahrain;BHR;2007;21.44329552;Asia;BHR
1140;Bahrain;BHR;2008;21.51999548;Asia;BHR
1141;Bahrain;BHR;2009;18.13623374;Asia;BHR
1142;Bahrain;BHR;2010;18.43502476;Asia;BHR
1143;Bahrain;BHR;2011;17.94732981;Asia;BHR
1144;Bahamas, The;BHS;1960;3.74983109;North America;BHS
1145;Bahamas, The;BHS;1961;4.746698752;North America;BHS
1146;Bahamas, The;BHS;1962;5.996432199;North America;BHS
1147;Bahamas, The;BHS;1963;5.55819871;North America;BHS
1148;Bahamas, The;BHS;1964;8.118596528;North America;BHS
1149;Bahamas, The;BHS;1965;9.399945733;North America;BHS
1150;Bahamas, The;BHS;1966;7.466084556;North America;BHS
1151;Bahamas, The;BHS;1967;11.17350449;North America;BHS
1152;Bahamas, The;BHS;1968;10.2869904;North America;BHS
1153;Bahamas, The;BHS;1969;10.62704414;North America;BHS
1154;Bahamas, The;BHS;1970;15.20013463;North America;BHS
1155;Bahamas, The;BHS;1971;38.72277085;North America;BHS
1156;Bahamas, The;BHS;1972;36.495974;North America;BHS
1157;Bahamas, The;BHS;1973;43.38030955;North America;BHS
1158;Bahamas, The;BHS;1974;39.91963673;North America;BHS
1159;Bahamas, The;BHS;1975;43.70144852;North America;BHS
1160;Bahamas, The;BHS;1976;33.51349628;North America;BHS
1161;Bahamas, The;BHS;1977;49.29813614;North America;BHS
1162;Bahamas, The;BHS;1978;32.79192699;North America;BHS
1163;Bahamas, The;BHS;1979;33.63762995;North America;BHS
1164;Bahamas, The;BHS;1980;37.93028102;North America;BHS
1165;Bahamas, The;BHS;1981;13.0062023;North America;BHS
1166;Bahamas, The;BHS;1982;10.2714289;North America;BHS
1167;Bahamas, The;BHS;1983;8.956413615;North America;BHS
1168;Bahamas, The;BHS;1984;8.066838829;North America;BHS
1169;Bahamas, The;BHS;1985;6.437609722;North America;BHS
1170;Bahamas, The;BHS;1986;5.903831357;North America;BHS
1171;Bahamas, The;BHS;1987;5.845721493;North America;BHS
1172;Bahamas, The;BHS;1988;6.220877629;North America;BHS
1173;Bahamas, The;BHS;1989;7.731341446;North America;BHS
1174;Bahamas, The;BHS;1990;7.610436221;North America;BHS
1175;Bahamas, The;BHS;1991;6.825147348;North America;BHS
1176;Bahamas, The;BHS;1992;6.737845363;North America;BHS
1177;Bahamas, The;BHS;1993;6.274733096;North America;BHS
1178;Bahamas, The;BHS;1994;6.113815363;North America;BHS
1179;Bahamas, The;BHS;1995;6.008020675;North America;BHS
1180;Bahamas, The;BHS;1996;5.879253115;North America;BHS
1181;Bahamas, The;BHS;1997;4.753575312;North America;BHS
1182;Bahamas, The;BHS;1998;5.790252849;North America;BHS
1183;Bahamas, The;BHS;1999;5.708374777;North America;BHS
1184;Bahamas, The;BHS;2000;5.600991638;North America;BHS
1185;Bahamas, The;BHS;2001;5.177430741;North America;BHS
1186;Bahamas, The;BHS;2002;5.100139082;North America;BHS
1187;Bahamas, The;BHS;2003;4.807931416;North America;BHS
1188;Bahamas, The;BHS;2004;5.343508847;North America;BHS
1189;Bahamas, The;BHS;2005;4.856024274;North America;BHS
1190;Bahamas, The;BHS;2006;4.531865599;North America;BHS
1191;Bahamas, The;BHS;2007;4.521353712;North America;BHS
1192;Bahamas, The;BHS;2008;2.99808943;North America;BHS
1193;Bahamas, The;BHS;2009;4.630520322;North America;BHS
1194;Bahamas, The;BHS;2010;6.829321287;North America;BHS
1195;Bahamas, The;BHS;2011;5.199844019;North America;BHS
1228;Bosnia and Herzegovina;BIH;1992;0.961686462;Europe;BIH
1229;Bosnia and Herzegovina;BIH;1993;0.711941344;Europe;BIH
1230;Bosnia and Herzegovina;BIH;1994;0.809223407;Europe;BIH
1231;Bosnia and Herzegovina;BIH;1995;0.883835858;Europe;BIH
1232;Bosnia and Herzegovina;BIH;1996;1.117234098;Europe;BIH
1233;Bosnia and Herzegovina;BIH;1997;2.220951782;Europe;BIH
1234;Bosnia and Herzegovina;BIH;1998;2.805680397;Europe;BIH
1235;Bosnia and Herzegovina;BIH;1999;2.742215454;Europe;BIH
1236;Bosnia and Herzegovina;BIH;2000;3.635213155;Europe;BIH
1237;Bosnia and Herzegovina;BIH;2001;3.516694138;Europe;BIH
1238;Bosnia and Herzegovina;BIH;2002;3.755251294;Europe;BIH
1239;Bosnia and Herzegovina;BIH;2003;3.795422854;Europe;BIH
1240;Bosnia and Herzegovina;BIH;2004;4.080225109;Europe;BIH
1241;Bosnia and Herzegovina;BIH;2005;4.227205673;Europe;BIH
1242;Bosnia and Herzegovina;BIH;2006;4.575983248;Europe;BIH
1243;Bosnia and Herzegovina;BIH;2007;4.580386562;Europe;BIH
1244;Bosnia and Herzegovina;BIH;2008;5.231546645;Europe;BIH
1245;Bosnia and Herzegovina;BIH;2009;5.37188996;Europe;BIH
1246;Bosnia and Herzegovina;BIH;2010;5.513993843;Europe;BIH
1247;Bosnia and Herzegovina;BIH;2011;6.19665215;Europe;BIH
1280;Belarus;BLR;1992;8.563751566;Europe;BLR
1281;Belarus;BLR;1993;7.271325422;Europe;BLR
1282;Belarus;BLR;1994;6.445128092;Europe;BLR
1283;Belarus;BLR;1995;6.093680596;Europe;BLR
1284;Belarus;BLR;1996;5.920977854;Europe;BLR
1285;Belarus;BLR;1997;5.883075714;Europe;BLR
1286;Belarus;BLR;1998;5.72028692;Europe;BLR
1287;Belarus;BLR;1999;5.562438864;Europe;BLR
1288;Belarus;BLR;2000;5.34418061;Europe;BLR
1289;Belarus;BLR;2001;5.297721696;Europe;BLR
1290;Belarus;BLR;2002;5.310737861;Europe;BLR
1291;Belarus;BLR;2003;5.483469429;Europe;BLR
1292;Belarus;BLR;2004;5.964810791;Europe;BLR
1293;Belarus;BLR;2005;6.112425644;Europe;BLR
1294;Belarus;BLR;2006;6.437868284;Europe;BLR
1295;Belarus;BLR;2007;6.305628975;Europe;BLR
1296;Belarus;BLR;2008;6.592748741;Europe;BLR
1297;Belarus;BLR;2009;6.341938992;Europe;BLR
1298;Belarus;BLR;2010;6.556549631;Europe;BLR
1299;Belarus;BLR;2011;6.682510398;Europe;BLR
1300;Belize;BLZ;1960;0.47795108;North America;BLZ
1301;Belize;BLZ;1961;0.38721872;North America;BLZ
1302;Belize;BLZ;1962;0.715409338;North America;BLZ
1303;Belize;BLZ;1963;0.622356888;North America;BLZ
1304;Belize;BLZ;1964;0.818288542;North America;BLZ
1305;Belize;BLZ;1965;0.794762582;North America;BLZ
1306;Belize;BLZ;1966;0.737799971;North America;BLZ
1307;Belize;BLZ;1967;1.073753982;North America;BLZ
1308;Belize;BLZ;1968;0.884672715;North America;BLZ
1309;Belize;BLZ;1969;1.13767399;North America;BLZ
1310;Belize;BLZ;1970;0.990440256;North America;BLZ
1311;Belize;BLZ;1971;1.146010962;North America;BLZ
1312;Belize;BLZ;1972;1.240137478;North America;BLZ
1313;Belize;BLZ;1973;1.13446873;North America;BLZ
1314;Belize;BLZ;1974;1.172939546;North America;BLZ
1315;Belize;BLZ;1975;1.320836554;North America;BLZ
1316;Belize;BLZ;1976;1.302423323;North America;BLZ
1317;Belize;BLZ;1977;1.44548182;North America;BLZ
1318;Belize;BLZ;1978;1.556810005;North America;BLZ
1319;Belize;BLZ;1979;1.479173154;North America;BLZ
1320;Belize;BLZ;1980;1.322807334;North America;BLZ
1321;Belize;BLZ;1981;1.242494884;North America;BLZ
1322;Belize;BLZ;1982;1.13763218;North America;BLZ
1323;Belize;BLZ;1983;1.106077525;North America;BLZ
1324;Belize;BLZ;1984;1.074883686;North America;BLZ
1325;Belize;BLZ;1985;1.156249242;North America;BLZ
1326;Belize;BLZ;1986;1.2110161;North America;BLZ
1327;Belize;BLZ;1987;1.304188704;North America;BLZ
1328;Belize;BLZ;1988;1.392855746;North America;BLZ
1329;Belize;BLZ;1989;1.638927345;North America;BLZ
1330;Belize;BLZ;1990;1.66191243;North America;BLZ
1331;Belize;BLZ;1991;1.880247165;North America;BLZ
1332;Belize;BLZ;1992;1.830471231;North America;BLZ
1333;Belize;BLZ;1993;1.911297219;North America;BLZ
1334;Belize;BLZ;1994;1.854609824;North America;BLZ
1335;Belize;BLZ;1995;1.824977532;North America;BLZ
1336;Belize;BLZ;1996;1.441579228;North America;BLZ
1337;Belize;BLZ;1997;1.754007076;North America;BLZ
1338;Belize;BLZ;1998;1.608270478;North America;BLZ
1339;Belize;BLZ;1999;2.516015128;North America;BLZ
1340;Belize;BLZ;2000;2.7875558;North America;BLZ
1341;Belize;BLZ;2001;2.789916428;North America;BLZ
1342;Belize;BLZ;2002;1.398540057;North America;BLZ
1343;Belize;BLZ;2003;1.430654846;North America;BLZ
1344;Belize;BLZ;2004;1.434471268;North America;BLZ
1345;Belize;BLZ;2005;1.462766389;North America;BLZ
1346;Belize;BLZ;2006;1.488235638;North America;BLZ
1347;Belize;BLZ;2007;1.536093806;North America;BLZ
1348;Belize;BLZ;2008;1.473195826;North America;BLZ
1349;Belize;BLZ;2009;1.495185156;North America;BLZ
1350;Belize;BLZ;2010;1.721708659;North America;BLZ
1351;Belize;BLZ;2011;1.670904302;North America;BLZ
1352;Bermuda;BMU;1960;3.551373874;North America;BMU
1353;Bermuda;BMU;1961;3.868483516;North America;BMU
1354;Bermuda;BMU;1962;3.383712446;North America;BMU
1355;Bermuda;BMU;1963;3.151928721;North America;BMU
1356;Bermuda;BMU;1964;4.124437628;North America;BMU
1357;Bermuda;BMU;1965;3.586487026;North America;BMU
1358;Bermuda;BMU;1966;3.954607843;North America;BMU
1359;Bermuda;BMU;1967;4.090115385;North America;BMU
1360;Bermuda;BMU;1968;4.220509434;North America;BMU
1361;Bermuda;BMU;1969;3.667;North America;BMU
1362;Bermuda;BMU;1970;4.133709091;North America;BMU
1363;Bermuda;BMU;1971;4.231153846;North America;BMU
1364;Bermuda;BMU;1972;4.668321033;North America;BMU
1365;Bermuda;BMU;1973;7.906542751;North America;BMU
1366;Bermuda;BMU;1974;8.30911985;North America;BMU
1367;Bermuda;BMU;1975;8.648584906;North America;BMU
1368;Bermuda;BMU;1976;8.822857143;North America;BMU
1369;Bermuda;BMU;1977;8.515131086;North America;BMU
1370;Bermuda;BMU;1978;7.936044776;North America;BMU
1371;Bermuda;BMU;1979;8.588141264;North America;BMU
1372;Bermuda;BMU;1980;7.981946223;North America;BMU
1373;Bermuda;BMU;1981;7.0608901;North America;BMU
1374;Bermuda;BMU;1982;7.142347022;North America;BMU
1375;Bermuda;BMU;1983;8.064384051;North America;BMU
1376;Bermuda;BMU;1984;7.863938465;North America;BMU
1377;Bermuda;BMU;1985;7.92718549;North America;BMU
1378;Bermuda;BMU;1986;7.412986651;North America;BMU
1379;Bermuda;BMU;1987;9.952099431;North America;BMU
1380;Bermuda;BMU;1988;11.12411949;North America;BMU
1381;Bermuda;BMU;1989;13.33658503;North America;BMU
1382;Bermuda;BMU;1990;10.07519469;North America;BMU
1383;Bermuda;BMU;1991;8.636129513;North America;BMU
1384;Bermuda;BMU;1992;6.946616606;North America;BMU
1385;Bermuda;BMU;1993;8.154422;North America;BMU
1386;Bermuda;BMU;1994;7.974426837;North America;BMU
1387;Bermuda;BMU;1995;7.794814716;North America;BMU
1388;Bermuda;BMU;1996;7.928121206;North America;BMU
1389;Bermuda;BMU;1997;7.879894871;North America;BMU
1390;Bermuda;BMU;1998;7.581543409;North America;BMU
1391;Bermuda;BMU;1999;8.077751489;North America;BMU
1392;Bermuda;BMU;2000;8.006161758;North America;BMU
1393;Bermuda;BMU;2001;7.920213106;North America;BMU
1394;Bermuda;BMU;2002;8.335150687;North America;BMU
1395;Bermuda;BMU;2003;8.0491591;North America;BMU
1396;Bermuda;BMU;2004;10.52809853;North America;BMU
1397;Bermuda;BMU;2005;6.916279577;North America;BMU
1398;Bermuda;BMU;2006;8.070207523;North America;BMU
1399;Bermuda;BMU;2007;7.968299223;North America;BMU
1400;Bermuda;BMU;2008;5.955019687;North America;BMU
1401;Bermuda;BMU;2009;7.095328783;North America;BMU
1402;Bermuda;BMU;2010;7.320035624;North America;BMU
1403;Bermuda;BMU;2011;6.07721021;North America;BMU
1404;Bolivia;BOL;1960;0.272037723;South America;BOL
1405;Bolivia;BOL;1961;0.276621295;South America;BOL
1406;Bolivia;BOL;1962;0.286626494;South America;BOL
1407;Bolivia;BOL;1963;0.310159434;South America;BOL
1408;Bolivia;BOL;1964;0.371215692;South America;BOL
1409;Bolivia;BOL;1965;0.371151111;South America;BOL
1410;Bolivia;BOL;1966;0.407084848;South America;BOL
1411;Bolivia;BOL;1967;0.44656968;South America;BOL
1412;Bolivia;BOL;1968;0.50373838;South America;BOL
1413;Bolivia;BOL;1969;0.577436614;South America;BOL
1414;Bolivia;BOL;1970;0.551786663;South America;BOL
1415;Bolivia;BOL;1971;0.665553985;South America;BOL
1416;Bolivia;BOL;1972;0.760236181;South America;BOL
1417;Bolivia;BOL;1973;0.720636406;South America;BOL
1418;Bolivia;BOL;1974;0.717366156;South America;BOL
1419;Bolivia;BOL;1975;0.810373151;South America;BOL
1420;Bolivia;BOL;1976;0.89457664;South America;BOL
1421;Bolivia;BOL;1977;0.856199953;South America;BOL
1422;Bolivia;BOL;1978;0.939655385;South America;BOL
1423;Bolivia;BOL;1979;0.866274904;South America;BOL
1424;Bolivia;BOL;1980;0.835142834;South America;BOL
1425;Bolivia;BOL;1981;0.839129259;South America;BOL
1426;Bolivia;BOL;1982;0.745316773;South America;BOL
1427;Bolivia;BOL;1983;0.719868684;South America;BOL
1428;Bolivia;BOL;1984;0.664043162;South America;BOL
1429;Bolivia;BOL;1985;0.664145932;South America;BOL
1430;Bolivia;BOL;1986;0.595940954;South America;BOL
1431;Bolivia;BOL;1987;0.623387096;South America;BOL
1432;Bolivia;BOL;1988;0.653551374;South America;BOL
1433;Bolivia;BOL;1989;0.742885591;South America;BOL
1434;Bolivia;BOL;1990;0.806005065;South America;BOL
1435;Bolivia;BOL;1991;0.829103981;South America;BOL
1436;Bolivia;BOL;1992;0.935813472;South America;BOL
1437;Bolivia;BOL;1993;1.108596111;South America;BOL
1438;Bolivia;BOL;1994;1.204561642;South America;BOL
1439;Bolivia;BOL;1995;1.250325769;South America;BOL
1440;Bolivia;BOL;1996;1.29765447;South America;BOL
1441;Bolivia;BOL;1997;1.400948435;South America;BOL
1442;Bolivia;BOL;1998;1.427278992;South America;BOL
1443;Bolivia;BOL;1999;1.373997368;South America;BOL
1444;Bolivia;BOL;2000;1.225922572;South America;BOL
1445;Bolivia;BOL;2001;1.156244814;South America;BOL
1446;Bolivia;BOL;2002;1.10560774;South America;BOL
1447;Bolivia;BOL;2003;1.60366373;South America;BOL
1448;Bolivia;BOL;2004;1.458991452;South America;BOL
1449;Bolivia;BOL;2005;1.322472482;South America;BOL
1450;Bolivia;BOL;2006;1.586749065;South America;BOL
1451;Bolivia;BOL;2007;1.318203858;South America;BOL
1452;Bolivia;BOL;2008;1.412189336;South America;BOL
1453;Bolivia;BOL;2009;1.459841011;South America;BOL
1454;Bolivia;BOL;2010;1.547659087;South America;BOL
1455;Bolivia;BOL;2011;1.599499039;South America;BOL
1456;Brazil;BRA;1960;0.647067792;South America;BRA
1457;Brazil;BRA;1961;0.658624758;South America;BRA
1458;Brazil;BRA;1962;0.697280743;South America;BRA
1459;Brazil;BRA;1963;0.700749314;South America;BRA
1460;Brazil;BRA;1964;0.694000898;South America;BRA
1461;Brazil;BRA;1965;0.67037227;South America;BRA
1462;Brazil;BRA;1966;0.743447849;South America;BRA
1463;Brazil;BRA;1967;0.744966531;South America;BRA
1464;Brazil;BRA;1968;0.848797467;South America;BRA
1465;Brazil;BRA;1969;0.90094202;South America;BRA
1466;Brazil;BRA;1970;0.976861083;South America;BRA
1467;Brazil;BRA;1971;1.043022036;South America;BRA
1468;Brazil;BRA;1972;1.134051462;South America;BRA
1469;Brazil;BRA;1973;1.282056059;South America;BRA
1470;Brazil;BRA;1974;1.355330722;South America;BRA
1471;Brazil;BRA;1975;1.394106345;South America;BRA
1472;Brazil;BRA;1976;1.396830539;South America;BRA
1473;Brazil;BRA;1977;1.432295134;South America;BRA
1474;Brazil;BRA;1978;1.518254074;South America;BRA
1475;Brazil;BRA;1979;1.578013854;South America;BRA
1476;Brazil;BRA;1980;1.531021008;South America;BRA
1477;Brazil;BRA;1981;1.373270556;South America;BRA
1478;Brazil;BRA;1982;1.3445549;South America;BRA
1479;Brazil;BRA;1983;1.271861926;South America;BRA
1480;Brazil;BRA;1984;1.260216376;South America;BRA
1481;Brazil;BRA;1985;1.32456548;South America;BRA
1482;Brazil;BRA;1986;1.424006917;South America;BRA
1483;Brazil;BRA;1987;1.456991513;South America;BRA
1484;Brazil;BRA;1988;1.442390789;South America;BRA
1485;Brazil;BRA;1989;1.448050239;South America;BRA
1486;Brazil;BRA;1990;1.388939574;South America;BRA
1487;Brazil;BRA;1991;1.434312838;South America;BRA
1488;Brazil;BRA;1992;1.420434655;South America;BRA
1489;Brazil;BRA;1993;1.462108834;South America;BRA
1490;Brazil;BRA;1994;1.511002399;South America;BRA
1491;Brazil;BRA;1995;1.587339242;South America;BRA
1492;Brazil;BRA;1996;1.722791601;South America;BRA
1493;Brazil;BRA;1997;1.790103371;South America;BRA
1494;Brazil;BRA;1998;1.831430313;South America;BRA
1495;Brazil;BRA;1999;1.849075569;South America;BRA
1496;Brazil;BRA;2000;1.865808376;South America;BRA
1497;Brazil;BRA;2001;1.891238736;South America;BRA
1498;Brazil;BRA;2002;1.835266279;South America;BRA
1499;Brazil;BRA;2003;1.751490659;South America;BRA
1500;Brazil;BRA;2004;1.815133482;South America;BRA
1501;Brazil;BRA;2005;1.842690495;South America;BRA
1502;Brazil;BRA;2006;1.823133072;South America;BRA
1503;Brazil;BRA;2007;1.884034471;South America;BRA
1504;Brazil;BRA;2008;1.990428942;South America;BRA
1505;Brazil;BRA;2009;1.866522375;South America;BRA
1506;Brazil;BRA;2010;2.113414545;South America;BRA
1507;Brazil;BRA;2011;2.191393564;South America;BRA
1508;Barbados;BRB;1960;0.746312799;North America;BRB
1509;Barbados;BRB;1961;0.838898625;North America;BRB
1510;Barbados;BRB;1962;1.119410622;North America;BRB
1511;Barbados;BRB;1963;0.816329676;North America;BRB
1512;Barbados;BRB;1964;0.766085262;North America;BRB
1513;Barbados;BRB;1965;0.87245351;North America;BRB
1514;Barbados;BRB;1966;1.134077266;North America;BRB
1515;Barbados;BRB;1967;1.425762826;North America;BRB
1516;Barbados;BRB;1968;1.85515116;North America;BRB
1517;Barbados;BRB;1969;2.019145815;North America;BRB
1518;Barbados;BRB;1970;1.796292187;North America;BRB
1519;Barbados;BRB;1971;2.016530716;North America;BRB
1520;Barbados;BRB;1972;2.080752648;North America;BRB
1521;Barbados;BRB;1973;1.9770228;North America;BRB
1522;Barbados;BRB;1974;2.009405453;North America;BRB
1523;Barbados;BRB;1975;2.310198225;North America;BRB
1524;Barbados;BRB;1976;2.148829634;North America;BRB
1525;Barbados;BRB;1977;2.373081175;North America;BRB
1526;Barbados;BRB;1978;2.522542844;North America;BRB
1527;Barbados;BRB;1979;2.394289263;North America;BRB
1528;Barbados;BRB;1980;2.67540058;North America;BRB
1529;Barbados;BRB;1981;2.709534535;North America;BRB
1530;Barbados;BRB;1982;2.542555036;North America;BRB
1531;Barbados;BRB;1983;2.694257706;North America;BRB
1532;Barbados;BRB;1984;2.931358373;North America;BRB
1533;Barbados;BRB;1985;3.309812487;North America;BRB
1534;Barbados;BRB;1986;3.570760853;North America;BRB
1535;Barbados;BRB;1987;3.658331037;North America;BRB
1536;Barbados;BRB;1988;3.65956739;North America;BRB
1537;Barbados;BRB;1989;3.816052171;North America;BRB
1538;Barbados;BRB;1990;4.126491124;North America;BRB
1539;Barbados;BRB;1991;4.617415732;North America;BRB
1540;Barbados;BRB;1992;3.734358313;North America;BRB
1541;Barbados;BRB;1993;4.237195495;North America;BRB
1542;Barbados;BRB;1994;2.833429919;North America;BRB
1543;Barbados;BRB;1995;3.127776813;North America;BRB
1544;Barbados;BRB;1996;3.199007295;North America;BRB
1545;Barbados;BRB;1997;3.379293035;North America;BRB
1546;Barbados;BRB;1998;4.256171883;North America;BRB
1547;Barbados;BRB;1999;4.499888443;North America;BRB
1548;Barbados;BRB;2000;4.403041825;North America;BRB
1549;Barbados;BRB;2001;4.511171616;North America;BRB
1550;Barbados;BRB;2002;4.525009301;North America;BRB
1551;Barbados;BRB;2003;4.660168001;North America;BRB
1552;Barbados;BRB;2004;4.739998755;North America;BRB
1553;Barbados;BRB;2005;4.938170817;North America;BRB
1554;Barbados;BRB;2006;4.986394706;North America;BRB
1555;Barbados;BRB;2007;5.178740847;North America;BRB
1556;Barbados;BRB;2008;5.871114076;North America;BRB
1557;Barbados;BRB;2009;5.833678079;North America;BRB
1558;Barbados;BRB;2010;5.430338453;North America;BRB
1559;Barbados;BRB;2011;5.580177618;North America;BRB
1560;Brunei Darussalam;BRN;1960;4.078179041;Asia;BRN
1561;Brunei Darussalam;BRN;1961;3.552009056;Asia;BRN
1562;Brunei Darussalam;BRN;1962;4.133421872;Asia;BRN
1563;Brunei Darussalam;BRN;1963;3.798174052;Asia;BRN
1564;Brunei Darussalam;BRN;1964;3.482288912;Asia;BRN
1565;Brunei Darussalam;BRN;1965;3.254786637;Asia;BRN
1566;Brunei Darussalam;BRN;1966;4.573085156;Asia;BRN
1567;Brunei Darussalam;BRN;1967;3.905218317;Asia;BRN
1568;Brunei Darussalam;BRN;1968;3.630508733;Asia;BRN
1569;Brunei Darussalam;BRN;1969;3.937122099;Asia;BRN
1570;Brunei Darussalam;BRN;1970;63.28895621;Asia;BRN
1571;Brunei Darussalam;BRN;1971;55.39030033;Asia;BRN
1572;Brunei Darussalam;BRN;1972;66.7028117;Asia;BRN
1573;Brunei Darussalam;BRN;1973;67.41254972;Asia;BRN
1574;Brunei Darussalam;BRN;1974;53.0117167;Asia;BRN
1575;Brunei Darussalam;BRN;1975;44.03620047;Asia;BRN
1576;Brunei Darussalam;BRN;1976;36.01609847;Asia;BRN
1577;Brunei Darussalam;BRN;1977;36.79108994;Asia;BRN
1578;Brunei Darussalam;BRN;1978;52.90359676;Asia;BRN
1579;Brunei Darussalam;BRN;1979;39.83351536;Asia;BRN
1580;Brunei Darussalam;BRN;1980;35.65247051;Asia;BRN
1581;Brunei Darussalam;BRN;1981;7.384234895;Asia;BRN
1582;Brunei Darussalam;BRN;1982;10.21089822;Asia;BRN
1583;Brunei Darussalam;BRN;1983;12.82988437;Asia;BRN
1584;Brunei Darussalam;BRN;1984;8.842337005;Asia;BRN
1585;Brunei Darussalam;BRN;1985;11.63975629;Asia;BRN
1586;Brunei Darussalam;BRN;1986;10.02192069;Asia;BRN
1587;Brunei Darussalam;BRN;1987;14.06320451;Asia;BRN
1588;Brunei Darussalam;BRN;1988;23.55037281;Asia;BRN
1589;Brunei Darussalam;BRN;1989;25.41694496;Asia;BRN
1590;Brunei Darussalam;BRN;1990;24.17654774;Asia;BRN
1591;Brunei Darussalam;BRN;1991;20.98678342;Asia;BRN
1592;Brunei Darussalam;BRN;1992;20.23672649;Asia;BRN
1593;Brunei Darussalam;BRN;1993;18.85171799;Asia;BRN
1594;Brunei Darussalam;BRN;1994;17.40218424;Asia;BRN
1595;Brunei Darussalam;BRN;1995;17.27782109;Asia;BRN
1596;Brunei Darussalam;BRN;1996;17.095345;Asia;BRN
1597;Brunei Darussalam;BRN;1997;17.30822674;Asia;BRN
1598;Brunei Darussalam;BRN;1998;17.57856618;Asia;BRN
1599;Brunei Darussalam;BRN;1999;13.06844095;Asia;BRN
1600;Brunei Darussalam;BRN;2000;18.47067348;Asia;BRN
1601;Brunei Darussalam;BRN;2001;17.06902045;Asia;BRN
1602;Brunei Darussalam;BRN;2002;14.13904591;Asia;BRN
1603;Brunei Darussalam;BRN;2003;13.95225957;Asia;BRN
1604;Brunei Darussalam;BRN;2004;13.62882766;Asia;BRN
1605;Brunei Darussalam;BRN;2005;12.76750606;Asia;BRN
1606;Brunei Darussalam;BRN;2006;11.60411517;Asia;BRN
1607;Brunei Darussalam;BRN;2007;24.17840939;Asia;BRN
1608;Brunei Darussalam;BRN;2008;26.33827137;Asia;BRN
1609;Brunei Darussalam;BRN;2009;22.14902862;Asia;BRN
1610;Brunei Darussalam;BRN;2010;21.8732221;Asia;BRN
1611;Brunei Darussalam;BRN;2011;24.39201338;Asia;BRN
1622;Bhutan;BTN;1970;0.012581616;Asia;BTN
1623;Bhutan;BTN;1971;0.012156352;Asia;BTN
1624;Bhutan;BTN;1972;0.011726445;Asia;BTN
1625;Bhutan;BTN;1973;0.011301681;Asia;BTN
1626;Bhutan;BTN;1974;0.010891745;Asia;BTN
1627;Bhutan;BTN;1975;0.01050277;Asia;BTN
1628;Bhutan;BTN;1976;0.010133697;Asia;BTN
1629;Bhutan;BTN;1977;0.019567717;Asia;BTN
1630;Bhutan;BTN;1978;0.028372764;Asia;BTN
1631;Bhutan;BTN;1979;0.054953069;Asia;BTN
1632;Bhutan;BTN;1980;0.053330295;Asia;BTN
1633;Bhutan;BTN;1981;0.060556233;Asia;BTN
1634;Bhutan;BTN;1982;0.07597638;Asia;BTN
1635;Bhutan;BTN;1983;0.065954868;Asia;BTN
1636;Bhutan;BTN;1984;0.112550013;Asia;BTN
1637;Bhutan;BTN;1985;0.132916143;Asia;BTN
1638;Bhutan;BTN;1986;0.113611249;Asia;BTN
1639;Bhutan;BTN;1987;0.204961753;Asia;BTN
1640;Bhutan;BTN;1988;0.212757316;Asia;BTN
1641;Bhutan;BTN;1989;0.117779869;Asia;BTN
1642;Bhutan;BTN;1990;0.239670965;Asia;BTN
1643;Bhutan;BTN;1991;0.349775005;Asia;BTN
1644;Bhutan;BTN;1992;0.409693515;Asia;BTN
1645;Bhutan;BTN;1993;0.360447299;Asia;BTN
1646;Bhutan;BTN;1994;0.415904353;Asia;BTN
1647;Bhutan;BTN;1995;0.489993063;Asia;BTN
1648;Bhutan;BTN;1996;0.594017686;Asia;BTN
1649;Bhutan;BTN;1997;0.760266991;Asia;BTN
1650;Bhutan;BTN;1998;0.721706972;Asia;BTN
1651;Bhutan;BTN;1999;0.702122771;Asia;BTN
1652;Bhutan;BTN;2000;0.708458366;Asia;BTN
1653;Bhutan;BTN;2001;0.669271192;Asia;BTN
1654;Bhutan;BTN;2002;0.698568399;Asia;BTN
1655;Bhutan;BTN;2003;0.612679529;Asia;BTN
1656;Bhutan;BTN;2004;0.485668561;Asia;BTN
1657;Bhutan;BTN;2005;0.608197947;Asia;BTN
1658;Bhutan;BTN;2006;0.588329935;Asia;BTN
1659;Bhutan;BTN;2007;0.575767714;Asia;BTN
1660;Bhutan;BTN;2008;0.606778515;Asia;BTN
1661;Bhutan;BTN;2009;0.549145981;Asia;BTN
1662;Bhutan;BTN;2010;0.677145031;Asia;BTN
1663;Bhutan;BTN;2011;0.766205619;Asia;BTN
1676;Botswana;BWA;1972;0.02974232;Africa;BWA
1677;Botswana;BWA;1973;0.067092973;Africa;BWA
1678;Botswana;BWA;1974;0.111049282;Africa;BWA
1679;Botswana;BWA;1975;0.227506572;Africa;BWA
1680;Botswana;BWA;1976;0.695727637;Africa;BWA
1681;Botswana;BWA;1977;0.879789546;Africa;BWA
1682;Botswana;BWA;1978;0.901553658;Africa;BWA
1683;Botswana;BWA;1979;0.982028122;Africa;BWA
1684;Botswana;BWA;1980;0.990055514;Africa;BWA
1685;Botswana;BWA;1981;0.976141086;Africa;BWA
1686;Botswana;BWA;1982;1.028167355;Africa;BWA
1687;Botswana;BWA;1983;0.930741765;Africa;BWA
1688;Botswana;BWA;1984;0.912973174;Africa;BWA
1689;Botswana;BWA;1985;0.979567891;Africa;BWA
1690;Botswana;BWA;1986;1.083589813;Africa;BWA
1691;Botswana;BWA;1987;1.218726601;Africa;BWA
1692;Botswana;BWA;1988;1.243866419;Africa;BWA
1693;Botswana;BWA;1989;1.32468337;Africa;BWA
1694;Botswana;BWA;1990;1.578617118;Africa;BWA
1695;Botswana;BWA;1991;1.513178668;Africa;BWA
1696;Botswana;BWA;1992;2.242202248;Africa;BWA
1697;Botswana;BWA;1993;2.33165862;Africa;BWA
1698;Botswana;BWA;1994;2.270529226;Africa;BWA
1699;Botswana;BWA;1995;2.235619565;Africa;BWA
1700;Botswana;BWA;1996;1.947449695;Africa;BWA
1701;Botswana;BWA;1997;1.951757333;Africa;BWA
1702;Botswana;BWA;1998;2.28352892;Africa;BWA
1703;Botswana;BWA;1999;2.075658757;Africa;BWA
1704;Botswana;BWA;2000;2.462152312;Africa;BWA
1705;Botswana;BWA;2001;2.459187385;Africa;BWA
1706;Botswana;BWA;2002;2.510108738;Africa;BWA
1707;Botswana;BWA;2003;2.355629411;Africa;BWA
1708;Botswana;BWA;2004;2.385073131;Africa;BWA
1709;Botswana;BWA;2005;2.476794833;Africa;BWA
1710;Botswana;BWA;2006;2.450894169;Africa;BWA
1711;Botswana;BWA;2007;2.435256168;Africa;BWA
1712;Botswana;BWA;2008;2.530551369;Africa;BWA
1713;Botswana;BWA;2009;2.192294586;Africa;BWA
1714;Botswana;BWA;2010;2.555293381;Africa;BWA
1715;Botswana;BWA;2011;2.323345006;Africa;BWA
1716;Central African Republic;CAF;1960;0.058535378;Africa;CAF
1717;Central African Republic;CAF;1961;0.05755057;Africa;CAF
1718;Central African Republic;CAF;1962;0.047113813;Africa;CAF
1719;Central African Republic;CAF;1963;0.046248971;Africa;CAF
1720;Central African Republic;CAF;1964;0.045369205;Africa;CAF
1721;Central African Republic;CAF;1965;0.05337603;Africa;CAF
1722;Central African Republic;CAF;1966;0.05011724;Africa;CAF
1723;Central African Republic;CAF;1967;0.053344141;Africa;CAF
1724;Central African Republic;CAF;1968;0.104457459;Africa;CAF
1725;Central African Republic;CAF;1969;0.10435343;Africa;CAF
1726;Central African Republic;CAF;1970;0.114298604;Africa;CAF
1727;Central African Republic;CAF;1971;0.098323803;Africa;CAF
1728;Central African Republic;CAF;1972;0.08874721;Africa;CAF
1729;Central African Republic;CAF;1973;0.083281416;Africa;CAF
1730;Central African Republic;CAF;1974;0.057529778;Africa;CAF
1731;Central African Republic;CAF;1975;0.050895741;Africa;CAF
1732;Central African Republic;CAF;1976;0.062256494;Africa;CAF
1733;Central African Republic;CAF;1977;0.060872683;Africa;CAF
1734;Central African Republic;CAF;1978;0.06794377;Africa;CAF
1735;Central African Republic;CAF;1979;0.046378137;Africa;CAF
1736;Central African Republic;CAF;1980;0.046762778;Africa;CAF
1737;Central African Republic;CAF;1981;0.057976062;Africa;CAF
1738;Central African Republic;CAF;1982;0.059299836;Africa;CAF
1739;Central African Republic;CAF;1983;0.059010342;Africa;CAF
1740;Central African Republic;CAF;1984;0.058765291;Africa;CAF
1741;Central African Republic;CAF;1985;0.061409198;Africa;CAF
1742;Central African Republic;CAF;1986;0.059951429;Africa;CAF
1743;Central African Republic;CAF;1987;0.094635251;Africa;CAF
1744;Central African Republic;CAF;1988;0.082222072;Africa;CAF
1745;Central African Republic;CAF;1989;0.08685321;Africa;CAF
1746;Central African Republic;CAF;1990;0.067402765;Africa;CAF
1747;Central African Republic;CAF;1991;0.06820173;Africa;CAF
1748;Central African Republic;CAF;1992;0.070036622;Africa;CAF
1749;Central African Republic;CAF;1993;0.070544851;Africa;CAF
1750;Central African Republic;CAF;1994;0.07212962;Africa;CAF
1751;Central African Republic;CAF;1995;0.070353494;Africa;CAF
1752;Central African Republic;CAF;1996;0.068679194;Africa;CAF
1753;Central African Republic;CAF;1997;0.0702388;Africa;CAF
1754;Central African Republic;CAF;1998;0.069710385;Africa;CAF
1755;Central African Republic;CAF;1999;0.072269805;Africa;CAF
1756;Central African Republic;CAF;2000;0.071843143;Africa;CAF
1757;Central African Republic;CAF;2001;0.064745695;Africa;CAF
1758;Central African Republic;CAF;2002;0.063653562;Africa;CAF
1759;Central African Republic;CAF;2003;0.059819121;Africa;CAF
1760;Central African Republic;CAF;2004;0.053332885;Africa;CAF
1761;Central African Republic;CAF;2005;0.052442445;Africa;CAF
1762;Central African Republic;CAF;2006;0.055087916;Africa;CAF
1763;Central African Republic;CAF;2007;0.055850117;Africa;CAF
1764;Central African Republic;CAF;2008;0.054828457;Africa;CAF
1765;Central African Republic;CAF;2009;0.053809109;Africa;CAF
1766;Central African Republic;CAF;2010;0.059398336;Africa;CAF
1767;Central African Republic;CAF;2011;0.063127814;Africa;CAF
1768;Canada;CAN;1960;10.77084729;North America;CAN
1769;Canada;CAN;1961;10.62789765;North America;CAN
1770;Canada;CAN;1962;11.13062748;North America;CAN
1771;Canada;CAN;1963;11.1321024;North America;CAN
1772;Canada;CAN;1964;12.3053704;North America;CAN
1773;Canada;CAN;1965;12.81400147;North America;CAN
1774;Canada;CAN;1966;12.93491815;North America;CAN
1775;Canada;CAN;1967;13.8103546;North America;CAN
1776;Canada;CAN;1968;14.6326452;North America;CAN
1777;Canada;CAN;1969;14.61864861;North America;CAN
1778;Canada;CAN;1970;16.01414875;North America;CAN
1779;Canada;CAN;1971;16.29009027;North America;CAN
1780;Canada;CAN;1972;17.329425;North America;CAN
1781;Canada;CAN;1973;17.05995183;North America;CAN
1782;Canada;CAN;1974;17.12344306;North America;CAN
1783;Canada;CAN;1975;17.11161334;North America;CAN
1784;Canada;CAN;1976;16.97924845;North America;CAN
1785;Canada;CAN;1977;17.15211666;North America;CAN
1786;Canada;CAN;1978;17.30306507;North America;CAN
1787;Canada;CAN;1979;18.2093278;North America;CAN
1788;Canada;CAN;1980;18.02276896;North America;CAN
1789;Canada;CAN;1981;17.26921369;North America;CAN
1790;Canada;CAN;1982;16.45944925;North America;CAN
1791;Canada;CAN;1983;16.0546492;North America;CAN
1792;Canada;CAN;1984;16.55885484;North America;CAN
1793;Canada;CAN;1985;16.27010385;North America;CAN
1794;Canada;CAN;1986;15.45768406;North America;CAN
1795;Canada;CAN;1987;16.24667458;North America;CAN
1796;Canada;CAN;1988;16.95682428;North America;CAN
1797;Canada;CAN;1989;16.92078279;North America;CAN
1798;Canada;CAN;1990;15.65907038;North America;CAN
1799;Canada;CAN;1991;15.14925974;North America;CAN
1800;Canada;CAN;1992;15.44932016;North America;CAN
1801;Canada;CAN;1993;15.45655467;North America;CAN
1802;Canada;CAN;1994;15.6965288;North America;CAN
1803;Canada;CAN;1995;15.92722736;North America;CAN
1804;Canada;CAN;1996;16.15885457;North America;CAN
1805;Canada;CAN;1997;16.4937471;North America;CAN
1806;Canada;CAN;1998;16.74353274;North America;CAN
1807;Canada;CAN;1999;16.90086481;North America;CAN
1808;Canada;CAN;2000;17.37045161;North America;CAN
1809;Canada;CAN;2001;16.98502952;North America;CAN
1810;Canada;CAN;2002;16.55937785;North America;CAN
1811;Canada;CAN;2003;17.46386176;North America;CAN
1812;Canada;CAN;2004;17.26361022;North America;CAN
1813;Canada;CAN;2005;17.42608062;North America;CAN
1814;Canada;CAN;2006;16.89360819;North America;CAN
1815;Canada;CAN;2007;17.05189953;North America;CAN
1816;Canada;CAN;2008;16.36616459;North America;CAN
1817;Canada;CAN;2009;15.08909766;North America;CAN
1818;Canada;CAN;2010;14.58905354;North America;CAN
1819;Canada;CAN;2011;14.13581338;North America;CAN
1820;Switzerland;CHE;1960;3.664365979;Europe;CHE
1821;Switzerland;CHE;1961;3.751824984;Europe;CHE
1822;Switzerland;CHE;1962;4.333572069;Europe;CHE
1823;Switzerland;CHE;1963;5.111295488;Europe;CHE
1824;Switzerland;CHE;1964;4.865282038;Europe;CHE
1825;Switzerland;CHE;1965;5.185731956;Europe;CHE
1826;Switzerland;CHE;1966;5.327620031;Europe;CHE
1827;Switzerland;CHE;1967;5.434600874;Europe;CHE
1828;Switzerland;CHE;1968;5.937701579;Europe;CHE
1829;Switzerland;CHE;1969;6.208288851;Europe;CHE
1830;Switzerland;CHE;1970;6.519570443;Europe;CHE
1831;Switzerland;CHE;1971;6.750434987;Europe;CHE
1832;Switzerland;CHE;1972;6.863739819;Europe;CHE
1833;Switzerland;CHE;1973;7.334759289;Europe;CHE
1834;Switzerland;CHE;1974;6.541311271;Europe;CHE
1835;Switzerland;CHE;1975;6.168137541;Europe;CHE
1836;Switzerland;CHE;1976;6.423427895;Europe;CHE
1837;Switzerland;CHE;1977;6.540985491;Europe;CHE
1838;Switzerland;CHE;1978;6.720778708;Europe;CHE
1839;Switzerland;CHE;1979;6.340850586;Europe;CHE
1840;Switzerland;CHE;1980;6.414949786;Europe;CHE
1841;Switzerland;CHE;1981;6.11563526;Europe;CHE
1842;Switzerland;CHE;1982;5.73116759;Europe;CHE
1843;Switzerland;CHE;1983;6.242518469;Europe;CHE
1844;Switzerland;CHE;1984;6.08124526;Europe;CHE
1845;Switzerland;CHE;1985;6.155338532;Europe;CHE
1846;Switzerland;CHE;1986;6.502824669;Europe;CHE
1847;Switzerland;CHE;1987;6.150039281;Europe;CHE
1848;Switzerland;CHE;1988;6.174526108;Europe;CHE
1849;Switzerland;CHE;1989;5.937782989;Europe;CHE
1850;Switzerland;CHE;1990;6.345085168;Europe;CHE
1851;Switzerland;CHE;1991;6.280297083;Europe;CHE
1852;Switzerland;CHE;1992;6.224236273;Europe;CHE
1853;Switzerland;CHE;1993;5.873423831;Europe;CHE
1854;Switzerland;CHE;1994;5.90858368;Europe;CHE
1855;Switzerland;CHE;1995;5.571316975;Europe;CHE
1856;Switzerland;CHE;1996;5.640102519;Europe;CHE
1857;Switzerland;CHE;1997;5.849483122;Europe;CHE
1858;Switzerland;CHE;1998;5.865651918;Europe;CHE
1859;Switzerland;CHE;1999;5.697100262;Europe;CHE
1860;Switzerland;CHE;2000;5.435484985;Europe;CHE
1861;Switzerland;CHE;2001;5.942384452;Europe;CHE
1862;Switzerland;CHE;2002;5.589533097;Europe;CHE
1863;Switzerland;CHE;2003;5.478264412;Europe;CHE
1864;Switzerland;CHE;2004;5.466042594;Europe;CHE
1865;Switzerland;CHE;2005;5.563281057;Europe;CHE
1866;Switzerland;CHE;2006;5.595605199;Europe;CHE
1867;Switzerland;CHE;2007;5.034944631;Europe;CHE
1868;Switzerland;CHE;2008;5.281605848;Europe;CHE
1869;Switzerland;CHE;2009;5.372291182;Europe;CHE
1870;Switzerland;CHE;2010;4.952499256;Europe;CHE
1871;Switzerland;CHE;2011;4.625229924;Europe;CHE
1872;Chile;CHL;1960;1.75304482;South America;CHL
1873;Chile;CHL;1961;1.838272896;South America;CHL
1874;Chile;CHL;1962;2.076588315;South America;CHL
1875;Chile;CHL;1963;2.106925052;South America;CHL
1876;Chile;CHL;1964;2.080412635;South America;CHL
1877;Chile;CHL;1965;2.062989124;South America;CHL
1878;Chile;CHL;1966;2.134900941;South America;CHL
1879;Chile;CHL;1967;2.140990127;South America;CHL
1880;Chile;CHL;1968;2.310136976;South America;CHL
1881;Chile;CHL;1969;2.405428706;South America;CHL
1882;Chile;CHL;1970;2.579437616;South America;CHL
1883;Chile;CHL;1971;2.781424141;South America;CHL
1884;Chile;CHL;1972;2.842911421;South America;CHL
1885;Chile;CHL;1973;2.741331765;South America;CHL
1886;Chile;CHL;1974;2.530944779;South America;CHL
1887;Chile;CHL;1975;2.208521015;South America;CHL
1888;Chile;CHL;1976;2.277272419;South America;CHL
1889;Chile;CHL;1977;2.150449344;South America;CHL
1890;Chile;CHL;1978;2.103804022;South America;CHL
1891;Chile;CHL;1979;2.245873109;South America;CHL
1892;Chile;CHL;1980;2.248964336;South America;CHL
1893;Chile;CHL;1981;2.153787614;South America;CHL
1894;Chile;CHL;1982;1.781971945;South America;CHL
1895;Chile;CHL;1983;1.77477941;South America;CHL
1896;Chile;CHL;1984;1.862197809;South America;CHL
1897;Chile;CHL;1985;1.775872572;South America;CHL
1898;Chile;CHL;1986;1.808137349;South America;CHL
1899;Chile;CHL;1987;1.812758965;South America;CHL
1900;Chile;CHL;1988;2.117466603;South America;CHL
1901;Chile;CHL;1989;2.505083076;South America;CHL
1902;Chile;CHL;1990;2.535133011;South America;CHL
1903;Chile;CHL;1991;2.345618342;South America;CHL
1904;Chile;CHL;1992;2.393682526;South America;CHL
1905;Chile;CHL;1993;2.513121072;South America;CHL
1906;Chile;CHL;1994;2.724034867;South America;CHL
1907;Chile;CHL;1995;2.94104334;South America;CHL
1908;Chile;CHL;1996;3.368968784;South America;CHL
1909;Chile;CHL;1997;3.864226566;South America;CHL
1910;Chile;CHL;1998;3.897700791;South America;CHL
1911;Chile;CHL;1999;4.106270865;South America;CHL
1912;Chile;CHL;2000;3.876961939;South America;CHL
1913;Chile;CHL;2001;3.486635212;South America;CHL
1914;Chile;CHL;2002;3.55976955;South America;CHL
1915;Chile;CHL;2003;3.534984654;South America;CHL
1916;Chile;CHL;2004;3.77389618;South America;CHL
1917;Chile;CHL;2005;3.84046304;South America;CHL
1918;Chile;CHL;2006;3.98128427;South America;CHL
1919;Chile;CHL;2007;4.35156491;South America;CHL
1920;Chile;CHL;2008;4.316439805;South America;CHL
1921;Chile;CHL;2009;3.969434147;South America;CHL
1922;Chile;CHL;2010;4.24672531;South America;CHL
1923;Chile;CHL;2011;4.61644538;South America;CHL
1924;China;CHN;1960;1.170381372;Asia;CHN
1925;China;CHN;1961;0.836046901;Asia;CHN
1926;China;CHN;1962;0.661428164;Asia;CHN
1927;China;CHN;1963;0.640001899;Asia;CHN
1928;China;CHN;1964;0.625646054;Asia;CHN
1929;China;CHN;1965;0.665524211;Asia;CHN
1930;China;CHN;1966;0.710891382;Asia;CHN
1931;China;CHN;1967;0.574162147;Asia;CHN
1932;China;CHN;1968;0.605451997;Asia;CHN
1933;China;CHN;1969;0.725149509;Asia;CHN
1934;China;CHN;1970;0.942934535;Asia;CHN
1935;China;CHN;1971;1.042239697;Asia;CHN
1936;China;CHN;1972;1.080676637;Asia;CHN
1937;China;CHN;1973;1.098195691;Asia;CHN
1938;China;CHN;1974;1.097367111;Asia;CHN
1939;China;CHN;1975;1.250124095;Asia;CHN
1940;China;CHN;1976;1.285283136;Asia;CHN
1941;China;CHN;1977;1.388842897;Asia;CHN
1942;China;CHN;1978;1.52920111;Asia;CHN
1943;China;CHN;1979;1.542675099;Asia;CHN
1944;China;CHN;1980;1.495250749;Asia;CHN
1945;China;CHN;1981;1.460431817;Asia;CHN
1946;China;CHN;1982;1.566739684;Asia;CHN
1947;China;CHN;1983;1.629055908;Asia;CHN
1948;China;CHN;1984;1.75044806;Asia;CHN
1949;China;CHN;1985;1.871054791;Asia;CHN
1950;China;CHN;1986;1.939434257;Asia;CHN
1951;China;CHN;1987;2.038410689;Asia;CHN
1952;China;CHN;1988;2.150905225;Asia;CHN
1953;China;CHN;1989;2.153077911;Asia;CHN
1954;China;CHN;1990;2.167703077;Asia;CHN
1955;China;CHN;1991;2.245901276;Asia;CHN
1956;China;CHN;1992;2.31420729;Asia;CHN
1957;China;CHN;1993;2.442800659;Asia;CHN
1958;China;CHN;1994;2.565993892;Asia;CHN
1959;China;CHN;1995;2.755754966;Asia;CHN
1960;China;CHN;1996;2.844309582;Asia;CHN
1961;China;CHN;1997;2.820567891;Asia;CHN
1962;China;CHN;1998;2.67674598;Asia;CHN
1963;China;CHN;1999;2.648649247;Asia;CHN
1964;China;CHN;2000;2.696862433;Asia;CHN
1965;China;CHN;2001;2.742120813;Asia;CHN
1966;China;CHN;2002;2.885225041;Asia;CHN
1967;China;CHN;2003;3.512245428;Asia;CHN
1968;China;CHN;2004;4.080138906;Asia;CHN
1969;China;CHN;2005;4.441150695;Asia;CHN
1970;China;CHN;2006;4.892727098;Asia;CHN
1971;China;CHN;2007;5.153564017;Asia;CHN
1972;China;CHN;2008;5.311151855;Asia;CHN
1973;China;CHN;2009;5.778143184;Asia;CHN
1974;China;CHN;2010;6.172488876;Asia;CHN
1975;China;CHN;2011;6.710301991;Asia;CHN
1976;Cote d'Ivoire;CIV;1960;0.132972288;Africa;CIV
1977;Cote d'Ivoire;CIV;1961;0.153721674;Africa;CIV
1978;Cote d'Ivoire;CIV;1962;0.156855909;Africa;CIV
1979;Cote d'Ivoire;CIV;1963;0.160260308;Africa;CIV
1980;Cote d'Ivoire;CIV;1964;0.188344991;Africa;CIV
1981;Cote d'Ivoire;CIV;1965;0.27808355;Africa;CIV
1982;Cote d'Ivoire;CIV;1966;0.294189799;Africa;CIV
1983;Cote d'Ivoire;CIV;1967;0.324270273;Africa;CIV
1984;Cote d'Ivoire;CIV;1968;0.367893244;Africa;CIV
1985;Cote d'Ivoire;CIV;1969;0.416391703;Africa;CIV
1986;Cote d'Ivoire;CIV;1970;0.465902722;Africa;CIV
1987;Cote d'Ivoire;CIV;1971;0.49315711;Africa;CIV
1988;Cote d'Ivoire;CIV;1972;0.524437451;Africa;CIV
1989;Cote d'Ivoire;CIV;1973;0.53286982;Africa;CIV
1990;Cote d'Ivoire;CIV;1974;0.564472595;Africa;CIV
1991;Cote d'Ivoire;CIV;1975;0.603914238;Africa;CIV
1992;Cote d'Ivoire;CIV;1976;0.573142555;Africa;CIV
1993;Cote d'Ivoire;CIV;1977;0.560377127;Africa;CIV
1994;Cote d'Ivoire;CIV;1978;0.636554737;Africa;CIV
1995;Cote d'Ivoire;CIV;1979;0.685443084;Africa;CIV
1996;Cote d'Ivoire;CIV;1980;0.75287183;Africa;CIV
1997;Cote d'Ivoire;CIV;1981;0.517596868;Africa;CIV
1998;Cote d'Ivoire;CIV;1982;0.678621479;Africa;CIV
1999;Cote d'Ivoire;CIV;1983;0.515857499;Africa;CIV
2000;Cote d'Ivoire;CIV;1984;0.553291013;Africa;CIV
2001;Cote d'Ivoire;CIV;1985;0.721268183;Africa;CIV
2002;Cote d'Ivoire;CIV;1986;0.565616732;Africa;CIV
2003;Cote d'Ivoire;CIV;1987;0.702227983;Africa;CIV
2004;Cote d'Ivoire;CIV;1988;0.807979838;Africa;CIV
2005;Cote d'Ivoire;CIV;1989;0.725613209;Africa;CIV
2006;Cote d'Ivoire;CIV;1990;0.476538744;Africa;CIV
2007;Cote d'Ivoire;CIV;1991;0.447281467;Africa;CIV
2008;Cote d'Ivoire;CIV;1992;0.35442017;Africa;CIV
2009;Cote d'Ivoire;CIV;1993;0.436518645;Africa;CIV
2010;Cote d'Ivoire;CIV;1994;0.376324148;Africa;CIV
2011;Cote d'Ivoire;CIV;1995;0.49515042;Africa;CIV
2012;Cote d'Ivoire;CIV;1996;0.564165507;Africa;CIV
2013;Cote d'Ivoire;CIV;1997;0.534357649;Africa;CIV
2014;Cote d'Ivoire;CIV;1998;0.439476295;Africa;CIV
2015;Cote d'Ivoire;CIV;1999;0.388336309;Africa;CIV
2016;Cote d'Ivoire;CIV;2000;0.411145743;Africa;CIV
2017;Cote d'Ivoire;CIV;2001;0.458120175;Africa;CIV
2018;Cote d'Ivoire;CIV;2002;0.423983154;Africa;CIV
2019;Cote d'Ivoire;CIV;2003;0.312160239;Africa;CIV
2020;Cote d'Ivoire;CIV;2004;0.430502632;Africa;CIV
2021;Cote d'Ivoire;CIV;2005;0.431561606;Africa;CIV
2022;Cote d'Ivoire;CIV;2006;0.378474934;Africa;CIV
2023;Cote d'Ivoire;CIV;2007;0.364908082;Africa;CIV
2024;Cote d'Ivoire;CIV;2008;0.356768972;Africa;CIV
2025;Cote d'Ivoire;CIV;2009;0.297496879;Africa;CIV
2026;Cote d'Ivoire;CIV;2010;0.292351513;Africa;CIV
2027;Cote d'Ivoire;CIV;2011;0.312877703;Africa;CIV
2028;Cameroon;CMR;1960;0.050613584;Africa;CMR
2029;Cameroon;CMR;1961;0.051577046;Africa;CMR
2030;Cameroon;CMR;1962;0.051788526;Africa;CMR
2031;Cameroon;CMR;1963;0.052576832;Africa;CMR
2032;Cameroon;CMR;1964;0.057664585;Africa;CMR
2033;Cameroon;CMR;1965;0.052056133;Africa;CMR
2034;Cameroon;CMR;1966;0.056222241;Africa;CMR
2035;Cameroon;CMR;1967;0.072981015;Africa;CMR
2036;Cameroon;CMR;1968;0.078613276;Africa;CMR
2037;Cameroon;CMR;1969;0.086668255;Africa;CMR
2038;Cameroon;CMR;1970;0.094234398;Africa;CMR
2039;Cameroon;CMR;1971;0.116624672;Africa;CMR
2040;Cameroon;CMR;1972;0.120787752;Africa;CMR
2041;Cameroon;CMR;1973;0.122602408;Africa;CMR
2042;Cameroon;CMR;1974;0.129543206;Africa;CMR
2043;Cameroon;CMR;1975;0.150182114;Africa;CMR
2044;Cameroon;CMR;1976;0.137290785;Africa;CMR
2045;Cameroon;CMR;1977;0.191235906;Africa;CMR
2046;Cameroon;CMR;1978;0.237627774;Africa;CMR
2047;Cameroon;CMR;1979;0.210964199;Africa;CMR
2048;Cameroon;CMR;1980;0.43722594;Africa;CMR
2049;Cameroon;CMR;1981;0.580668865;Africa;CMR
2050;Cameroon;CMR;1982;0.669143785;Africa;CMR
2051;Cameroon;CMR;1983;0.674434462;Africa;CMR
2052;Cameroon;CMR;1984;0.601530825;Africa;CMR
2053;Cameroon;CMR;1985;0.623818598;Africa;CMR
2054;Cameroon;CMR;1986;0.187436983;Africa;CMR
2055;Cameroon;CMR;1987;0.168200107;Africa;CMR
2056;Cameroon;CMR;1988;0.194470042;Africa;CMR
2057;Cameroon;CMR;1989;0.651905547;Africa;CMR
2058;Cameroon;CMR;1990;0.144002179;Africa;CMR
2059;Cameroon;CMR;1991;0.08938642;Africa;CMR
2060;Cameroon;CMR;1992;0.296586888;Africa;CMR
2061;Cameroon;CMR;1993;0.295997525;Africa;CMR
2062;Cameroon;CMR;1994;0.281789095;Africa;CMR
2063;Cameroon;CMR;1995;0.313270864;Africa;CMR
2064;Cameroon;CMR;1996;0.321437704;Africa;CMR
2065;Cameroon;CMR;1997;0.218624577;Africa;CMR
2066;Cameroon;CMR;1998;0.212370347;Africa;CMR
2067;Cameroon;CMR;1999;0.198545221;Africa;CMR
2068;Cameroon;CMR;2000;0.215493084;Africa;CMR
2069;Cameroon;CMR;2001;0.209262636;Africa;CMR
2070;Cameroon;CMR;2002;0.203680529;Africa;CMR
2071;Cameroon;CMR;2003;0.220421346;Africa;CMR
2072;Cameroon;CMR;2004;0.223952228;Africa;CMR
2073;Cameroon;CMR;2005;0.20391329;Africa;CMR
2074;Cameroon;CMR;2006;0.207631788;Africa;CMR
2075;Cameroon;CMR;2007;0.305805976;Africa;CMR
2076;Cameroon;CMR;2008;0.283310454;Africa;CMR
2077;Cameroon;CMR;2009;0.332458227;Africa;CMR
2078;Cameroon;CMR;2010;0.325727347;Africa;CMR
2079;Cameroon;CMR;2011;0.268091793;Africa;CMR
2080;Congo, Dem. Rep.;COD;1960;0.152228066;Africa;COD
2081;Congo, Dem. Rep.;COD;1961;0.150781684;Africa;COD
2082;Congo, Dem. Rep.;COD;1962;0.135558726;Africa;COD
2083;Congo, Dem. Rep.;COD;1963;0.139445632;Africa;COD
2084;Congo, Dem. Rep.;COD;1964;0.116926456;Africa;COD
2085;Congo, Dem. Rep.;COD;1965;0.142290044;Africa;COD
2086;Congo, Dem. Rep.;COD;1966;0.134675336;Africa;COD
2087;Congo, Dem. Rep.;COD;1967;0.124706248;Africa;COD
2088;Congo, Dem. Rep.;COD;1968;0.178181223;Africa;COD
2089;Congo, Dem. Rep.;COD;1969;0.18769493;Africa;COD
2090;Congo, Dem. Rep.;COD;1970;0.135611859;Africa;COD
2091;Congo, Dem. Rep.;COD;1971;0.14408987;Africa;COD
2092;Congo, Dem. Rep.;COD;1972;0.143061814;Africa;COD
2093;Congo, Dem. Rep.;COD;1973;0.147250717;Africa;COD
2094;Congo, Dem. Rep.;COD;1974;0.151241408;Africa;COD
2095;Congo, Dem. Rep.;COD;1975;0.141381631;Africa;COD
2096;Congo, Dem. Rep.;COD;1976;0.144925428;Africa;COD
2097;Congo, Dem. Rep.;COD;1977;0.143850528;Africa;COD
2098;Congo, Dem. Rep.;COD;1978;0.141840587;Africa;COD
2099;Congo, Dem. Rep.;COD;1979;0.146357065;Africa;COD
2100;Congo, Dem. Rep.;COD;1980;0.132865308;Africa;COD
2101;Congo, Dem. Rep.;COD;1981;0.139635098;Africa;COD
2102;Congo, Dem. Rep.;COD;1982;0.110772304;Africa;COD
2103;Congo, Dem. Rep.;COD;1983;0.141533631;Africa;COD
2104;Congo, Dem. Rep.;COD;1984;0.135797698;Africa;COD
2105;Congo, Dem. Rep.;COD;1985;0.121435726;Africa;COD
2106;Congo, Dem. Rep.;COD;1986;0.109549311;Africa;COD
2107;Congo, Dem. Rep.;COD;1987;0.121495264;Africa;COD
2108;Congo, Dem. Rep.;COD;1988;0.122948634;Africa;COD
2109;Congo, Dem. Rep.;COD;1989;0.130114584;Africa;COD
2110;Congo, Dem. Rep.;COD;1990;0.116420436;Africa;COD
2111;Congo, Dem. Rep.;COD;1991;0.10341751;Africa;COD
2112;Congo, Dem. Rep.;COD;1992;0.095790409;Africa;COD
2113;Congo, Dem. Rep.;COD;1993;0.086743327;Africa;COD
2114;Congo, Dem. Rep.;COD;1994;0.060751184;Africa;COD
2115;Congo, Dem. Rep.;COD;1995;0.070325946;Africa;COD
2116;Congo, Dem. Rep.;COD;1996;0.074817783;Africa;COD
2117;Congo, Dem. Rep.;COD;1997;0.065672679;Africa;COD
2118;Congo, Dem. Rep.;COD;1998;0.055509548;Africa;COD
2119;Congo, Dem. Rep.;COD;1999;0.048043506;Africa;COD
2120;Congo, Dem. Rep.;COD;2000;0.034266988;Africa;COD
2121;Congo, Dem. Rep.;COD;2001;0.033667364;Africa;COD
2122;Congo, Dem. Rep.;COD;2002;0.034963955;Africa;COD
2123;Congo, Dem. Rep.;COD;2003;0.035413647;Africa;COD
2124;Congo, Dem. Rep.;COD;2004;0.039360521;Africa;COD
2125;Congo, Dem. Rep.;COD;2005;0.044326022;Africa;COD
2126;Congo, Dem. Rep.;COD;2006;0.045578872;Africa;COD
2127;Congo, Dem. Rep.;COD;2007;0.047312274;Africa;COD
2128;Congo, Dem. Rep.;COD;2008;0.048411373;Africa;COD
2129;Congo, Dem. Rep.;COD;2009;0.045604097;Africa;COD
2130;Congo, Dem. Rep.;COD;2010;0.049328064;Africa;COD
2131;Congo, Dem. Rep.;COD;2011;0.050302688;Africa;COD
2132;Congo, Rep.;COG;1960;0.220689812;Africa;COG
2133;Congo, Rep.;COG;1961;0.257403607;Africa;COG
2134;Congo, Rep.;COG;1962;0.223260157;Africa;COG
2135;Congo, Rep.;COG;1963;0.214033353;Africa;COG
2136;Congo, Rep.;COG;1964;0.2376092;Africa;COG
2137;Congo, Rep.;COG;1965;0.212184074;Africa;COG
2138;Congo, Rep.;COG;1966;0.258768558;Africa;COG
2139;Congo, Rep.;COG;1967;0.263631692;Africa;COG
2140;Congo, Rep.;COG;1968;0.358199319;Africa;COG
2141;Congo, Rep.;COG;1969;0.387597144;Africa;COG
2142;Congo, Rep.;COG;1970;0.428474485;Africa;COG
2143;Congo, Rep.;COG;1971;0.498281123;Africa;COG
2144;Congo, Rep.;COG;1972;0.467642262;Africa;COG
2145;Congo, Rep.;COG;1973;0.834062588;Africa;COG
2146;Congo, Rep.;COG;1974;1.075900734;Africa;COG
2147;Congo, Rep.;COG;1975;0.706820714;Africa;COG
2148;Congo, Rep.;COG;1976;0.770701976;Africa;COG
2149;Congo, Rep.;COG;1977;0.290937622;Africa;COG
2150;Congo, Rep.;COG;1978;0.189845633;Africa;COG
2151;Congo, Rep.;COG;1979;0.199081755;Africa;COG
2152;Congo, Rep.;COG;1980;0.225919804;Africa;COG
2153;Congo, Rep.;COG;1981;0.254955963;Africa;COG
2154;Congo, Rep.;COG;1982;0.704306573;Africa;COG
2155;Congo, Rep.;COG;1983;0.581473026;Africa;COG
2156;Congo, Rep.;COG;1984;0.563089783;Africa;COG
2157;Congo, Rep.;COG;1985;0.614203071;Africa;COG
2158;Congo, Rep.;COG;1986;0.498054869;Africa;COG
2159;Congo, Rep.;COG;1987;0.601145903;Africa;COG
2160;Congo, Rep.;COG;1988;0.662897526;Africa;COG
2161;Congo, Rep.;COG;1989;0.648540594;Africa;COG
2162;Congo, Rep.;COG;1990;0.497852264;Africa;COG
2163;Congo, Rep.;COG;1991;0.516347125;Africa;COG
2164;Congo, Rep.;COG;1992;0.625527306;Africa;COG
2165;Congo, Rep.;COG;1993;0.598072061;Africa;COG
2166;Congo, Rep.;COG;1994;0.810902337;Africa;COG
2167;Congo, Rep.;COG;1995;0.575394934;Africa;COG
2168;Congo, Rep.;COG;1996;0.613810994;Africa;COG
2169;Congo, Rep.;COG;1997;0.815416904;Africa;COG
2170;Congo, Rep.;COG;1998;0.263258078;Africa;COG
2171;Congo, Rep.;COG;1999;0.270915699;Africa;COG
2172;Congo, Rep.;COG;2000;0.33730179;Africa;COG
2173;Congo, Rep.;COG;2001;0.240713305;Africa;COG
2174;Congo, Rep.;COG;2002;0.176770805;Africa;COG
2175;Congo, Rep.;COG;2003;0.275171061;Africa;COG
2176;Congo, Rep.;COG;2004;0.278308394;Africa;COG
2177;Congo, Rep.;COG;2005;0.353815464;Africa;COG
2178;Congo, Rep.;COG;2006;0.31028035;Africa;COG
2179;Congo, Rep.;COG;2007;0.32666481;Africa;COG
2180;Congo, Rep.;COG;2008;0.34155941;Africa;COG
2181;Congo, Rep.;COG;2009;0.431598927;Africa;COG
2182;Congo, Rep.;COG;2010;0.473472226;Africa;COG
2183;Congo, Rep.;COG;2011;0.538098379;Africa;COG
2184;Colombia;COL;1960;0.995718607;South America;COL
2185;Colombia;COL;1961;1.072742918;South America;COL
2186;Colombia;COL;1962;1.11098569;South America;COL
2187;Colombia;COL;1963;1.178780737;South America;COL
2188;Colombia;COL;1964;1.168263519;South America;COL
2189;Colombia;COL;1965;1.195438989;South America;COL
2190;Colombia;COL;1966;1.19168653;South America;COL
2191;Colombia;COL;1967;1.216834769;South America;COL
2192;Colombia;COL;1968;1.27261456;South America;COL
2193;Colombia;COL;1969;1.305148707;South America;COL
2194;Colombia;COL;1970;1.287534856;South America;COL
2195;Colombia;COL;1971;1.341150986;South America;COL
2196;Colombia;COL;1972;1.360066658;South America;COL
2197;Colombia;COL;1973;1.423460807;South America;COL
2198;Colombia;COL;1974;1.50691023;South America;COL
2199;Colombia;COL;1975;1.449945791;South America;COL
2200;Colombia;COL;1976;1.504107306;South America;COL
2201;Colombia;COL;1977;1.519168331;South America;COL
2202;Colombia;COL;1978;1.572806523;South America;COL
2203;Colombia;COL;1979;1.638778565;South America;COL
2204;Colombia;COL;1980;1.59911255;South America;COL
2205;Colombia;COL;1981;1.566771773;South America;COL
2206;Colombia;COL;1982;1.581777555;South America;COL
2207;Colombia;COL;1983;1.665689867;South America;COL
2208;Colombia;COL;1984;1.613838111;South America;COL
2209;Colombia;COL;1985;1.56001615;South America;COL
2210;Colombia;COL;1986;1.55040957;South America;COL
2211;Colombia;COL;1987;1.561896635;South America;COL
2212;Colombia;COL;1988;1.590434763;South America;COL
2213;Colombia;COL;1989;1.583188771;South America;COL
2214;Colombia;COL;1990;1.673025884;South America;COL
2215;Colombia;COL;1991;1.635914748;South America;COL
2216;Colombia;COL;1992;1.744983272;South America;COL
2217;Colombia;COL;1993;1.768803766;South America;COL
2218;Colombia;COL;1994;1.8350167;South America;COL
2219;Colombia;COL;1995;1.592181263;South America;COL
2220;Colombia;COL;1996;1.590776062;South America;COL
2221;Colombia;COL;1997;1.679619098;South America;COL
2222;Colombia;COL;1998;1.681617087;South America;COL
2223;Colombia;COL;1999;1.419215476;South America;COL
2224;Colombia;COL;2000;1.433620205;South America;COL
2225;Colombia;COL;2001;1.372902655;South America;COL
2226;Colombia;COL;2002;1.33889957;South America;COL
2227;Colombia;COL;2003;1.362245036;South America;COL
2228;Colombia;COL;2004;1.28898988;South America;COL
2229;Colombia;COL;2005;1.407985319;South America;COL
2230;Colombia;COL;2006;1.435823423;South America;COL
2231;Colombia;COL;2007;1.406899642;South America;COL
2232;Colombia;COL;2008;1.451147307;South America;COL
2233;Colombia;COL;2009;1.484764251;South America;COL
2234;Colombia;COL;2010;1.711390678;South America;COL
2235;Colombia;COL;2011;1.560629099;South America;COL
2236;Comoros;COM;1960;0.058289002;Africa;COM
2237;Comoros;COM;1961;0.057348249;Africa;COM
2238;Comoros;COM;1962;0.056426959;Africa;COM
2239;Comoros;COM;1963;0.055503141;Africa;COM
2240;Comoros;COM;1964;0.054550864;Africa;COM
2241;Comoros;COM;1965;0.071407707;Africa;COM
2242;Comoros;COM;1966;0.087502863;Africa;COM
2243;Comoros;COM;1967;0.085662359;Africa;COM
2244;Comoros;COM;1968;0.083800287;Africa;COM
2245;Comoros;COM;1969;0.081988472;Africa;COM
2246;Comoros;COM;1970;0.128417154;Africa;COM
2247;Comoros;COM;1971;0.12583807;Africa;COM
2248;Comoros;COM;1972;0.123365728;Africa;COM
2249;Comoros;COM;1973;0.120786413;Africa;COM
2250;Comoros;COM;1974;0.117852652;Africa;COM
2251;Comoros;COM;1975;0.128762548;Africa;COM
2252;Comoros;COM;1976;0.152080804;Africa;COM
2253;Comoros;COM;1977;0.146415919;Africa;COM
2254;Comoros;COM;1978;0.10236476;Africa;COM
2255;Comoros;COM;1979;0.073890484;Africa;COM
2256;Comoros;COM;1980;0.154516106;Africa;COM
2257;Comoros;COM;1981;0.149598787;Africa;COM
2258;Comoros;COM;1982;0.145181282;Africa;COM
2259;Comoros;COM;1983;0.141099827;Africa;COM
2260;Comoros;COM;1984;0.137163787;Africa;COM
2261;Comoros;COM;1985;0.153761646;Africa;COM
2262;Comoros;COM;1986;0.139337699;Africa;COM
2263;Comoros;COM;1987;0.154567177;Africa;COM
2264;Comoros;COM;1988;0.159380569;Africa;COM
2265;Comoros;COM;1989;0.154686193;Africa;COM
2266;Comoros;COM;1990;0.185494672;Africa;COM
2267;Comoros;COM;1991;0.18010974;Africa;COM
2268;Comoros;COM;1992;0.17491573;Africa;COM
2269;Comoros;COM;1993;0.169922858;Africa;COM
2270;Comoros;COM;1994;0.165141569;Africa;COM
2271;Comoros;COM;1995;0.168220129;Africa;COM
2272;Comoros;COM;1996;0.133892113;Africa;COM
2273;Comoros;COM;1997;0.130311436;Africa;COM
2274;Comoros;COM;1998;0.140989657;Africa;COM
2275;Comoros;COM;1999;0.151100656;Africa;COM
2276;Comoros;COM;2000;0.153992361;Africa;COM
2277;Comoros;COM;2001;0.156730333;Africa;COM
2278;Comoros;COM;2002;0.159316196;Africa;COM
2279;Comoros;COM;2003;0.167954198;Africa;COM
2280;Comoros;COM;2004;0.170030255;Africa;COM
2281;Comoros;COM;2005;0.177827852;Africa;COM
2282;Comoros;COM;2006;0.190925098;Africa;COM
2283;Comoros;COM;2007;0.180694914;Africa;COM
2284;Comoros;COM;2008;0.181858212;Africa;COM
2285;Comoros;COM;2009;0.177475819;Africa;COM
2286;Comoros;COM;2010;0.188940811;Africa;COM
2287;Comoros;COM;2011;0.220233473;Africa;COM
2288;Cabo Verde;CPV;1960;0.108750667;Africa;CPV
2289;Cabo Verde;CPV;1961;0.106827606;Africa;CPV
2290;Cabo Verde;CPV;1962;0.086950955;Africa;CPV
2291;Cabo Verde;CPV;1963;0.067621581;Africa;CPV
2292;Cabo Verde;CPV;1964;0.131049702;Africa;CPV
2293;Cabo Verde;CPV;1965;0.110916185;Africa;CPV
2294;Cabo Verde;CPV;1966;0.091764853;Africa;CPV
2295;Cabo Verde;CPV;1967;0.07371358;Africa;CPV
2296;Cabo Verde;CPV;1968;0.113935948;Africa;CPV
2297;Cabo Verde;CPV;1969;0.138437435;Africa;CPV
2298;Cabo Verde;CPV;1970;0.135715793;Africa;CPV
2299;Cabo Verde;CPV;1971;0.134296272;Africa;CPV
2300;Cabo Verde;CPV;1972;0.187510044;Africa;CPV
2301;Cabo Verde;CPV;1973;0.228171633;Africa;CPV
2302;Cabo Verde;CPV;1974;0.242215853;Africa;CPV
2303;Cabo Verde;CPV;1975;0.282516739;Africa;CPV
2304;Cabo Verde;CPV;1976;0.268031064;Africa;CPV
2305;Cabo Verde;CPV;1977;0.292849909;Africa;CPV
2306;Cabo Verde;CPV;1978;0.751456038;Africa;CPV
2307;Cabo Verde;CPV;1979;0.885638685;Africa;CPV
2308;Cabo Verde;CPV;1980;0.423709467;Africa;CPV
2309;Cabo Verde;CPV;1981;0.113635738;Africa;CPV
2310;Cabo Verde;CPV;1982;0.123855427;Africa;CPV
2311;Cabo Verde;CPV;1983;0.121353922;Africa;CPV
2312;Cabo Verde;CPV;1984;0.27361144;Africa;CPV
2313;Cabo Verde;CPV;1985;0.268622442;Africa;CPV
2314;Cabo Verde;CPV;1986;0.183831984;Africa;CPV
2315;Cabo Verde;CPV;1987;0.249015347;Africa;CPV
2316;Cabo Verde;CPV;1988;0.223012154;Africa;CPV
2317;Cabo Verde;CPV;1989;0.241197346;Africa;CPV
2318;Cabo Verde;CPV;1990;0.257894367;Africa;CPV
2319;Cabo Verde;CPV;1991;0.262433944;Africa;CPV
2320;Cabo Verde;CPV;1992;0.286426035;Africa;CPV
2321;Cabo Verde;CPV;1993;0.278690527;Africa;CPV
2322;Cabo Verde;CPV;1994;0.290445476;Africa;CPV
2323;Cabo Verde;CPV;1995;0.292111647;Africa;CPV
2324;Cabo Verde;CPV;1996;0.348794017;Africa;CPV
2325;Cabo Verde;CPV;1997;0.348978173;Africa;CPV
2326;Cabo Verde;CPV;1998;0.366801307;Africa;CPV
2327;Cabo Verde;CPV;1999;0.401207237;Africa;CPV
2328;Cabo Verde;CPV;2000;0.426262203;Africa;CPV
2329;Cabo Verde;CPV;2001;0.467230869;Africa;CPV
2330;Cabo Verde;CPV;2002;0.539506276;Africa;CPV
2331;Cabo Verde;CPV;2003;0.546869833;Africa;CPV
2332;Cabo Verde;CPV;2004;0.562968965;Africa;CPV
2333;Cabo Verde;CPV;2005;0.618610614;Africa;CPV
2334;Cabo Verde;CPV;2006;0.644052983;Africa;CPV
2335;Cabo Verde;CPV;2007;0.769548992;Africa;CPV
2336;Cabo Verde;CPV;2008;0.591177784;Africa;CPV
2337;Cabo Verde;CPV;2009;0.625391176;Africa;CPV
2338;Cabo Verde;CPV;2010;0.598231164;Africa;CPV
2339;Cabo Verde;CPV;2011;0.859061433;Africa;CPV
2340;Costa Rica;CRI;1960;0.368614042;North America;CRI
2341;Costa Rica;CRI;1961;0.3555763;North America;CRI
2342;Costa Rica;CRI;1962;0.383956811;North America;CRI
2343;Costa Rica;CRI;1963;0.405108211;North America;CRI
2344;Costa Rica;CRI;1964;0.438980244;North America;CRI
2345;Costa Rica;CRI;1965;0.532878509;North America;CRI
2346;Costa Rica;CRI;1966;0.605141674;North America;CRI
2347;Costa Rica;CRI;1967;0.517145991;North America;CRI
2348;Costa Rica;CRI;1968;0.59406882;North America;CRI
2349;Costa Rica;CRI;1969;0.638248027;North America;CRI
2350;Costa Rica;CRI;1970;0.67632931;North America;CRI
2351;Costa Rica;CRI;1971;0.805502732;North America;CRI
2352;Costa Rica;CRI;1972;0.905898057;North America;CRI
2353;Costa Rica;CRI;1973;1.025274785;North America;CRI
2354;Costa Rica;CRI;1974;0.932175715;North America;CRI
2355;Costa Rica;CRI;1975;0.972080804;North America;CRI
2356;Costa Rica;CRI;1976;0.969802816;North America;CRI
2357;Costa Rica;CRI;1977;1.184281843;North America;CRI
2358;Costa Rica;CRI;1978;1.289674175;North America;CRI
2359;Costa Rica;CRI;1979;1.200947433;North America;CRI
2360;Costa Rica;CRI;1980;1.031354253;North America;CRI
2361;Costa Rica;CRI;1981;0.917449667;North America;CRI
2362;Costa Rica;CRI;1982;0.827603372;North America;CRI
2363;Costa Rica;CRI;1983;0.812707824;North America;CRI
2364;Costa Rica;CRI;1984;0.752764523;North America;CRI
2365;Costa Rica;CRI;1985;0.830041854;North America;CRI
2366;Costa Rica;CRI;1986;0.930828287;North America;CRI
2367;Costa Rica;CRI;1987;0.960090021;North America;CRI
2368;Costa Rica;CRI;1988;0.998768577;North America;CRI
2369;Costa Rica;CRI;1989;0.98508887;North America;CRI
2370;Costa Rica;CRI;1990;0.954653659;North America;CRI
2371;Costa Rica;CRI;1991;1.050797725;North America;CRI
2372;Costa Rica;CRI;1992;1.163997258;North America;CRI
2373;Costa Rica;CRI;1993;1.1831847;North America;CRI
2374;Costa Rica;CRI;1994;1.538223226;North America;CRI
2375;Costa Rica;CRI;1995;1.385990587;North America;CRI
2376;Costa Rica;CRI;1996;1.320299561;North America;CRI
2377;Costa Rica;CRI;1997;1.354192887;North America;CRI
2378;Costa Rica;CRI;1998;1.411369579;North America;CRI
2379;Costa Rica;CRI;1999;1.434891295;North America;CRI
2380;Costa Rica;CRI;2000;1.394701499;North America;CRI
2381;Costa Rica;CRI;2001;1.441367344;North America;CRI
2382;Costa Rica;CRI;2002;1.556793302;North America;CRI
2383;Costa Rica;CRI;2003;1.605990591;North America;CRI
2384;Costa Rica;CRI;2004;1.655258048;North America;CRI
2385;Costa Rica;CRI;2005;1.616889089;North America;CRI
2386;Costa Rica;CRI;2006;1.647634719;North America;CRI
2387;Costa Rica;CRI;2007;1.85890149;North America;CRI
2388;Costa Rica;CRI;2008;1.880064504;North America;CRI
2389;Costa Rica;CRI;2009;1.693682921;North America;CRI
2390;Costa Rica;CRI;2010;1.665177867;North America;CRI
2391;Costa Rica;CRI;2011;1.704974495;North America;CRI
2392;Cuba;CUB;1960;1.91845183;North America;CUB
2393;Cuba;CUB;1961;1.671064667;North America;CUB
2394;Cuba;CUB;1962;1.90181472;North America;CUB
2395;Cuba;CUB;1963;1.711635275;North America;CUB
2396;Cuba;CUB;1964;1.835583986;North America;CUB
2397;Cuba;CUB;1965;1.837205769;North America;CUB
2398;Cuba;CUB;1966;1.872286765;North America;CUB
2399;Cuba;CUB;1967;1.905932767;North America;CUB
2400;Cuba;CUB;1968;1.905998327;North America;CUB
2401;Cuba;CUB;1969;2.01567021;North America;CUB
2402;Cuba;CUB;1970;2.142524437;North America;CUB
2403;Cuba;CUB;1971;2.21054512;North America;CUB
2404;Cuba;CUB;1972;2.304546808;North America;CUB
2405;Cuba;CUB;1973;2.440923225;North America;CUB
2406;Cuba;CUB;1974;2.459528021;North America;CUB
2407;Cuba;CUB;1975;2.867646842;North America;CUB
2408;Cuba;CUB;1976;2.852372544;North America;CUB
2409;Cuba;CUB;1977;3.051685697;North America;CUB
2410;Cuba;CUB;1978;3.160115444;North America;CUB
2411;Cuba;CUB;1979;3.243457618;North America;CUB
2412;Cuba;CUB;1980;3.192674723;North America;CUB
2413;Cuba;CUB;1981;3.313360115;North America;CUB
2414;Cuba;CUB;1982;3.481308771;North America;CUB
2415;Cuba;CUB;1983;3.094608534;North America;CUB
2416;Cuba;CUB;1984;3.254776725;North America;CUB
2417;Cuba;CUB;1985;3.230949153;North America;CUB
2418;Cuba;CUB;1986;3.301310445;North America;CUB
2419;Cuba;CUB;1987;3.306246029;North America;CUB
2420;Cuba;CUB;1988;3.433435911;North America;CUB
2421;Cuba;CUB;1989;3.408183015;North America;CUB
2422;Cuba;CUB;1990;3.165197359;North America;CUB
2423;Cuba;CUB;1991;2.780703726;North America;CUB
2424;Cuba;CUB;1992;2.923482748;North America;CUB
2425;Cuba;CUB;1993;2.72098649;North America;CUB
2426;Cuba;CUB;1994;2.9711882;North America;CUB
2427;Cuba;CUB;1995;2.357346768;North America;CUB
2428;Cuba;CUB;1996;2.464220658;North America;CUB
2429;Cuba;CUB;1997;2.240782566;North America;CUB
2430;Cuba;CUB;1998;2.218752437;North America;CUB
2431;Cuba;CUB;1999;2.286144333;North America;CUB
2432;Cuba;CUB;2000;2.346304827;North America;CUB
2433;Cuba;CUB;2001;2.282447286;North America;CUB
2434;Cuba;CUB;2002;2.332747256;North America;CUB
2435;Cuba;CUB;2003;2.272494018;North America;CUB
2436;Cuba;CUB;2004;2.224533836;North America;CUB
2437;Cuba;CUB;2005;2.309408038;North America;CUB
2438;Cuba;CUB;2006;2.430747165;North America;CUB
2439;Cuba;CUB;2007;2.374571685;North America;CUB
2440;Cuba;CUB;2008;2.696438401;North America;CUB
2441;Cuba;CUB;2009;2.646355786;North America;CUB
2442;Cuba;CUB;2010;3.392291813;North America;CUB
2443;Cuba;CUB;2011;3.172315091;North America;CUB
2496;Cayman Islands;CYM;1960;1.39837295;North America;CYM
2497;Cayman Islands;CYM;1961;1.370670321;North America;CYM
2498;Cayman Islands;CYM;1962;1.351142225;North America;CYM
2499;Cayman Islands;CYM;1963;1.337019932;North America;CYM
2500;Cayman Islands;CYM;1964;1.325581395;North America;CYM
2501;Cayman Islands;CYM;1965;1.314179907;North America;CYM
2502;Cayman Islands;CYM;1966;2.171878702;North America;CYM
2503;Cayman Islands;CYM;1967;1.72200047;North America;CYM
2504;Cayman Islands;CYM;1968;2.548887859;North America;CYM
2505;Cayman Islands;CYM;1969;4.982901144;North America;CYM
2506;Cayman Islands;CYM;1970;4.010279965;North America;CYM
2507;Cayman Islands;CYM;1971;4.591881457;North America;CYM
2508;Cayman Islands;CYM;1972;5.426161586;North America;CYM
2509;Cayman Islands;CYM;1973;5.440148354;North America;CYM
2510;Cayman Islands;CYM;1974;4.785540282;North America;CYM
2511;Cayman Islands;CYM;1975;4.794247426;North America;CYM
2512;Cayman Islands;CYM;1976;5.351228879;North America;CYM
2513;Cayman Islands;CYM;1977;5.299132948;North America;CYM
2514;Cayman Islands;CYM;1978;6.502216463;North America;CYM
2515;Cayman Islands;CYM;1979;6.172201722;North America;CYM
2516;Cayman Islands;CYM;1980;10.20879733;North America;CYM
2517;Cayman Islands;CYM;1981;9.388568026;North America;CYM
2518;Cayman Islands;CYM;1982;9.507115285;North America;CYM
2519;Cayman Islands;CYM;1983;9.622522472;North America;CYM
2520;Cayman Islands;CYM;1984;10.08558486;North America;CYM
2521;Cayman Islands;CYM;1985;10.06217965;North America;CYM
2522;Cayman Islands;CYM;1986;10.13883677;North America;CYM
2523;Cayman Islands;CYM;1987;10.13695357;North America;CYM
2524;Cayman Islands;CYM;1988;10.08713785;North America;CYM
2525;Cayman Islands;CYM;1989;10.95041218;North America;CYM
2526;Cayman Islands;CYM;1990;10.11727778;North America;CYM
2527;Cayman Islands;CYM;1991;10.49273206;North America;CYM
2528;Cayman Islands;CYM;1992;11.37489964;North America;CYM
2529;Cayman Islands;CYM;1993;11.64655172;North America;CYM
2530;Cayman Islands;CYM;1994;12.2009649;North America;CYM
2531;Cayman Islands;CYM;1995;11.57805001;North America;CYM
2532;Cayman Islands;CYM;1996;11.59093484;North America;CYM
2533;Cayman Islands;CYM;1997;11.43490842;North America;CYM
2534;Cayman Islands;CYM;1998;11.27052091;North America;CYM
2535;Cayman Islands;CYM;1999;10.59294147;North America;CYM
2536;Cayman Islands;CYM;2000;10.9081924;North America;CYM
2537;Cayman Islands;CYM;2001;10.49721818;North America;CYM
2538;Cayman Islands;CYM;2002;10.4907246;North America;CYM
2539;Cayman Islands;CYM;2003;10.43571863;North America;CYM
2540;Cayman Islands;CYM;2004;9.768536333;North America;CYM
2541;Cayman Islands;CYM;2005;9.879624869;North America;CYM
2542;Cayman Islands;CYM;2006;9.675461741;North America;CYM
2543;Cayman Islands;CYM;2007;11.32581585;North America;CYM
2544;Cayman Islands;CYM;2008;11.22444969;North America;CYM
2545;Cayman Islands;CYM;2009;10.33528599;North America;CYM
2546;Cayman Islands;CYM;2010;10.17344935;North America;CYM
2547;Cayman Islands;CYM;2011;10.30493107;North America;CYM
2548;Cyprus;CYP;1960;1.548907456;Europe;CYP
2549;Cyprus;CYP;1960;1.548907456;Asia;CYP
2550;Cyprus;CYP;1961;1.501421768;Europe;CYP
2551;Cyprus;CYP;1961;1.501421768;Asia;CYP
2552;Cyprus;CYP;1962;1.567877983;Europe;CYP
2553;Cyprus;CYP;1962;1.567877983;Asia;CYP
2554;Cyprus;CYP;1963;1.706874057;Europe;CYP
2555;Cyprus;CYP;1963;1.706874057;Asia;CYP
2556;Cyprus;CYP;1964;1.730108584;Europe;CYP
2557;Cyprus;CYP;1964;1.730108584;Asia;CYP
2558;Cyprus;CYP;1965;1.981919924;Europe;CYP
2559;Cyprus;CYP;1965;1.981919924;Asia;CYP
2560;Cyprus;CYP;1966;2.123850397;Europe;CYP
2561;Cyprus;CYP;1966;2.123850397;Asia;CYP
2562;Cyprus;CYP;1967;2.306975769;Europe;CYP
2563;Cyprus;CYP;1967;2.306975769;Asia;CYP
2564;Cyprus;CYP;1968;2.714294785;Europe;CYP
2565;Cyprus;CYP;1968;2.714294785;Asia;CYP
2566;Cyprus;CYP;1969;2.758794094;Europe;CYP
2567;Cyprus;CYP;1969;2.758794094;Asia;CYP
2568;Cyprus;CYP;1970;2.778849742;Europe;CYP
2569;Cyprus;CYP;1970;2.778849742;Asia;CYP
2570;Cyprus;CYP;1971;3.035850272;Europe;CYP
2571;Cyprus;CYP;1971;3.035850272;Asia;CYP
2572;Cyprus;CYP;1972;3.830496815;Europe;CYP
2573;Cyprus;CYP;1972;3.830496815;Asia;CYP
2574;Cyprus;CYP;1973;3.937739821;Europe;CYP
2575;Cyprus;CYP;1973;3.937739821;Asia;CYP
2576;Cyprus;CYP;1974;2.997151019;Europe;CYP
2577;Cyprus;CYP;1974;2.997151019;Asia;CYP
2578;Cyprus;CYP;1975;3.047579472;Europe;CYP
2579;Cyprus;CYP;1975;3.047579472;Asia;CYP
2580;Cyprus;CYP;1976;3.747721003;Europe;CYP
2581;Cyprus;CYP;1976;3.747721003;Asia;CYP
2582;Cyprus;CYP;1977;4.011215155;Europe;CYP
2583;Cyprus;CYP;1977;4.011215155;Asia;CYP
2584;Cyprus;CYP;1978;4.172170302;Europe;CYP
2585;Cyprus;CYP;1978;4.172170302;Asia;CYP
2586;Cyprus;CYP;1979;4.416493508;Europe;CYP
2587;Cyprus;CYP;1979;4.416493508;Asia;CYP
2588;Cyprus;CYP;1980;4.681349448;Europe;CYP
2589;Cyprus;CYP;1980;4.681349448;Asia;CYP
2590;Cyprus;CYP;1981;4.421643042;Europe;CYP
2591;Cyprus;CYP;1981;4.421643042;Asia;CYP
2592;Cyprus;CYP;1982;4.48493952;Europe;CYP
2593;Cyprus;CYP;1982;4.48493952;Asia;CYP
2594;Cyprus;CYP;1983;4.464387083;Europe;CYP
2595;Cyprus;CYP;1983;4.464387083;Asia;CYP
2596;Cyprus;CYP;1984;4.561958502;Europe;CYP
2597;Cyprus;CYP;1984;4.561958502;Asia;CYP
2598;Cyprus;CYP;1985;4.408573057;Europe;CYP
2599;Cyprus;CYP;1985;4.408573057;Asia;CYP
2600;Cyprus;CYP;1986;4.977944521;Europe;CYP
2601;Cyprus;CYP;1986;4.977944521;Asia;CYP
2602;Cyprus;CYP;1987;5.697846222;Europe;CYP
2603;Cyprus;CYP;1987;5.697846222;Asia;CYP
2604;Cyprus;CYP;1988;5.606477867;Europe;CYP
2605;Cyprus;CYP;1988;5.606477867;Asia;CYP
2606;Cyprus;CYP;1989;5.78090053;Europe;CYP
2607;Cyprus;CYP;1989;5.78090053;Asia;CYP
2608;Cyprus;CYP;1990;6.070122918;Europe;CYP
2609;Cyprus;CYP;1990;6.070122918;Asia;CYP
2610;Cyprus;CYP;1991;6.054400374;Europe;CYP
2611;Cyprus;CYP;1991;6.054400374;Asia;CYP
2612;Cyprus;CYP;1992;6.590579022;Europe;CYP
2613;Cyprus;CYP;1992;6.590579022;Asia;CYP
2614;Cyprus;CYP;1993;6.69972912;Europe;CYP
2615;Cyprus;CYP;1993;6.69972912;Asia;CYP
2616;Cyprus;CYP;1994;6.732450912;Europe;CYP
2617;Cyprus;CYP;1994;6.732450912;Asia;CYP
2618;Cyprus;CYP;1995;6.490424824;Europe;CYP
2619;Cyprus;CYP;1995;6.490424824;Asia;CYP
2620;Cyprus;CYP;1996;6.601260126;Europe;CYP
2621;Cyprus;CYP;1996;6.601260126;Asia;CYP
2622;Cyprus;CYP;1997;6.607518751;Europe;CYP
2623;Cyprus;CYP;1997;6.607518751;Asia;CYP
2624;Cyprus;CYP;1998;7.038876041;Europe;CYP
2625;Cyprus;CYP;1998;7.038876041;Asia;CYP
2626;Cyprus;CYP;1999;6.997282524;Europe;CYP
2627;Cyprus;CYP;1999;6.997282524;Asia;CYP
2628;Cyprus;CYP;2000;7.261794131;Europe;CYP
2629;Cyprus;CYP;2000;7.261794131;Asia;CYP
2630;Cyprus;CYP;2001;7.120558679;Europe;CYP
2631;Cyprus;CYP;2001;7.120558679;Asia;CYP
2632;Cyprus;CYP;2002;7.166472936;Europe;CYP
2633;Cyprus;CYP;2002;7.166472936;Asia;CYP
2634;Cyprus;CYP;2003;7.762732054;Europe;CYP
2635;Cyprus;CYP;2003;7.762732054;Asia;CYP
2636;Cyprus;CYP;2004;7.219733281;Europe;CYP
2637;Cyprus;CYP;2004;7.219733281;Asia;CYP
2638;Cyprus;CYP;2005;7.265914897;Europe;CYP
2639;Cyprus;CYP;2005;7.265914897;Asia;CYP
2640;Cyprus;CYP;2006;7.429896031;Europe;CYP
2641;Cyprus;CYP;2006;7.429896031;Asia;CYP
2642;Cyprus;CYP;2007;7.702824917;Europe;CYP
2643;Cyprus;CYP;2007;7.702824917;Asia;CYP
2644;Cyprus;CYP;2008;7.929771311;Europe;CYP
2645;Cyprus;CYP;2008;7.929771311;Asia;CYP
2646;Cyprus;CYP;2009;7.438338502;Europe;CYP
2647;Cyprus;CYP;2009;7.438338502;Asia;CYP
2648;Cyprus;CYP;2010;6.983907546;Europe;CYP
2649;Cyprus;CYP;2010;6.983907546;Asia;CYP
2650;Cyprus;CYP;2011;6.735375823;Europe;CYP
2651;Cyprus;CYP;2011;6.735375823;Asia;CYP
2684;Czech Republic;CZE;1992;13.43792539;Europe;CZE
2685;Czech Republic;CZE;1993;12.87869897;Europe;CZE
2686;Czech Republic;CZE;1994;12.19839007;Europe;CZE
2687;Czech Republic;CZE;1995;11.97329435;Europe;CZE
2688;Czech Republic;CZE;1996;12.16356186;Europe;CZE
2689;Czech Republic;CZE;1997;12.37881467;Europe;CZE
2690;Czech Republic;CZE;1998;11.89683587;Europe;CZE
2691;Czech Republic;CZE;1999;10.88490528;Europe;CZE
2692;Czech Republic;CZE;2000;12.06079797;Europe;CZE
2693;Czech Republic;CZE;2001;12.09291775;Europe;CZE
2694;Czech Republic;CZE;2002;11.7242835;Europe;CZE
2695;Czech Republic;CZE;2003;11.93843632;Europe;CZE
2696;Czech Republic;CZE;2004;11.40725261;Europe;CZE
2697;Czech Republic;CZE;2005;11.76245004;Europe;CZE
2698;Czech Republic;CZE;2006;11.93120143;Europe;CZE
2699;Czech Republic;CZE;2007;11.97429552;Europe;CZE
2700;Czech Republic;CZE;2008;11.24012897;Europe;CZE
2701;Czech Republic;CZE;2009;10.30516177;Europe;CZE
2702;Czech Republic;CZE;2010;10.61336839;Europe;CZE
2703;Czech Republic;CZE;2011;10.43108813;Europe;CZE
2735;Germany;DEU;1991;11.62264617;Europe;DEU
2736;Germany;DEU;1992;11.06332025;Europe;DEU
2737;Germany;DEU;1993;10.81424893;Europe;DEU
2738;Germany;DEU;1994;10.62839192;Europe;DEU
2739;Germany;DEU;1995;10.57946663;Europe;DEU
2740;Germany;DEU;1996;10.8602336;Europe;DEU
2741;Germany;DEU;1997;10.5111126;Europe;DEU
2742;Germany;DEU;1998;10.42527316;Europe;DEU
2743;Germany;DEU;1999;10.01775877;Europe;DEU
2744;Germany;DEU;2000;10.09563988;Europe;DEU
2745;Germany;DEU;2001;10.3662867;Europe;DEU
2746;Germany;DEU;2002;10.04711428;Europe;DEU
2747;Germany;DEU;2003;9.976374478;Europe;DEU
2748;Germany;DEU;2004;9.909703421;Europe;DEU
2749;Germany;DEU;2005;9.667572788;Europe;DEU
2750;Germany;DEU;2006;9.782471109;Europe;DEU
2751;Germany;DEU;2007;9.489020532;Europe;DEU
2752;Germany;DEU;2008;9.525658763;Europe;DEU
2753;Germany;DEU;2009;8.803954839;Europe;DEU
2754;Germany;DEU;2010;9.179816838;Europe;DEU
2755;Germany;DEU;2011;8.917832846;Europe;DEU
2756;Djibouti;DJI;1960;0.482292314;Africa;DJI
2757;Djibouti;DJI;1961;0.497225957;Africa;DJI
2758;Djibouti;DJI;1962;0.506061571;Africa;DJI
2759;Djibouti;DJI;1963;0.655979806;Africa;DJI
2760;Djibouti;DJI;1964;0.783954863;Africa;DJI
2761;Djibouti;DJI;1965;1.05260823;Africa;DJI
2762;Djibouti;DJI;1966;1.134111404;Africa;DJI
2763;Djibouti;DJI;1967;0.669756398;Africa;DJI
2764;Djibouti;DJI;1968;0.861527399;Africa;DJI
2765;Djibouti;DJI;1969;0.562682216;Africa;DJI
2766;Djibouti;DJI;1970;0.872728867;Africa;DJI
2767;Djibouti;DJI;1971;0.95263624;Africa;DJI
2768;Djibouti;DJI;1972;1.064013571;Africa;DJI
2769;Djibouti;DJI;1973;0.943039636;Africa;DJI
2770;Djibouti;DJI;1974;0.947328144;Africa;DJI
2771;Djibouti;DJI;1975;0.883291254;Africa;DJI
2772;Djibouti;DJI;1976;0.79647171;Africa;DJI
2773;Djibouti;DJI;1977;0.713264799;Africa;DJI
2774;Djibouti;DJI;1978;0.654368894;Africa;DJI
2775;Djibouti;DJI;1979;1.079639201;Africa;DJI
2776;Djibouti;DJI;1980;0.970484177;Africa;DJI
2777;Djibouti;DJI;1981;0.802529071;Africa;DJI
2778;Djibouti;DJI;1982;0.905448572;Africa;DJI
2779;Djibouti;DJI;1983;0.886632494;Africa;DJI
2780;Djibouti;DJI;1984;0.870097803;Africa;DJI
2781;Djibouti;DJI;1985;0.848622098;Africa;DJI
2782;Djibouti;DJI;1986;0.837348249;Africa;DJI
2783;Djibouti;DJI;1987;0.800514864;Africa;DJI
2784;Djibouti;DJI;1988;0.679767078;Africa;DJI
2785;Djibouti;DJI;1989;0.708713158;Africa;DJI
2786;Djibouti;DJI;1990;0.64195997;Africa;DJI
2787;Djibouti;DJI;1991;0.624498304;Africa;DJI
2788;Djibouti;DJI;1992;0.625725007;Africa;DJI
2789;Djibouti;DJI;1993;0.636776359;Africa;DJI
2790;Djibouti;DJI;1994;0.620685729;Africa;DJI
2791;Djibouti;DJI;1995;0.604624884;Africa;DJI
2792;Djibouti;DJI;1996;0.604628328;Africa;DJI
2793;Djibouti;DJI;1997;0.534825653;Africa;DJI
2794;Djibouti;DJI;1998;0.561927144;Africa;DJI
2795;Djibouti;DJI;1999;0.593405774;Africa;DJI
2796;Djibouti;DJI;2000;0.502424705;Africa;DJI
2797;Djibouti;DJI;2001;0.444582938;Africa;DJI
2798;Djibouti;DJI;2002;0.546021981;Africa;DJI
2799;Djibouti;DJI;2003;0.567019888;Africa;DJI
2800;Djibouti;DJI;2004;0.535018837;Africa;DJI
2801;Djibouti;DJI;2005;0.54175456;Africa;DJI
2802;Djibouti;DJI;2006;0.529872323;Africa;DJI
2803;Djibouti;DJI;2007;0.578051792;Africa;DJI
2804;Djibouti;DJI;2008;0.615968351;Africa;DJI
2805;Djibouti;DJI;2009;0.563399208;Africa;DJI
2806;Djibouti;DJI;2010;0.622346841;Africa;DJI
2807;Djibouti;DJI;2011;0.561940931;Africa;DJI
2808;Dominica;DMA;1960;0.18330112;North America;DMA
2809;Dominica;DMA;1961;0.180240845;North America;DMA
2810;Dominica;DMA;1962;0.177481285;North America;DMA
2811;Dominica;DMA;1963;0.233121424;North America;DMA
2812;Dominica;DMA;1964;0.229470753;North America;DMA
2813;Dominica;DMA;1965;0.22552969;North America;DMA
2814;Dominica;DMA;1966;0.221220119;North America;DMA
2815;Dominica;DMA;1967;0.325079046;North America;DMA
2816;Dominica;DMA;1968;0.318675589;North America;DMA
2817;Dominica;DMA;1969;0.261137697;North America;DMA
2818;Dominica;DMA;1970;0.36114863;North America;DMA
2819;Dominica;DMA;1971;0.358675908;North America;DMA
2820;Dominica;DMA;1972;0.357820929;North America;DMA
2821;Dominica;DMA;1973;0.35778103;North America;DMA
2822;Dominica;DMA;1974;0.408516801;North America;DMA
2823;Dominica;DMA;1975;0.40693013;North America;DMA
2824;Dominica;DMA;1976;0.403810153;North America;DMA
2825;Dominica;DMA;1977;0.349661495;North America;DMA
2826;Dominica;DMA;1978;0.345761662;North America;DMA
2827;Dominica;DMA;1979;0.440492239;North America;DMA
2828;Dominica;DMA;1980;0.486901332;North America;DMA
2829;Dominica;DMA;1981;0.486494375;North America;DMA
2830;Dominica;DMA;1982;0.536624628;North America;DMA
2831;Dominica;DMA;1983;0.539625418;North America;DMA
2832;Dominica;DMA;1984;0.592925958;North America;DMA
2833;Dominica;DMA;1985;0.647351983;North America;DMA
2834;Dominica;DMA;1986;0.652803834;North America;DMA
2835;Dominica;DMA;1987;0.658730378;North America;DMA
2836;Dominica;DMA;1988;0.766695009;North America;DMA
2837;Dominica;DMA;1989;0.823559136;North America;DMA
2838;Dominica;DMA;1990;0.827205053;North America;DMA
2839;Dominica;DMA;1991;0.828127426;North America;DMA
2840;Dominica;DMA;1992;0.826622334;North America;DMA
2841;Dominica;DMA;1993;0.875486272;North America;DMA
2842;Dominica;DMA;1994;0.976195147;North America;DMA
2843;Dominica;DMA;1995;1.130410414;North America;DMA
2844;Dominica;DMA;1996;1.030837995;North America;DMA
2845;Dominica;DMA;1997;1.140171858;North America;DMA
2846;Dominica;DMA;1998;1.09548332;North America;DMA
2847;Dominica;DMA;1999;1.154101456;North America;DMA
2848;Dominica;DMA;2000;1.473557313;North America;DMA
2849;Dominica;DMA;2001;1.631883434;North America;DMA
2850;Dominica;DMA;2002;1.470876429;North America;DMA
2851;Dominica;DMA;2003;1.622612692;North America;DMA
2852;Dominica;DMA;2004;1.564308567;North America;DMA
2853;Dominica;DMA;2005;1.611479686;North America;DMA
2854;Dominica;DMA;2006;1.556231433;North America;DMA
2855;Dominica;DMA;2007;2.123695176;North America;DMA
2856;Dominica;DMA;2008;1.81071091;North America;DMA
2857;Dominica;DMA;2009;1.807803366;North America;DMA
2858;Dominica;DMA;2010;1.906487557;North America;DMA
2859;Dominica;DMA;2011;1.746141565;North America;DMA
2860;Denmark;DNK;1960;6.502683093;Europe;DNK
2861;Denmark;DNK;1961;6.881260155;Europe;DNK
2862;Denmark;DNK;1962;7.945107361;Europe;DNK
2863;Denmark;DNK;1963;8.6898313;Europe;DNK
2864;Denmark;DNK;1964;9.146392939;Europe;DNK
2865;Denmark;DNK;1965;9.316576004;Europe;DNK
2866;Denmark;DNK;1966;10.44901166;Europe;DNK
2867;Denmark;DNK;1967;10.14930055;Europe;DNK
2868;Denmark;DNK;1968;10.96131479;Europe;DNK
2869;Denmark;DNK;1969;12.14297486;Europe;DNK
2870;Denmark;DNK;1970;12.59965647;Europe;DNK
2871;Denmark;DNK;1971;11.49722715;Europe;DNK
2872;Denmark;DNK;1972;11.9488346;Europe;DNK
2873;Denmark;DNK;1973;11.80161179;Europe;DNK
2874;Denmark;DNK;1974;10.91676863;Europe;DNK
2875;Denmark;DNK;1975;11.02376646;Europe;DNK
2876;Denmark;DNK;1976;11.85490289;Europe;DNK
2877;Denmark;DNK;1977;12.15458515;Europe;DNK
2878;Denmark;DNK;1978;11.97392623;Europe;DNK
2879;Denmark;DNK;1979;12.31219662;Europe;DNK
2880;Denmark;DNK;1980;11.78401383;Europe;DNK
2881;Denmark;DNK;1981;10.11194239;Europe;DNK
2882;Denmark;DNK;1982;10.49196453;Europe;DNK
2883;Denmark;DNK;1983;9.810842233;Europe;DNK
2884;Denmark;DNK;1984;9.950133216;Europe;DNK
2885;Denmark;DNK;1985;11.74744309;Europe;DNK
2886;Denmark;DNK;1986;11.50329653;Europe;DNK
2887;Denmark;DNK;1987;11.37930503;Europe;DNK
2888;Denmark;DNK;1988;10.74325063;Europe;DNK
2889;Denmark;DNK;1989;9.505090019;Europe;DNK
2890;Denmark;DNK;1990;9.770698699;Europe;DNK
2891;Denmark;DNK;1991;11.69331148;Europe;DNK
2892;Denmark;DNK;1992;10.5045545;Europe;DNK
2893;Denmark;DNK;1993;10.99825503;Europe;DNK
2894;Denmark;DNK;1994;11.7169489;Europe;DNK
2895;Denmark;DNK;1995;10.92454083;Europe;DNK
2896;Denmark;DNK;1996;13.71465193;Europe;DNK
2897;Denmark;DNK;1997;11.64768852;Europe;DNK
2898;Denmark;DNK;1998;11.22730415;Europe;DNK
2899;Denmark;DNK;1999;10.36266364;Europe;DNK
2900;Denmark;DNK;2000;9.613175554;Europe;DNK
2901;Denmark;DNK;2001;9.875092348;Europe;DNK
2902;Denmark;DNK;2002;9.68193193;Europe;DNK
2903;Denmark;DNK;2003;10.38827349;Europe;DNK
2904;Denmark;DNK;2004;9.362701019;Europe;DNK
2905;Denmark;DNK;2005;8.690076931;Europe;DNK
2906;Denmark;DNK;2006;10.11291416;Europe;DNK
2907;Denmark;DNK;2007;9.20201511;Europe;DNK
2908;Denmark;DNK;2008;8.547356106;Europe;DNK
2909;Denmark;DNK;2009;8.05955954;Europe;DNK
2910;Denmark;DNK;2010;8.394657734;Europe;DNK
2911;Denmark;DNK;2011;7.248328717;Europe;DNK
2912;Dominican Republic;DOM;1960;0.316155334;North America;DOM
2913;Dominican Republic;DOM;1961;0.302506327;North America;DOM
2914;Dominican Republic;DOM;1962;0.353029129;North America;DOM
2915;Dominican Republic;DOM;1963;0.343658929;North America;DOM
2916;Dominican Republic;DOM;1964;0.465454148;North America;DOM
2917;Dominican Republic;DOM;1965;0.39894126;North America;DOM
2918;Dominican Republic;DOM;1966;0.41789414;North America;DOM
2919;Dominican Republic;DOM;1967;0.380469161;North America;DOM
2920;Dominican Republic;DOM;1968;0.553066499;North America;DOM
2921;Dominican Republic;DOM;1969;0.606689677;North America;DOM
2922;Dominican Republic;DOM;1970;0.690547919;North America;DOM
2923;Dominican Republic;DOM;1971;0.760937217;North America;DOM
2924;Dominican Republic;DOM;1972;0.982245556;North America;DOM
2925;Dominican Republic;DOM;1973;1.220224128;North America;DOM
2926;Dominican Republic;DOM;1974;1.278471377;North America;DOM
2927;Dominican Republic;DOM;1975;1.231130923;North America;DOM
2928;Dominican Republic;DOM;1976;1.199249459;North America;DOM
2929;Dominican Republic;DOM;1977;1.037382663;North America;DOM
2930;Dominican Republic;DOM;1978;0.982978685;North America;DOM
2931;Dominican Republic;DOM;1979;1.199736255;North America;DOM
2932;Dominican Republic;DOM;1980;1.111600233;North America;DOM
2933;Dominican Republic;DOM;1981;1.037738633;North America;DOM
2934;Dominican Republic;DOM;1982;1.043006237;North America;DOM
2935;Dominican Republic;DOM;1983;1.273301381;North America;DOM
2936;Dominican Republic;DOM;1984;1.171994901;North America;DOM
2937;Dominican Republic;DOM;1985;1.124028931;North America;DOM
2938;Dominican Republic;DOM;1986;1.234591817;North America;DOM
2939;Dominican Republic;DOM;1987;1.441945841;North America;DOM
2940;Dominican Republic;DOM;1988;1.424662705;North America;DOM
2941;Dominican Republic;DOM;1989;1.471914996;North America;DOM
2942;Dominican Republic;DOM;1990;1.284840456;North America;DOM
2943;Dominican Republic;DOM;1991;1.371066238;North America;DOM
2944;Dominican Republic;DOM;1992;1.46266565;North America;DOM
2945;Dominican Republic;DOM;1993;1.545528895;North America;DOM
2946;Dominican Republic;DOM;1994;1.609061051;North America;DOM
2947;Dominican Republic;DOM;1995;2.012746914;North America;DOM
2948;Dominican Republic;DOM;1996;2.157968488;North America;DOM
2949;Dominican Republic;DOM;1997;2.205103244;North America;DOM
2950;Dominican Republic;DOM;1998;2.217515361;North America;DOM
2951;Dominican Republic;DOM;1999;2.202170904;North America;DOM
2952;Dominican Republic;DOM;2000;2.311300988;North America;DOM
2953;Dominican Republic;DOM;2001;2.278507374;North America;DOM
2954;Dominican Republic;DOM;2002;2.415109633;North America;DOM
2955;Dominican Republic;DOM;2003;2.399070827;North America;DOM
2956;Dominican Republic;DOM;2004;2.011351976;North America;DOM
2957;Dominican Republic;DOM;2005;2.017778603;North America;DOM
2958;Dominican Republic;DOM;2006;2.103236007;North America;DOM
2959;Dominican Republic;DOM;2007;2.241251046;North America;DOM
2960;Dominican Republic;DOM;2008;2.222311005;North America;DOM
2961;Dominican Republic;DOM;2009;2.103476066;North America;DOM
2962;Dominican Republic;DOM;2010;2.158413689;North America;DOM
2963;Dominican Republic;DOM;2011;2.182907888;North America;DOM
2964;Algeria;DZA;1960;0.553763578;Africa;DZA
2965;Algeria;DZA;1961;0.531809994;Africa;DZA
2966;Algeria;DZA;1962;0.48495366;Africa;DZA
2967;Algeria;DZA;1963;0.452824458;Africa;DZA
2968;Algeria;DZA;1964;0.459568917;Africa;DZA
2969;Algeria;DZA;1965;0.522448527;Africa;DZA
2970;Algeria;DZA;1966;0.649480608;Africa;DZA
2971;Algeria;DZA;1967;0.632118427;Africa;DZA
2972;Algeria;DZA;1968;0.659262551;Africa;DZA
2973;Algeria;DZA;1969;0.797205643;Africa;DZA
2974;Algeria;DZA;1970;1.036082667;Africa;DZA
2975;Algeria;DZA;1971;1.247898294;Africa;DZA
2976;Algeria;DZA;1972;1.843623714;Africa;DZA
2977;Algeria;DZA;1973;2.424182387;Africa;DZA
2978;Algeria;DZA;1974;1.963829943;Africa;DZA
2979;Algeria;DZA;1975;1.916994263;Africa;DZA
2980;Algeria;DZA;1976;2.278671101;Africa;DZA
2981;Algeria;DZA;1977;2.368082096;Africa;DZA
2982;Algeria;DZA;1978;3.43337072;Africa;DZA
2983;Algeria;DZA;1979;2.43173222;Africa;DZA
2984;Algeria;DZA;1980;3.439876556;Africa;DZA
2985;Algeria;DZA;1981;2.328502978;Africa;DZA
2986;Algeria;DZA;1982;1.908557235;Africa;DZA
2987;Algeria;DZA;1983;2.479009;Africa;DZA
2988;Algeria;DZA;1984;3.247629232;Africa;DZA
2989;Algeria;DZA;1985;3.22549764;Africa;DZA
2990;Algeria;DZA;1986;3.281974148;Africa;DZA
2991;Algeria;DZA;1987;3.517073769;Africa;DZA
2992;Algeria;DZA;1988;3.413726487;Africa;DZA
2993;Algeria;DZA;1989;3.169213147;Africa;DZA
2994;Algeria;DZA;1990;3.045837153;Africa;DZA
2995;Algeria;DZA;1991;3.05865541;Africa;DZA
2996;Algeria;DZA;1992;3.014447082;Africa;DZA
2997;Algeria;DZA;1993;2.961739082;Africa;DZA
2998;Algeria;DZA;1994;3.049884255;Africa;DZA
2999;Algeria;DZA;1995;3.298667223;Africa;DZA
3000;Algeria;DZA;1996;3.302462522;Africa;DZA
3001;Algeria;DZA;1997;2.950878349;Africa;DZA
3002;Algeria;DZA;1998;3.529699396;Africa;DZA
3003;Algeria;DZA;1999;2.994118743;Africa;DZA
3004;Algeria;DZA;2000;2.819778007;Africa;DZA
3005;Algeria;DZA;2001;2.668327798;Africa;DZA
3006;Algeria;DZA;2002;2.840027912;Africa;DZA
3007;Algeria;DZA;2003;2.856410052;Africa;DZA
3008;Algeria;DZA;2004;2.727017138;Africa;DZA
3009;Algeria;DZA;2005;3.220154559;Africa;DZA
3010;Algeria;DZA;2006;2.990267154;Africa;DZA
3011;Algeria;DZA;2007;3.189978037;Africa;DZA
3012;Algeria;DZA;2008;3.205182841;Africa;DZA
3013;Algeria;DZA;2009;3.428471639;Africa;DZA
3014;Algeria;DZA;2010;3.309911831;Africa;DZA
3015;Algeria;DZA;2011;3.316037892;Africa;DZA
3016;Ecuador;ECU;1960;0.388033962;South America;ECU
3017;Ecuador;ECU;1961;0.352048961;South America;ECU
3018;Ecuador;ECU;1962;0.325336409;South America;ECU
3019;Ecuador;ECU;1963;0.362722269;South America;ECU
3020;Ecuador;ECU;1964;0.420670187;South America;ECU
3021;Ecuador;ECU;1965;0.4337438;South America;ECU
3022;Ecuador;ECU;1966;0.447716962;South America;ECU
3023;Ecuador;ECU;1967;0.465781971;South America;ECU
3024;Ecuador;ECU;1968;0.543884145;South America;ECU
3025;Ecuador;ECU;1969;0.609111227;South America;ECU
3026;Ecuador;ECU;1970;0.705317726;South America;ECU
3027;Ecuador;ECU;1971;0.676027884;South America;ECU
3028;Ecuador;ECU;1972;0.714723972;South America;ECU
3029;Ecuador;ECU;1973;0.795857812;South America;ECU
3030;Ecuador;ECU;1974;0.895955182;South America;ECU
3031;Ecuador;ECU;1975;1.053803042;South America;ECU
3032;Ecuador;ECU;1976;1.129816577;South America;ECU
3033;Ecuador;ECU;1977;1.01493199;South America;ECU
3034;Ecuador;ECU;1978;1.376828541;South America;ECU
3035;Ecuador;ECU;1979;1.565373826;South America;ECU
3036;Ecuador;ECU;1980;1.685364252;South America;ECU
3037;Ecuador;ECU;1981;2.039812816;South America;ECU
3038;Ecuador;ECU;1982;2.298173404;South America;ECU
3039;Ecuador;ECU;1983;2.272324509;South America;ECU
3040;Ecuador;ECU;1984;2.409135417;South America;ECU
3041;Ecuador;ECU;1985;2.148074553;South America;ECU
3042;Ecuador;ECU;1986;1.647458051;South America;ECU
3043;Ecuador;ECU;1987;1.59040026;South America;ECU
3044;Ecuador;ECU;1988;1.773411291;South America;ECU
3045;Ecuador;ECU;1989;2.031345804;South America;ECU
3046;Ecuador;ECU;1990;1.647588271;South America;ECU
3047;Ecuador;ECU;1991;1.576030103;South America;ECU
3048;Ecuador;ECU;1992;2.083259992;South America;ECU
3049;Ecuador;ECU;1993;2.208664986;South America;ECU
3050;Ecuador;ECU;1994;1.218023689;South America;ECU
3051;Ecuador;ECU;1995;1.993991124;South America;ECU
3052;Ecuador;ECU;1996;2.044810707;South America;ECU
3053;Ecuador;ECU;1997;1.532607278;South America;ECU
3054;Ecuador;ECU;1998;1.82748771;South America;ECU
3055;Ecuador;ECU;1999;1.715686519;South America;ECU
3056;Ecuador;ECU;2000;1.658318708;South America;ECU
3057;Ecuador;ECU;2001;1.824262709;South America;ECU
3058;Ecuador;ECU;2002;1.88875499;South America;ECU
3059;Ecuador;ECU;2003;1.995802056;South America;ECU
3060;Ecuador;ECU;2004;2.121270026;South America;ECU
3061;Ecuador;ECU;2005;2.177469736;South America;ECU
3062;Ecuador;ECU;2006;2.066175813;South America;ECU
3063;Ecuador;ECU;2007;2.203997908;South America;ECU
3064;Ecuador;ECU;2008;2.064521305;South America;ECU
3065;Ecuador;ECU;2009;2.355257087;South America;ECU
3066;Ecuador;ECU;2010;2.293303404;South America;ECU
3067;Ecuador;ECU;2011;2.354017387;South America;ECU
3068;Egypt, Arab Rep.;EGY;1960;0.593007187;Africa;EGY
3069;Egypt, Arab Rep.;EGY;1961;0.614463121;Africa;EGY
3070;Egypt, Arab Rep.;EGY;1962;0.651081042;Africa;EGY
3071;Egypt, Arab Rep.;EGY;1963;0.735083038;Africa;EGY
3072;Egypt, Arab Rep.;EGY;1964;0.848084351;Africa;EGY
3073;Egypt, Arab Rep.;EGY;1965;0.895340981;Africa;EGY
3074;Egypt, Arab Rep.;EGY;1966;0.839007617;Africa;EGY
3075;Egypt, Arab Rep.;EGY;1967;0.606260151;Africa;EGY
3076;Egypt, Arab Rep.;EGY;1968;0.688797443;Africa;EGY
3077;Egypt, Arab Rep.;EGY;1969;0.578628942;Africa;EGY
3078;Egypt, Arab Rep.;EGY;1970;0.623025305;Africa;EGY
3079;Egypt, Arab Rep.;EGY;1971;0.648098721;Africa;EGY
3080;Egypt, Arab Rep.;EGY;1972;0.702749457;Africa;EGY
3081;Egypt, Arab Rep.;EGY;1973;0.642299969;Africa;EGY
3082;Egypt, Arab Rep.;EGY;1974;0.690818689;Africa;EGY
3083;Egypt, Arab Rep.;EGY;1975;0.805185814;Africa;EGY
3084;Egypt, Arab Rep.;EGY;1976;0.873776732;Africa;EGY
3085;Egypt, Arab Rep.;EGY;1977;0.937781796;Africa;EGY
3086;Egypt, Arab Rep.;EGY;1978;0.951339179;Africa;EGY
3087;Egypt, Arab Rep.;EGY;1979;1.014795327;Africa;EGY
3088;Egypt, Arab Rep.;EGY;1980;1.043123042;Africa;EGY
3089;Egypt, Arab Rep.;EGY;1981;1.146465345;Africa;EGY
3090;Egypt, Arab Rep.;EGY;1982;1.239259047;Africa;EGY
3091;Egypt, Arab Rep.;EGY;1983;1.219716142;Africa;EGY
3092;Egypt, Arab Rep.;EGY;1984;1.328271941;Africa;EGY
3093;Egypt, Arab Rep.;EGY;1985;1.294974343;Africa;EGY
3094;Egypt, Arab Rep.;EGY;1986;1.469309199;Africa;EGY
3095;Egypt, Arab Rep.;EGY;1987;1.433869292;Africa;EGY
3096;Egypt, Arab Rep.;EGY;1988;1.39005973;Africa;EGY
3097;Egypt, Arab Rep.;EGY;1989;1.311529011;Africa;EGY
3098;Egypt, Arab Rep.;EGY;1990;1.346582307;Africa;EGY
3099;Egypt, Arab Rep.;EGY;1991;1.364466228;Africa;EGY
3100;Egypt, Arab Rep.;EGY;1992;1.379185401;Africa;EGY
3101;Egypt, Arab Rep.;EGY;1993;1.54980851;Africa;EGY
3102;Egypt, Arab Rep.;EGY;1994;1.392341946;Africa;EGY
3103;Egypt, Arab Rep.;EGY;1995;1.533179998;Africa;EGY
3104;Egypt, Arab Rep.;EGY;1996;1.604365105;Africa;EGY
3105;Egypt, Arab Rep.;EGY;1997;1.670958138;Africa;EGY
3106;Egypt, Arab Rep.;EGY;1998;1.854342271;Africa;EGY
3107;Egypt, Arab Rep.;EGY;1999;1.868390547;Africa;EGY
3108;Egypt, Arab Rep.;EGY;2000;2.068140433;Africa;EGY
3109;Egypt, Arab Rep.;EGY;2001;1.80246891;Africa;EGY
3110;Egypt, Arab Rep.;EGY;2002;1.793764997;Africa;EGY
3111;Egypt, Arab Rep.;EGY;2003;2.048004318;Africa;EGY
3112;Egypt, Arab Rep.;EGY;2004;2.050540499;Africa;EGY
3113;Egypt, Arab Rep.;EGY;2005;2.231160223;Africa;EGY
3114;Egypt, Arab Rep.;EGY;2006;2.341757815;Africa;EGY
3115;Egypt, Arab Rep.;EGY;2007;2.491357004;Africa;EGY
3116;Egypt, Arab Rep.;EGY;2008;2.491853031;Africa;EGY
3117;Egypt, Arab Rep.;EGY;2009;2.462249164;Africa;EGY
3118;Egypt, Arab Rep.;EGY;2010;2.494817067;Africa;EGY
3119;Egypt, Arab Rep.;EGY;2011;2.635115225;Africa;EGY
3154;Eritrea;ERI;1994;0.071059773;Africa;ERI
3155;Eritrea;ERI;1995;0.092715295;Africa;ERI
3156;Eritrea;ERI;1996;0.106485734;Africa;ERI
3157;Eritrea;ERI;1997;0.161947512;Africa;ERI
3158;Eritrea;ERI;1998;0.176909452;Africa;ERI
3159;Eritrea;ERI;1999;0.180695382;Africa;ERI
3160;Eritrea;ERI;2000;0.172190987;Africa;ERI
3161;Eritrea;ERI;2001;0.172564423;Africa;ERI
3162;Eritrea;ERI;2002;0.159706979;Africa;ERI
3163;Eritrea;ERI;2003;0.184824489;Africa;ERI
3164;Eritrea;ERI;2004;0.189441072;Africa;ERI
3165;Eritrea;ERI;2005;0.182856855;Africa;ERI
3166;Eritrea;ERI;2006;0.130342391;Africa;ERI
3167;Eritrea;ERI;2007;0.131490396;Africa;ERI
3168;Eritrea;ERI;2008;0.092069391;Africa;ERI
3169;Eritrea;ERI;2009;0.111761081;Africa;ERI
3170;Eritrea;ERI;2010;0.109470529;Africa;ERI
3171;Eritrea;ERI;2011;0.108718365;Africa;ERI
3172;Spain;ESP;1960;1.606592711;Europe;ESP
3173;Spain;ESP;1961;1.74622172;Europe;ESP
3174;Spain;ESP;1962;1.935781533;Europe;ESP
3175;Spain;ESP;1963;1.879509312;Europe;ESP
3176;Spain;ESP;1964;2.037725257;Europe;ESP
3177;Spain;ESP;1965;2.225610193;Europe;ESP
3178;Spain;ESP;1966;2.407735709;Europe;ESP
3179;Spain;ESP;1967;2.647227559;Europe;ESP
3180;Spain;ESP;1968;2.93409754;Europe;ESP
3181;Spain;ESP;1969;2.897101868;Europe;ESP
3182;Spain;ESP;1970;3.457969859;Europe;ESP
3183;Spain;ESP;1971;3.763558021;Europe;ESP
3184;Spain;ESP;1972;4.203327913;Europe;ESP
3185;Spain;ESP;1973;4.462383496;Europe;ESP
3186;Spain;ESP;1974;4.925482397;Europe;ESP
3187;Spain;ESP;1975;5.11233151;Europe;ESP
3188;Spain;ESP;1976;5.521604916;Europe;ESP
3189;Spain;ESP;1977;5.379805252;Europe;ESP
3190;Spain;ESP;1978;5.437472164;Europe;ESP
3191;Spain;ESP;1979;5.476873749;Europe;ESP
3192;Spain;ESP;1980;5.742764043;Europe;ESP
3193;Spain;ESP;1981;5.492451569;Europe;ESP
3194;Spain;ESP;1982;5.532179658;Europe;ESP
3195;Spain;ESP;1983;5.373948129;Europe;ESP
3196;Spain;ESP;1984;5.197505001;Europe;ESP
3197;Spain;ESP;1985;5.237900974;Europe;ESP
3198;Spain;ESP;1986;4.942639092;Europe;ESP
3199;Spain;ESP;1987;4.941089809;Europe;ESP
3200;Spain;ESP;1988;5.140885817;Europe;ESP
3201;Spain;ESP;1989;5.843344438;Europe;ESP
3202;Spain;ESP;1990;5.626634657;Europe;ESP
3203;Spain;ESP;1991;5.794547705;Europe;ESP
3204;Spain;ESP;1992;5.987588918;Europe;ESP
3205;Spain;ESP;1993;5.594716862;Europe;ESP
3206;Spain;ESP;1994;5.939807762;Europe;ESP
3207;Spain;ESP;1995;6.134287753;Europe;ESP
3208;Spain;ESP;1996;5.909733061;Europe;ESP
3209;Spain;ESP;1997;6.368314307;Europe;ESP
3210;Spain;ESP;1998;6.584444749;Europe;ESP
3211;Spain;ESP;1999;7.071918993;Europe;ESP
3212;Spain;ESP;2000;7.312740021;Europe;ESP
3213;Spain;ESP;2001;7.307637297;Europe;ESP
3214;Spain;ESP;2002;7.591280782;Europe;ESP
3215;Spain;ESP;2003;7.611166445;Europe;ESP
3216;Spain;ESP;2004;7.908050681;Europe;ESP
3217;Spain;ESP;2005;8.097058048;Europe;ESP
3218;Spain;ESP;2006;7.88419571;Europe;ESP
3219;Spain;ESP;2007;7.920890716;Europe;ESP
3220;Spain;ESP;2008;7.16545181;Europe;ESP
3221;Spain;ESP;2009;6.216973378;Europe;ESP
3222;Spain;ESP;2010;5.815786526;Europe;ESP
3223;Spain;ESP;2011;5.790764234;Europe;ESP
3256;Estonia;EST;1992;14.99960342;Europe;EST
3257;Estonia;EST;1993;12.57079313;Europe;EST
3258;Estonia;EST;1994;12.53161748;Europe;EST
3259;Estonia;EST;1995;11.71339604;Europe;EST
3260;Estonia;EST;1996;13.28891617;Europe;EST
3261;Estonia;EST;1997;13.11388068;Europe;EST
3262;Estonia;EST;1998;11.90979515;Europe;EST
3263;Estonia;EST;1999;11.07308528;Europe;EST
3264;Estonia;EST;2000;10.86724625;Europe;EST
3265;Estonia;EST;2001;11.23520097;Europe;EST
3266;Estonia;EST;2002;10.82806467;Europe;EST
3267;Estonia;EST;2003;12.43984913;Europe;EST
3268;Estonia;EST;2004;12.63554732;Europe;EST
3269;Estonia;EST;2005;12.38596224;Europe;EST
3270;Estonia;EST;2006;12.02085298;Europe;EST
3271;Estonia;EST;2007;14.05608572;Europe;EST
3272;Estonia;EST;2008;13.08183443;Europe;EST
3273;Estonia;EST;2009;11.04896311;Europe;EST
3274;Estonia;EST;2010;13.77319664;Europe;EST
3275;Estonia;EST;2011;14.04988252;Europe;EST
3276;Ethiopia;ETH;1960;0.015892219;Africa;ETH
3277;Ethiopia;ETH;1961;0.015042523;Africa;ETH
3278;Ethiopia;ETH;1962;0.017054836;Africa;ETH
3279;Ethiopia;ETH;1963;0.017719905;Africa;ETH
3280;Ethiopia;ETH;1964;0.016683919;Africa;ETH
3281;Ethiopia;ETH;1965;0.025801694;Africa;ETH
3282;Ethiopia;ETH;1966;0.032177736;Africa;ETH
3283;Ethiopia;ETH;1967;0.040882781;Africa;ETH
3284;Ethiopia;ETH;1968;0.064098259;Africa;ETH
3285;Ethiopia;ETH;1969;0.060335134;Africa;ETH
3286;Ethiopia;ETH;1970;0.058202254;Africa;ETH
3287;Ethiopia;ETH;1971;0.063318889;Africa;ETH
3288;Ethiopia;ETH;1972;0.046727316;Africa;ETH
3289;Ethiopia;ETH;1973;0.056490424;Africa;ETH
3290;Ethiopia;ETH;1974;0.05456418;Africa;ETH
3291;Ethiopia;ETH;1975;0.037155796;Africa;ETH
3292;Ethiopia;ETH;1976;0.035514359;Africa;ETH
3293;Ethiopia;ETH;1977;0.031200013;Africa;ETH
3294;Ethiopia;ETH;1978;0.04027371;Africa;ETH
3295;Ethiopia;ETH;1979;0.053462499;Africa;ETH
3296;Ethiopia;ETH;1980;0.051716809;Africa;ETH
3297;Ethiopia;ETH;1981;0.051713255;Africa;ETH
3298;Ethiopia;ETH;1982;0.039921511;Africa;ETH
3299;Ethiopia;ETH;1983;0.048210431;Africa;ETH
3300;Ethiopia;ETH;1984;0.042154225;Africa;ETH
3301;Ethiopia;ETH;1985;0.044515527;Africa;ETH
3302;Ethiopia;ETH;1986;0.052613302;Africa;ETH
3303;Ethiopia;ETH;1987;0.059387048;Africa;ETH
3304;Ethiopia;ETH;1988;0.059526165;Africa;ETH
3305;Ethiopia;ETH;1989;0.060888166;Africa;ETH
3306;Ethiopia;ETH;1990;0.062799074;Africa;ETH
3307;Ethiopia;ETH;1991;0.059956589;Africa;ETH
3308;Ethiopia;ETH;1992;0.057489213;Africa;ETH
3309;Ethiopia;ETH;1993;0.056639088;Africa;ETH
3310;Ethiopia;ETH;1994;0.053250018;Africa;ETH
3311;Ethiopia;ETH;1995;0.037479018;Africa;ETH
3312;Ethiopia;ETH;1996;0.063375665;Africa;ETH
3313;Ethiopia;ETH;1997;0.070156446;Africa;ETH
3314;Ethiopia;ETH;1998;0.080114599;Africa;ETH
3315;Ethiopia;ETH;1999;0.078452585;Africa;ETH
3316;Ethiopia;ETH;2000;0.087585994;Africa;ETH
3317;Ethiopia;ETH;2001;0.062999385;Africa;ETH
3318;Ethiopia;ETH;2002;0.063659604;Africa;ETH
3319;Ethiopia;ETH;2003;0.068295273;Africa;ETH
3320;Ethiopia;ETH;2004;0.070380123;Africa;ETH
3321;Ethiopia;ETH;2005;0.065960442;Africa;ETH
3322;Ethiopia;ETH;2006;0.068835709;Africa;ETH
3323;Ethiopia;ETH;2007;0.073120622;Africa;ETH
3324;Ethiopia;ETH;2008;0.076668381;Africa;ETH
3325;Ethiopia;ETH;2009;0.076906232;Africa;ETH
3326;Ethiopia;ETH;2010;0.07559157;Africa;ETH
3327;Ethiopia;ETH;2011;0.083943117;Africa;ETH
3328;Finland;FIN;1960;3.409846728;Europe;FIN
3329;Finland;FIN;1961;3.348877215;Europe;FIN
3330;Finland;FIN;1962;3.742567366;Europe;FIN
3331;Finland;FIN;1963;4.279630907;Europe;FIN
3332;Finland;FIN;1964;5.024189944;Europe;FIN
3333;Finland;FIN;1965;5.549837063;Europe;FIN
3334;Finland;FIN;1966;6.444050245;Europe;FIN
3335;Finland;FIN;1967;6.213386589;Europe;FIN
3336;Finland;FIN;1968;7.200890139;Europe;FIN
3337;Finland;FIN;1969;8.20434233;Europe;FIN
3338;Finland;FIN;1970;8.769643882;Europe;FIN
3339;Finland;FIN;1971;8.799132244;Europe;FIN
3340;Finland;FIN;1972;9.51830728;Europe;FIN
3341;Finland;FIN;1973;10.58429033;Europe;FIN
3342;Finland;FIN;1974;9.9520677;Europe;FIN
3343;Finland;FIN;1975;9.785017744;Europe;FIN
3344;Finland;FIN;1976;10.85124292;Europe;FIN
3345;Finland;FIN;1977;10.59729975;Europe;FIN
3346;Finland;FIN;1978;10.92339046;Europe;FIN
3347;Finland;FIN;1979;11.40345731;Europe;FIN
3348;Finland;FIN;1980;12.18667255;Europe;FIN
3349;Finland;FIN;1981;10.73140319;Europe;FIN
3350;Finland;FIN;1982;8.925664185;Europe;FIN
3351;Finland;FIN;1983;8.562246655;Europe;FIN
3352;Finland;FIN;1984;8.65558094;Europe;FIN
3353;Finland;FIN;1985;10.13132618;Europe;FIN
3354;Finland;FIN;1986;10.84333288;Europe;FIN
3355;Finland;FIN;1987;11.68994386;Europe;FIN
3356;Finland;FIN;1988;10.54993985;Europe;FIN
3357;Finland;FIN;1989;10.59243558;Europe;FIN
3358;Finland;FIN;1990;10.37716896;Europe;FIN
3359;Finland;FIN;1991;10.71047721;Europe;FIN
3360;Finland;FIN;1992;9.415521088;Europe;FIN
3361;Finland;FIN;1993;9.948375064;Europe;FIN
3362;Finland;FIN;1994;11.24602792;Europe;FIN
3363;Finland;FIN;1995;10.32014335;Europe;FIN
3364;Finland;FIN;1996;11.95863616;Europe;FIN
3365;Finland;FIN;1997;11.66057821;Europe;FIN
3366;Finland;FIN;1998;11.05828449;Europe;FIN
3367;Finland;FIN;1999;10.7295164;Europe;FIN
3368;Finland;FIN;2000;10.12847414;Europe;FIN
3369;Finland;FIN;2001;10.9967421;Europe;FIN
3370;Finland;FIN;2002;11.86067583;Europe;FIN
3371;Finland;FIN;2003;13.26109694;Europe;FIN
3372;Finland;FIN;2004;12.83267498;Europe;FIN
3373;Finland;FIN;2005;10.41643805;Europe;FIN
3374;Finland;FIN;2006;12.57063845;Europe;FIN
3375;Finland;FIN;2007;12.09848186;Europe;FIN
3376;Finland;FIN;2008;10.65165217;Europe;FIN
3377;Finland;FIN;2009;9.958628519;Europe;FIN
3378;Finland;FIN;2010;11.53084023;Europe;FIN
3379;Finland;FIN;2011;10.1640461;Europe;FIN
3380;Fiji;FJI;1960;0.494050328;Oceania;FJI
3381;Fiji;FJI;1961;0.414297363;Oceania;FJI
3382;Fiji;FJI;1962;0.547993719;Oceania;FJI
3383;Fiji;FJI;1963;0.55483164;Oceania;FJI
3384;Fiji;FJI;1964;0.944322592;Oceania;FJI
3385;Fiji;FJI;1965;0.743069388;Oceania;FJI
3386;Fiji;FJI;1966;0.677464526;Oceania;FJI
3387;Fiji;FJI;1967;0.729024351;Oceania;FJI
3388;Fiji;FJI;1968;0.793839086;Oceania;FJI
3389;Fiji;FJI;1969;0.849010809;Oceania;FJI
3390;Fiji;FJI;1970;1.000355408;Oceania;FJI
3391;Fiji;FJI;1971;1.0347046;Oceania;FJI
3392;Fiji;FJI;1972;1.067380727;Oceania;FJI
3393;Fiji;FJI;1973;1.13826702;Oceania;FJI
3394;Fiji;FJI;1974;1.186907706;Oceania;FJI
3395;Fiji;FJI;1975;1.08116311;Oceania;FJI
3396;Fiji;FJI;1976;0.823872427;Oceania;FJI
3397;Fiji;FJI;1977;1.281057671;Oceania;FJI
3398;Fiji;FJI;1978;1.167474087;Oceania;FJI
3399;Fiji;FJI;1979;1.35106614;Oceania;FJI
3400;Fiji;FJI;1980;1.252627287;Oceania;FJI
3401;Fiji;FJI;1981;1.661807155;Oceania;FJI
3402;Fiji;FJI;1982;1.256731558;Oceania;FJI
3403;Fiji;FJI;1983;1.04329804;Oceania;FJI
3404;Fiji;FJI;1984;0.83249758;Oceania;FJI
3405;Fiji;FJI;1985;0.814129722;Oceania;FJI
3406;Fiji;FJI;1986;0.842052305;Oceania;FJI
3407;Fiji;FJI;1987;0.660514739;Oceania;FJI
3408;Fiji;FJI;1988;0.765947175;Oceania;FJI
3409;Fiji;FJI;1989;0.870415553;Oceania;FJI
3410;Fiji;FJI;1990;1.122305545;Oceania;FJI
3411;Fiji;FJI;1991;0.917411883;Oceania;FJI
3412;Fiji;FJI;1992;0.970269994;Oceania;FJI
3413;Fiji;FJI;1993;1.010214245;Oceania;FJI
3414;Fiji;FJI;1994;1.068012684;Oceania;FJI
3415;Fiji;FJI;1995;1.120672136;Oceania;FJI
3416;Fiji;FJI;1996;1.140563355;Oceania;FJI
3417;Fiji;FJI;1997;0.929631877;Oceania;FJI
3418;Fiji;FJI;1998;0.879734704;Oceania;FJI
3419;Fiji;FJI;1999;0.995758183;Oceania;FJI
3420;Fiji;FJI;2000;1.066799142;Oceania;FJI
3421;Fiji;FJI;2001;1.369132232;Oceania;FJI
3422;Fiji;FJI;2002;1.024991081;Oceania;FJI
3423;Fiji;FJI;2003;1.055250506;Oceania;FJI
3424;Fiji;FJI;2004;1.384610591;Oceania;FJI
3425;Fiji;FJI;2005;1.659881726;Oceania;FJI
3426;Fiji;FJI;2006;1.644275372;Oceania;FJI
3427;Fiji;FJI;2007;1.440917951;Oceania;FJI
3428;Fiji;FJI;2008;1.278570124;Oceania;FJI
3429;Fiji;FJI;2009;0.994392232;Oceania;FJI
3430;Fiji;FJI;2010;1.505259596;Oceania;FJI
3431;Fiji;FJI;2011;1.424813248;Oceania;FJI
3432;France;FRA;1960;5.793507945;Europe;FRA
3433;France;FRA;1961;5.927130464;Europe;FRA
3434;France;FRA;1962;6.207578239;Europe;FRA
3435;France;FRA;1963;6.844149785;Europe;FRA
3436;France;FRA;1964;6.982957004;Europe;FRA
3437;France;FRA;1965;7.033701955;Europe;FRA
3438;France;FRA;1966;6.874765083;Europe;FRA
3439;France;FRA;1967;7.30642216;Europe;FRA
3440;France;FRA;1968;7.501194027;Europe;FRA
3441;France;FRA;1969;8.00297878;Europe;FRA
3442;France;FRA;1970;8.436868233;Europe;FRA
3443;France;FRA;1971;8.81155982;Europe;FRA
3444;France;FRA;1972;9.07734214;Europe;FRA
3445;France;FRA;1973;9.666680526;Europe;FRA
3446;France;FRA;1974;9.262230669;Europe;FRA
3447;France;FRA;1975;8.237752775;Europe;FRA
3448;France;FRA;1976;9.27004864;Europe;FRA
3449;France;FRA;1977;8.780463816;Europe;FRA
3450;France;FRA;1978;9.20614423;Europe;FRA
3451;France;FRA;1979;9.598217534;Europe;FRA
3452;France;FRA;1980;9.131853937;Europe;FRA
3453;France;FRA;1981;8.180155178;Europe;FRA
3454;France;FRA;1982;7.821404774;Europe;FRA
3455;France;FRA;1983;7.52548753;Europe;FRA
3456;France;FRA;1984;7.177923254;Europe;FRA
3457;France;FRA;1985;7.058284444;Europe;FRA
3458;France;FRA;1986;6.749452533;Europe;FRA
3459;France;FRA;1987;6.56706621;Europe;FRA
3460;France;FRA;1988;6.435519509;Europe;FRA
3461;France;FRA;1989;6.714180737;Europe;FRA
3462;France;FRA;1990;6.419668186;Europe;FRA
3463;France;FRA;1991;6.670624392;Europe;FRA
3464;France;FRA;1992;6.216012937;Europe;FRA
3465;France;FRA;1993;6.088322359;Europe;FRA
3466;France;FRA;1994;5.698798649;Europe;FRA
3467;France;FRA;1995;5.86337915;Europe;FRA
3468;France;FRA;1996;6.280524233;Europe;FRA
3469;France;FRA;1997;5.861894899;Europe;FRA
3470;France;FRA;1998;6.344928499;Europe;FRA
3471;France;FRA;1999;6.173259953;Europe;FRA
3472;France;FRA;2000;5.976826414;Europe;FRA
3473;France;FRA;2001;6.212048122;Europe;FRA
3474;France;FRA;2002;6.131021892;Europe;FRA
3475;France;FRA;2003;6.206664599;Europe;FRA
3476;France;FRA;2004;6.194114409;Europe;FRA
3477;France;FRA;2005;6.181610461;Europe;FRA
3478;France;FRA;2006;5.995893723;Europe;FRA
3479;France;FRA;2007;5.856547408;Europe;FRA
3480;France;FRA;2008;5.774521922;Europe;FRA
3481;France;FRA;2009;5.511405389;Europe;FRA
3482;France;FRA;2010;5.496706655;Europe;FRA
3483;France;FRA;2011;5.185043424;Europe;FRA
3484;Faroe Islands;FRO;1960;1.712251211;Europe;FRO
3485;Faroe Islands;FRO;1961;3.273164411;Europe;FRO
3486;Faroe Islands;FRO;1962;3.338093477;Europe;FRO
3487;Faroe Islands;FRO;1963;3.507116737;Europe;FRO
3488;Faroe Islands;FRO;1964;3.366466366;Europe;FRO
3489;Faroe Islands;FRO;1965;3.731237797;Europe;FRO
3490;Faroe Islands;FRO;1966;3.786164547;Europe;FRO
3491;Faroe Islands;FRO;1967;4.527403511;Europe;FRO
3492;Faroe Islands;FRO;1968;4.861074288;Europe;FRO
3493;Faroe Islands;FRO;1969;5.572948328;Europe;FRO
3494;Faroe Islands;FRO;1970;6.652240392;Europe;FRO
3495;Faroe Islands;FRO;1971;6.678731755;Europe;FRO
3496;Faroe Islands;FRO;1972;5.962601626;Europe;FRO
3497;Faroe Islands;FRO;1973;6.368402507;Europe;FRO
3498;Faroe Islands;FRO;1974;7.495612723;Europe;FRO
3499;Faroe Islands;FRO;1975;8.595450171;Europe;FRO
3500;Faroe Islands;FRO;1976;8.054620003;Europe;FRO
3501;Faroe Islands;FRO;1977;9.820662533;Europe;FRO
3502;Faroe Islands;FRO;1978;9.528989653;Europe;FRO
3503;Faroe Islands;FRO;1979;11.31150513;Europe;FRO
3504;Faroe Islands;FRO;1980;9.804812834;Europe;FRO
3505;Faroe Islands;FRO;1981;10.10216029;Europe;FRO
3506;Faroe Islands;FRO;1982;10.39281261;Europe;FRO
3507;Faroe Islands;FRO;1983;10.92028839;Europe;FRO
3508;Faroe Islands;FRO;1984;11.02393952;Europe;FRO
3509;Faroe Islands;FRO;1985;11.27938482;Europe;FRO
3510;Faroe Islands;FRO;1986;10.56704157;Europe;FRO
3511;Faroe Islands;FRO;1987;10.5672755;Europe;FRO
3512;Faroe Islands;FRO;1988;11.04957208;Europe;FRO
3513;Faroe Islands;FRO;1989;12.04419499;Europe;FRO
3514;Faroe Islands;FRO;1990;12.97890945;Europe;FRO
3515;Faroe Islands;FRO;1991;12.50797996;Europe;FRO
3516;Faroe Islands;FRO;1992;12.99126122;Europe;FRO
3517;Faroe Islands;FRO;1993;14.66767763;Europe;FRO
3518;Faroe Islands;FRO;1994;13.15515695;Europe;FRO
3519;Faroe Islands;FRO;1995;15.63291685;Europe;FRO
3520;Faroe Islands;FRO;1996;13.80916948;Europe;FRO
3521;Faroe Islands;FRO;1997;13.35943509;Europe;FRO
3522;Faroe Islands;FRO;1998;13.97695342;Europe;FRO
3523;Faroe Islands;FRO;1999;13.91559801;Europe;FRO
3524;Faroe Islands;FRO;2000;14.82859048;Europe;FRO
3525;Faroe Islands;FRO;2001;16.22428316;Europe;FRO
3526;Faroe Islands;FRO;2002;15.45561831;Europe;FRO
3527;Faroe Islands;FRO;2003;15.64603029;Europe;FRO
3528;Faroe Islands;FRO;2004;15.93254059;Europe;FRO
3529;Faroe Islands;FRO;2005;14.94505244;Europe;FRO
3530;Faroe Islands;FRO;2006;13.98608391;Europe;FRO
3531;Faroe Islands;FRO;2007;14.18539476;Europe;FRO
3532;Faroe Islands;FRO;2008;12.97012071;Europe;FRO
3533;Faroe Islands;FRO;2009;11.8429021;Europe;FRO
3534;Faroe Islands;FRO;2010;12.9866782;Europe;FRO
3535;Faroe Islands;FRO;2011;11.72121175;Europe;FRO
3573;Micronesia, Fed. Sts.;FSM;1997;0.709702689;Oceania;FSM
3574;Micronesia, Fed. Sts.;FSM;1998;0.745352748;Oceania;FSM
3575;Micronesia, Fed. Sts.;FSM;1999;1.088453547;Oceania;FSM
3576;Micronesia, Fed. Sts.;FSM;2000;1.26295262;Oceania;FSM
3577;Micronesia, Fed. Sts.;FSM;2001;1.642399925;Oceania;FSM
3578;Micronesia, Fed. Sts.;FSM;2002;1.371058953;Oceania;FSM
3579;Micronesia, Fed. Sts.;FSM;2003;1.373202516;Oceania;FSM
3580;Micronesia, Fed. Sts.;FSM;2004;1.376307764;Oceania;FSM
3581;Micronesia, Fed. Sts.;FSM;2005;1.139484736;Oceania;FSM
3582;Micronesia, Fed. Sts.;FSM;2006;1.179769114;Oceania;FSM
3583;Micronesia, Fed. Sts.;FSM;2007;1.360991625;Oceania;FSM
3584;Micronesia, Fed. Sts.;FSM;2008;1.158310361;Oceania;FSM
3585;Micronesia, Fed. Sts.;FSM;2009;1.622550764;Oceania;FSM
3586;Micronesia, Fed. Sts.;FSM;2010;1.167845665;Oceania;FSM
3587;Micronesia, Fed. Sts.;FSM;2011;1.240335923;Oceania;FSM
3588;Gabon;GAB;1960;0.264452943;Africa;GAB
3589;Gabon;GAB;1961;0.327297719;Africa;GAB
3590;Gabon;GAB;1962;0.172630373;Africa;GAB
3591;Gabon;GAB;1963;0.142057451;Africa;GAB
3592;Gabon;GAB;1964;0.364044575;Africa;GAB
3593;Gabon;GAB;1965;0.406287558;Africa;GAB
3594;Gabon;GAB;1966;0.702902157;Africa;GAB
3595;Gabon;GAB;1967;1.827444933;Africa;GAB
3596;Gabon;GAB;1968;3.466904527;Africa;GAB
3597;Gabon;GAB;1969;2.480128487;Africa;GAB
3598;Gabon;GAB;1970;3.529552514;Africa;GAB
3599;Gabon;GAB;1971;4.728986562;Africa;GAB
3600;Gabon;GAB;1972;4.467655257;Africa;GAB
3601;Gabon;GAB;1973;8.506676806;Africa;GAB
3602;Gabon;GAB;1974;8.56417759;Africa;GAB
3603;Gabon;GAB;1975;8.262784373;Africa;GAB
3604;Gabon;GAB;1976;8.601600846;Africa;GAB
3605;Gabon;GAB;1977;9.302746374;Africa;GAB
3606;Gabon;GAB;1978;10.88381165;Africa;GAB
3607;Gabon;GAB;1979;9.492897136;Africa;GAB
3608;Gabon;GAB;1980;9.09753348;Africa;GAB
3609;Gabon;GAB;1981;8.794800112;Africa;GAB
3610;Gabon;GAB;1982;8.549847627;Africa;GAB
3611;Gabon;GAB;1983;7.01234535;Africa;GAB
3612;Gabon;GAB;1984;7.419420905;Africa;GAB
3613;Gabon;GAB;1985;7.61150404;Africa;GAB
3614;Gabon;GAB;1986;5.824804024;Africa;GAB
3615;Gabon;GAB;1987;4.58752938;Africa;GAB
3616;Gabon;GAB;1988;4.808124037;Africa;GAB
3617;Gabon;GAB;1989;6.228749212;Africa;GAB
3618;Gabon;GAB;1990;5.086910316;Africa;GAB
3619;Gabon;GAB;1991;1.510654719;Africa;GAB
3620;Gabon;GAB;1992;2.120775673;Africa;GAB
3621;Gabon;GAB;1993;3.182178254;Africa;GAB
3622;Gabon;GAB;1994;3.166029519;Africa;GAB
3623;Gabon;GAB;1995;3.550727186;Africa;GAB
3624;Gabon;GAB;1996;3.170736914;Africa;GAB
3625;Gabon;GAB;1997;3.100079732;Africa;GAB
3626;Gabon;GAB;1998;1.391011445;Africa;GAB
3627;Gabon;GAB;1999;1.195483744;Africa;GAB
3628;Gabon;GAB;2000;0.854557841;Africa;GAB
3629;Gabon;GAB;2001;1.413926145;Africa;GAB
3630;Gabon;GAB;2002;1.37954238;Africa;GAB
3631;Gabon;GAB;2003;1.093345462;Africa;GAB
3632;Gabon;GAB;2004;1.374250106;Africa;GAB
3633;Gabon;GAB;2005;1.57828952;Africa;GAB
3634;Gabon;GAB;2006;1.478335179;Africa;GAB
3635;Gabon;GAB;2007;1.381898977;Africa;GAB
3636;Gabon;GAB;2008;1.39589453;Africa;GAB
3637;Gabon;GAB;2009;1.423082894;Africa;GAB
3638;Gabon;GAB;2010;1.455445622;Africa;GAB
3639;Gabon;GAB;2011;1.418165749;Africa;GAB
3640;United Kingdom;GBR;1960;11.15075916;Europe;GBR
3641;United Kingdom;GBR;1961;11.15413892;Europe;GBR
3642;United Kingdom;GBR;1962;11.14292839;Europe;GBR
3643;United Kingdom;GBR;1963;11.25485346;Europe;GBR
3644;United Kingdom;GBR;1964;11.26583889;Europe;GBR
3645;United Kingdom;GBR;1965;11.45615951;Europe;GBR
3646;United Kingdom;GBR;1966;11.31896078;Europe;GBR
3647;United Kingdom;GBR;1967;10.78410455;Europe;GBR
3648;United Kingdom;GBR;1968;10.99348823;Europe;GBR
3649;United Kingdom;GBR;1969;11.34267041;Europe;GBR
3650;United Kingdom;GBR;1970;11.7323973;Europe;GBR
3651;United Kingdom;GBR;1971;11.82303629;Europe;GBR
3652;United Kingdom;GBR;1972;11.56235418;Europe;GBR
3653;United Kingdom;GBR;1973;11.74552694;Europe;GBR
3654;United Kingdom;GBR;1974;10.98359286;Europe;GBR
3655;United Kingdom;GBR;1975;10.73605364;Europe;GBR
3656;United Kingdom;GBR;1976;10.65454202;Europe;GBR
3657;United Kingdom;GBR;1977;10.76186851;Europe;GBR
3658;United Kingdom;GBR;1978;10.76729499;Europe;GBR
3659;United Kingdom;GBR;1979;11.46539104;Europe;GBR
3660;United Kingdom;GBR;1980;10.28675704;Europe;GBR
3661;United Kingdom;GBR;1981;9.955296648;Europe;GBR
3662;United Kingdom;GBR;1982;9.740461658;Europe;GBR
3663;United Kingdom;GBR;1983;9.687798405;Europe;GBR
3664;United Kingdom;GBR;1984;9.381702909;Europe;GBR
3665;United Kingdom;GBR;1985;9.900139784;Europe;GBR
3666;United Kingdom;GBR;1986;10.03463939;Europe;GBR
3667;United Kingdom;GBR;1987;10.06774667;Europe;GBR
3668;United Kingdom;GBR;1988;10.02074396;Europe;GBR
3669;United Kingdom;GBR;1989;10.19193063;Europe;GBR
3670;United Kingdom;GBR;1990;9.710497347;Europe;GBR
3671;United Kingdom;GBR;1991;9.870362031;Europe;GBR
3672;United Kingdom;GBR;1992;9.659401562;Europe;GBR
3673;United Kingdom;GBR;1993;9.452091001;Europe;GBR
3674;United Kingdom;GBR;1994;9.446118546;Europe;GBR
3675;United Kingdom;GBR;1995;9.2723181;Europe;GBR
3676;United Kingdom;GBR;1996;9.474872432;Europe;GBR
3677;United Kingdom;GBR;1997;9.037187368;Europe;GBR
3678;United Kingdom;GBR;1998;9.093651543;Europe;GBR
3679;United Kingdom;GBR;1999;9.04651127;Europe;GBR
3680;United Kingdom;GBR;2000;9.199798297;Europe;GBR
3681;United Kingdom;GBR;2001;9.233237014;Europe;GBR
3682;United Kingdom;GBR;2002;8.877934874;Europe;GBR
3683;United Kingdom;GBR;2003;9.028317864;Europe;GBR
3684;United Kingdom;GBR;2004;8.987428516;Europe;GBR
3685;United Kingdom;GBR;2005;8.981481479;Europe;GBR
3686;United Kingdom;GBR;2006;8.8973241;Europe;GBR
3687;United Kingdom;GBR;2007;8.615489319;Europe;GBR
3688;United Kingdom;GBR;2008;8.4377732;Europe;GBR
3689;United Kingdom;GBR;2009;7.598999603;Europe;GBR
3690;United Kingdom;GBR;2010;7.841653312;Europe;GBR
3691;United Kingdom;GBR;2011;7.085732086;Europe;GBR
3756;Georgia;GEO;1992;3.146690058;Europe;GEO
3757;Georgia;GEO;1992;3.146690058;Asia;GEO
3758;Georgia;GEO;1993;2.026478386;Europe;GEO
3759;Georgia;GEO;1993;2.026478386;Asia;GEO
3760;Georgia;GEO;1994;1.25134791;Europe;GEO
3761;Georgia;GEO;1994;1.25134791;Asia;GEO
3762;Georgia;GEO;1995;0.486454584;Europe;GEO
3763;Georgia;GEO;1995;0.486454584;Asia;GEO
3764;Georgia;GEO;1996;0.880982431;Europe;GEO
3765;Georgia;GEO;1996;0.880982431;Asia;GEO
3766;Georgia;GEO;1997;0.979139818;Europe;GEO
3767;Georgia;GEO;1997;0.979139818;Asia;GEO
3768;Georgia;GEO;1998;1.105665099;Europe;GEO
3769;Georgia;GEO;1998;1.105665099;Asia;GEO
3770;Georgia;GEO;1999;0.975944975;Europe;GEO
3771;Georgia;GEO;1999;0.975944975;Asia;GEO
3772;Georgia;GEO;2000;1.026657085;Europe;GEO
3773;Georgia;GEO;2000;1.026657085;Asia;GEO
3774;Georgia;GEO;2001;0.859400875;Europe;GEO
3775;Georgia;GEO;2001;0.859400875;Asia;GEO
3776;Georgia;GEO;2002;0.777669956;Europe;GEO
3777;Georgia;GEO;2002;0.777669956;Asia;GEO
3778;Georgia;GEO;2003;0.877317601;Europe;GEO
3779;Georgia;GEO;2003;0.877317601;Asia;GEO
3780;Georgia;GEO;2004;1.018467138;Europe;GEO
3781;Georgia;GEO;2004;1.018467138;Asia;GEO
3782;Georgia;GEO;2005;1.209497375;Europe;GEO
3783;Georgia;GEO;2005;1.209497375;Asia;GEO
3784;Georgia;GEO;2006;1.486837282;Europe;GEO
3785;Georgia;GEO;2006;1.486837282;Asia;GEO
3786;Georgia;GEO;2007;1.572983097;Europe;GEO
3787;Georgia;GEO;2007;1.572983097;Asia;GEO
3788;Georgia;GEO;2008;1.592369727;Europe;GEO
3789;Georgia;GEO;2008;1.592369727;Asia;GEO
3790;Georgia;GEO;2009;1.576312217;Europe;GEO
3791;Georgia;GEO;2009;1.576312217;Asia;GEO
3792;Georgia;GEO;2010;1.663506623;Europe;GEO
3793;Georgia;GEO;2010;1.663506623;Asia;GEO
3794;Georgia;GEO;2011;2.046895742;Europe;GEO
3795;Georgia;GEO;2011;2.046895742;Asia;GEO
3796;Ghana;GHA;1960;0.219944425;Africa;GHA
3797;Ghana;GHA;1961;0.195992162;Africa;GHA
3798;Ghana;GHA;1962;0.202357559;Africa;GHA
3799;Ghana;GHA;1963;0.235983576;Africa;GHA
3800;Ghana;GHA;1964;0.219630931;Africa;GHA
3801;Ghana;GHA;1965;0.221145789;Africa;GHA
3802;Ghana;GHA;1966;0.18262989;Africa;GHA
3803;Ghana;GHA;1967;0.185683744;Africa;GHA
3804;Ghana;GHA;1968;0.214550845;Africa;GHA
3805;Ghana;GHA;1969;0.201312057;Africa;GHA
3806;Ghana;GHA;1970;0.305406424;Africa;GHA
3807;Ghana;GHA;1971;0.260051094;Africa;GHA
3808;Ghana;GHA;1972;0.266842845;Africa;GHA
3809;Ghana;GHA;1973;0.264726804;Africa;GHA
3810;Ghana;GHA;1974;0.305828964;Africa;GHA
3811;Ghana;GHA;1975;0.279368196;Africa;GHA
3812;Ghana;GHA;1976;0.242918646;Africa;GHA
3813;Ghana;GHA;1977;0.294730688;Africa;GHA
3814;Ghana;GHA;1978;0.286858165;Africa;GHA
3815;Ghana;GHA;1979;0.251979239;Africa;GHA
3816;Ghana;GHA;1980;0.236952423;Africa;GHA
3817;Ghana;GHA;1981;0.274094661;Africa;GHA
3818;Ghana;GHA;1982;0.264935613;Africa;GHA
3819;Ghana;GHA;1983;0.307352589;Africa;GHA
3820;Ghana;GHA;1984;0.209693217;Africa;GHA
3821;Ghana;GHA;1985;0.261552906;Africa;GHA
3822;Ghana;GHA;1986;0.232546002;Africa;GHA
3823;Ghana;GHA;1987;0.243734357;Africa;GHA
3824;Ghana;GHA;1988;0.24909748;Africa;GHA
3825;Ghana;GHA;1989;0.234976683;Africa;GHA
3826;Ghana;GHA;1990;0.268728065;Africa;GHA
3827;Ghana;GHA;1991;0.268880674;Africa;GHA
3828;Ghana;GHA;1992;0.264746912;Africa;GHA
3829;Ghana;GHA;1993;0.293226407;Africa;GHA
3830;Ghana;GHA;1994;0.310383391;Africa;GHA
3831;Ghana;GHA;1995;0.323797083;Africa;GHA
3832;Ghana;GHA;1996;0.335320534;Africa;GHA
3833;Ghana;GHA;1997;0.364016153;Africa;GHA
3834;Ghana;GHA;1998;0.356312531;Africa;GHA
3835;Ghana;GHA;1999;0.356239678;Africa;GHA
3836;Ghana;GHA;2000;0.334072085;Africa;GHA
3837;Ghana;GHA;2001;0.358645138;Africa;GHA
3838;Ghana;GHA;2002;0.375072777;Africa;GHA
3839;Ghana;GHA;2003;0.375812764;Africa;GHA
3840;Ghana;GHA;2004;0.352614883;Africa;GHA
3841;Ghana;GHA;2005;0.32693445;Africa;GHA
3842;Ghana;GHA;2006;0.42630423;Africa;GHA
3843;Ghana;GHA;2007;0.436236777;Africa;GHA
3844;Ghana;GHA;2008;0.395319087;Africa;GHA
3845;Ghana;GHA;2009;0.325052954;Africa;GHA
3846;Ghana;GHA;2010;0.415441052;Africa;GHA
3847;Ghana;GHA;2011;0.404379798;Africa;GHA
3848;Guinea;GIN;1960;0.114804749;Africa;GIN
3849;Guinea;GIN;1961;0.169535949;Africa;GIN
3850;Guinea;GIN;1962;0.178831524;Africa;GIN
3851;Guinea;GIN;1963;0.18579863;Africa;GIN
3852;Guinea;GIN;1964;0.183734592;Africa;GIN
3853;Guinea;GIN;1965;0.179671278;Africa;GIN
3854;Guinea;GIN;1966;0.182040147;Africa;GIN
3855;Guinea;GIN;1967;0.180529006;Africa;GIN
3856;Guinea;GIN;1968;0.182699447;Africa;GIN
3857;Guinea;GIN;1969;0.17980783;Africa;GIN
3858;Guinea;GIN;1970;0.187897734;Africa;GIN
3859;Guinea;GIN;1971;0.191137475;Africa;GIN
3860;Guinea;GIN;1972;0.193889744;Africa;GIN
3861;Guinea;GIN;1973;0.18591796;Africa;GIN
3862;Guinea;GIN;1974;0.193455828;Africa;GIN
3863;Guinea;GIN;1975;0.193454419;Africa;GIN
3864;Guinea;GIN;1976;0.202755549;Africa;GIN
3865;Guinea;GIN;1977;0.20531957;Africa;GIN
3866;Guinea;GIN;1978;0.204272392;Africa;GIN
3867;Guinea;GIN;1979;0.212514196;Africa;GIN
3868;Guinea;GIN;1980;0.214003855;Africa;GIN
3869;Guinea;GIN;1981;0.21597385;Africa;GIN
3870;Guinea;GIN;1982;0.209766847;Africa;GIN
3871;Guinea;GIN;1983;0.198433214;Africa;GIN
3872;Guinea;GIN;1984;0.19830735;Africa;GIN
3873;Guinea;GIN;1985;0.195671954;Africa;GIN
3874;Guinea;GIN;1986;0.190947426;Africa;GIN
3875;Guinea;GIN;1987;0.184883028;Africa;GIN
3876;Guinea;GIN;1988;0.185059487;Africa;GIN
3877;Guinea;GIN;1989;0.18131913;Africa;GIN
3878;Guinea;GIN;1990;0.175021818;Africa;GIN
3879;Guinea;GIN;1991;0.168747045;Africa;GIN
3880;Guinea;GIN;1992;0.159142097;Africa;GIN
3881;Guinea;GIN;1993;0.15425297;Africa;GIN
3882;Guinea;GIN;1994;0.163001804;Africa;GIN
3883;Guinea;GIN;1995;0.159028583;Africa;GIN
3884;Guinea;GIN;1996;0.156612982;Africa;GIN
3885;Guinea;GIN;1997;0.153610224;Africa;GIN
3886;Guinea;GIN;1998;0.146290203;Africa;GIN
3887;Guinea;GIN;1999;0.147149249;Africa;GIN
3888;Guinea;GIN;2000;0.145443687;Africa;GIN
3889;Guinea;GIN;2001;0.144947897;Africa;GIN
3890;Guinea;GIN;2002;0.145243067;Africa;GIN
3891;Guinea;GIN;2003;0.144600721;Africa;GIN
3892;Guinea;GIN;2004;0.141801846;Africa;GIN
3893;Guinea;GIN;2005;0.122119267;Africa;GIN
3894;Guinea;GIN;2006;0.119290573;Africa;GIN
3895;Guinea;GIN;2007;0.119193056;Africa;GIN
3896;Guinea;GIN;2008;0.191660762;Africa;GIN
3897;Guinea;GIN;2009;0.196768408;Africa;GIN
3898;Guinea;GIN;2010;0.225765923;Africa;GIN
3899;Guinea;GIN;2011;0.229423425;Africa;GIN
3900;Gambia, The;GMB;1960;0.049832984;Africa;GMB
3901;Gambia, The;GMB;1961;0.058401639;Africa;GMB
3902;Gambia, The;GMB;1962;0.066929144;Africa;GMB
3903;Gambia, The;GMB;1963;0.075400314;Africa;GMB
3904;Gambia, The;GMB;1964;0.074352684;Africa;GMB
3905;Gambia, The;GMB;1965;0.073181744;Africa;GMB
3906;Gambia, The;GMB;1966;0.080853639;Africa;GMB
3907;Gambia, The;GMB;1967;0.079268966;Africa;GMB
3908;Gambia, The;GMB;1968;0.086179141;Africa;GMB
3909;Gambia, The;GMB;1969;0.109387334;Africa;GMB
3910;Gambia, The;GMB;1970;0.106579056;Africa;GMB
3911;Gambia, The;GMB;1971;0.119525938;Africa;GMB
3912;Gambia, The;GMB;1972;0.139095288;Africa;GMB
3913;Gambia, The;GMB;1973;0.127258809;Africa;GMB
3914;Gambia, The;GMB;1974;0.123318536;Africa;GMB
3915;Gambia, The;GMB;1975;0.190010939;Africa;GMB
3916;Gambia, The;GMB;1976;0.18457744;Africa;GMB
3917;Gambia, The;GMB;1977;0.206002649;Africa;GMB
3918;Gambia, The;GMB;1978;0.245401777;Africa;GMB
3919;Gambia, The;GMB;1979;0.250668626;Africa;GMB
3920;Gambia, The;GMB;1980;0.260901003;Africa;GMB
3921;Gambia, The;GMB;1981;0.252122997;Africa;GMB
3922;Gambia, The;GMB;1982;0.248916233;Africa;GMB
3923;Gambia, The;GMB;1983;0.239662522;Africa;GMB
3924;Gambia, The;GMB;1984;0.24582761;Africa;GMB
3925;Gambia, The;GMB;1985;0.235419865;Africa;GMB
3926;Gambia, The;GMB;1986;0.210472764;Africa;GMB
3927;Gambia, The;GMB;1987;0.223449077;Africa;GMB
3928;Gambia, The;GMB;1988;0.217481555;Africa;GMB
3929;Gambia, The;GMB;1989;0.203919668;Africa;GMB
3930;Gambia, The;GMB;1990;0.207986161;Africa;GMB
3931;Gambia, The;GMB;1991;0.208551959;Africa;GMB
3932;Gambia, The;GMB;1992;0.202120851;Africa;GMB
3933;Gambia, The;GMB;1993;0.207299245;Africa;GMB
3934;Gambia, The;GMB;1994;0.20163376;Africa;GMB
3935;Gambia, The;GMB;1995;0.203006157;Africa;GMB
3936;Gambia, The;GMB;1996;0.197431374;Africa;GMB
3937;Gambia, The;GMB;1997;0.192008953;Africa;GMB
3938;Gambia, The;GMB;1998;0.202491629;Africa;GMB
3939;Gambia, The;GMB;1999;0.215177883;Africa;GMB
3940;Gambia, The;GMB;2000;0.223804444;Africa;GMB
3941;Gambia, The;GMB;2001;0.222838238;Africa;GMB
3942;Gambia, The;GMB;2002;0.241162553;Africa;GMB
3943;Gambia, The;GMB;2003;0.233541799;Africa;GMB
3944;Gambia, The;GMB;2004;0.231368576;Africa;GMB
3945;Gambia, The;GMB;2005;0.22401013;Africa;GMB
3946;Gambia, The;GMB;2006;0.226764113;Africa;GMB
3947;Gambia, The;GMB;2007;0.257764784;Africa;GMB
3948;Gambia, The;GMB;2008;0.258833628;Africa;GMB
3949;Gambia, The;GMB;2009;0.266259849;Africa;GMB
3950;Gambia, The;GMB;2010;0.279410774;Africa;GMB
3951;Gambia, The;GMB;2011;0.241098417;Africa;GMB
3952;Guinea-Bissau;GNB;1960;0.029744957;Africa;GNB
3953;Guinea-Bissau;GNB;1961;0.047057087;Africa;GNB
3954;Guinea-Bissau;GNB;1962;0.064029728;Africa;GNB
3955;Guinea-Bissau;GNB;1963;0.074884581;Africa;GNB
3956;Guinea-Bissau;GNB;1964;0.091110966;Africa;GNB
3957;Guinea-Bissau;GNB;1965;0.10114839;Africa;GNB
3958;Guinea-Bissau;GNB;1966;0.099617113;Africa;GNB
3959;Guinea-Bissau;GNB;1967;0.070739717;Africa;GNB
3960;Guinea-Bissau;GNB;1968;0.09085265;Africa;GNB
3961;Guinea-Bissau;GNB;1969;0.083947021;Africa;GNB
3962;Guinea-Bissau;GNB;1970;0.097878982;Africa;GNB
3963;Guinea-Bissau;GNB;1971;0.10117774;Africa;GNB
3964;Guinea-Bissau;GNB;1972;0.089424847;Africa;GNB
3965;Guinea-Bissau;GNB;1973;0.146384888;Africa;GNB
3966;Guinea-Bissau;GNB;1974;0.134221555;Africa;GNB
3967;Guinea-Bissau;GNB;1975;0.146023929;Africa;GNB
3968;Guinea-Bissau;GNB;1976;0.120387545;Africa;GNB
3969;Guinea-Bissau;GNB;1977;0.12747166;Africa;GNB
3970;Guinea-Bissau;GNB;1978;0.125310757;Africa;GNB
3971;Guinea-Bissau;GNB;1979;0.131895721;Africa;GNB
3972;Guinea-Bissau;GNB;1980;0.172587853;Africa;GNB
3973;Guinea-Bissau;GNB;1981;0.164961641;Africa;GNB
3974;Guinea-Bissau;GNB;1982;0.161566305;Africa;GNB
3975;Guinea-Bissau;GNB;1983;0.158131826;Africa;GNB
3976;Guinea-Bissau;GNB;1984;0.174547642;Africa;GNB
3977;Guinea-Bissau;GNB;1985;0.182391282;Africa;GNB
3978;Guinea-Bissau;GNB;1986;0.18979565;Africa;GNB
3979;Guinea-Bissau;GNB;1987;0.196767701;Africa;GNB
3980;Guinea-Bissau;GNB;1988;0.21421789;Africa;GNB
3981;Guinea-Bissau;GNB;1989;0.223684809;Africa;GNB
3982;Guinea-Bissau;GNB;1990;0.239557928;Africa;GNB
3983;Guinea-Bissau;GNB;1991;0.2376339;Africa;GNB
3984;Guinea-Bissau;GNB;1992;0.235679474;Africa;GNB
3985;Guinea-Bissau;GNB;1993;0.246694273;Africa;GNB
3986;Guinea-Bissau;GNB;1994;0.241268588;Africa;GNB
3987;Guinea-Bissau;GNB;1995;0.239109577;Africa;GNB
3988;Guinea-Bissau;GNB;1996;0.236971482;Africa;GNB
3989;Guinea-Bissau;GNB;1997;0.214041118;Africa;GNB
3990;Guinea-Bissau;GNB;1998;0.136738907;Africa;GNB
3991;Guinea-Bissau;GNB;1999;0.150925623;Africa;GNB
3992;Guinea-Bissau;GNB;2000;0.111505145;Africa;GNB
3993;Guinea-Bissau;GNB;2001;0.1118948;Africa;GNB
3994;Guinea-Bissau;GNB;2002;0.112225083;Africa;GNB
3995;Guinea-Bissau;GNB;2003;0.138652195;Africa;GNB
3996;Guinea-Bissau;GNB;2004;0.14085958;Africa;GNB
3997;Guinea-Bissau;GNB;2005;0.14539809;Africa;GNB
3998;Guinea-Bissau;GNB;2006;0.144756166;Africa;GNB
3999;Guinea-Bissau;GNB;2007;0.151256889;Africa;GNB
4000;Guinea-Bissau;GNB;2008;0.145619048;Africa;GNB
4001;Guinea-Bissau;GNB;2009;0.146971003;Africa;GNB
4002;Guinea-Bissau;GNB;2010;0.145854598;Africa;GNB
4003;Guinea-Bissau;GNB;2011;0.146810683;Africa;GNB
4004;Equatorial Guinea;GNQ;1960;0.087269698;Africa;GNQ
4005;Equatorial Guinea;GNQ;1961;0.08624853;Africa;GNQ
4006;Equatorial Guinea;GNQ;1962;0.085298907;Africa;GNQ
4007;Equatorial Guinea;GNQ;1963;0.098352427;Africa;GNQ
4008;Equatorial Guinea;GNQ;1964;0.096958182;Africa;GNQ
4009;Equatorial Guinea;GNQ;1965;0.108882926;Africa;GNQ
4010;Equatorial Guinea;GNQ;1966;0.093182561;Africa;GNQ
4011;Equatorial Guinea;GNQ;1967;0.090881411;Africa;GNQ
4012;Equatorial Guinea;GNQ;1968;0.10161378;Africa;GNQ
4013;Equatorial Guinea;GNQ;1969;0.150691405;Africa;GNQ
4014;Equatorial Guinea;GNQ;1970;0.126054898;Africa;GNQ
4015;Equatorial Guinea;GNQ;1971;0.231669094;Africa;GNQ
4016;Equatorial Guinea;GNQ;1972;0.32013852;Africa;GNQ
4017;Equatorial Guinea;GNQ;1973;0.111799207;Africa;GNQ
4018;Equatorial Guinea;GNQ;1974;0.205691803;Africa;GNQ
4019;Equatorial Guinea;GNQ;1975;0.261664708;Africa;GNQ
4020;Equatorial Guinea;GNQ;1976;0.272829127;Africa;GNQ
4021;Equatorial Guinea;GNQ;1977;0.282906441;Africa;GNQ
4022;Equatorial Guinea;GNQ;1978;0.323632969;Africa;GNQ
4023;Equatorial Guinea;GNQ;1979;0.289929958;Africa;GNQ
4024;Equatorial Guinea;GNQ;1980;0.26595952;Africa;GNQ
4025;Equatorial Guinea;GNQ;1981;0.299110478;Africa;GNQ
4026;Equatorial Guinea;GNQ;1982;0.291841258;Africa;GNQ
4027;Equatorial Guinea;GNQ;1983;0.228181655;Africa;GNQ
4028;Equatorial Guinea;GNQ;1984;0.27338778;Africa;GNQ
4029;Equatorial Guinea;GNQ;1985;0.209938074;Africa;GNQ
4030;Equatorial Guinea;GNQ;1986;0.244283824;Africa;GNQ
4031;Equatorial Guinea;GNQ;1987;0.28841213;Africa;GNQ
4032;Equatorial Guinea;GNQ;1988;0.299990409;Africa;GNQ
4033;Equatorial Guinea;GNQ;1989;0.321093662;Africa;GNQ
4034;Equatorial Guinea;GNQ;1990;0.320675318;Africa;GNQ
4035;Equatorial Guinea;GNQ;1991;0.516636312;Africa;GNQ
4036;Equatorial Guinea;GNQ;1992;0.535419879;Africa;GNQ
4037;Equatorial Guinea;GNQ;1993;0.245396251;Africa;GNQ
4038;Equatorial Guinea;GNQ;1994;0.084649709;Africa;GNQ
4039;Equatorial Guinea;GNQ;1995;0.294451433;Africa;GNQ
4040;Equatorial Guinea;GNQ;1996;0.252981606;Africa;GNQ
4041;Equatorial Guinea;GNQ;1997;0.611375553;Africa;GNQ
4042;Equatorial Guinea;GNQ;1998;0.339858562;Africa;GNQ
4043;Equatorial Guinea;GNQ;1999;0.921487805;Africa;GNQ
4044;Equatorial Guinea;GNQ;2000;0.856491667;Africa;GNQ
4045;Equatorial Guinea;GNQ;2001;5.637356172;Africa;GNQ
4046;Equatorial Guinea;GNQ;2002;8.772418191;Africa;GNQ
4047;Equatorial Guinea;GNQ;2003;10.25534109;Africa;GNQ
4048;Equatorial Guinea;GNQ;2004;8.607938621;Africa;GNQ
4049;Equatorial Guinea;GNQ;2005;7.528919929;Africa;GNQ
4050;Equatorial Guinea;GNQ;2006;7.359918726;Africa;GNQ
4051;Equatorial Guinea;GNQ;2007;7.204040865;Africa;GNQ
4052;Equatorial Guinea;GNQ;2008;6.562117562;Africa;GNQ
4053;Equatorial Guinea;GNQ;2009;6.533815076;Africa;GNQ
4054;Equatorial Guinea;GNQ;2010;6.421061876;Africa;GNQ
4055;Equatorial Guinea;GNQ;2011;8.907241536;Africa;GNQ
4056;Greece;GRC;1960;1.128920482;Europe;GRC
4057;Greece;GRC;1961;1.169782628;Europe;GRC
4058;Greece;GRC;1962;1.20320119;Europe;GRC
4059;Greece;GRC;1963;1.445674897;Europe;GRC
4060;Greece;GRC;1964;1.553764446;Europe;GRC
4061;Greece;GRC;1965;1.991253557;Europe;GRC
4062;Greece;GRC;1966;2.165209851;Europe;GRC
4063;Greece;GRC;1967;2.249413986;Europe;GRC
4064;Greece;GRC;1968;2.553669959;Europe;GRC
4065;Greece;GRC;1969;2.903833843;Europe;GRC
4066;Greece;GRC;1970;2.748329714;Europe;GRC
4067;Greece;GRC;1971;3.149595925;Europe;GRC
4068;Greece;GRC;1972;3.552052128;Europe;GRC
4069;Greece;GRC;1973;4.17251217;Europe;GRC
4070;Greece;GRC;1974;4.041382514;Europe;GRC
4071;Greece;GRC;1975;4.29709731;Europe;GRC
4072;Greece;GRC;1976;4.670280089;Europe;GRC
4073;Greece;GRC;1977;5.049153465;Europe;GRC
4074;Greece;GRC;1978;5.09882429;Europe;GRC
4075;Greece;GRC;1979;5.37207897;Europe;GRC
4076;Greece;GRC;1980;5.333642555;Europe;GRC
4077;Greece;GRC;1981;5.213292152;Europe;GRC
4078;Greece;GRC;1982;5.326966418;Europe;GRC
4079;Greece;GRC;1983;5.640921404;Europe;GRC
4080;Greece;GRC;1984;5.765561878;Europe;GRC
4081;Greece;GRC;1985;6.100162266;Europe;GRC
4082;Greece;GRC;1986;5.93248835;Europe;GRC
4083;Greece;GRC;1987;6.346832663;Europe;GRC
4084;Greece;GRC;1988;6.773932665;Europe;GRC
4085;Greece;GRC;1989;7.352537262;Europe;GRC
4086;Greece;GRC;1990;7.284521642;Europe;GRC
4087;Greece;GRC;1991;7.176639815;Europe;GRC
4088;Greece;GRC;1992;7.260257729;Europe;GRC
4089;Greece;GRC;1993;7.238006236;Europe;GRC
4090;Greece;GRC;1994;7.410792356;Europe;GRC
4091;Greece;GRC;1995;7.458879643;Europe;GRC
4092;Greece;GRC;1996;7.563654136;Europe;GRC
4093;Greece;GRC;1997;7.852506913;Europe;GRC
4094;Greece;GRC;1998;8.185367878;Europe;GRC
4095;Greece;GRC;1999;8.050452819;Europe;GRC
4096;Greece;GRC;2000;8.47843382;Europe;GRC
4097;Greece;GRC;2001;8.636014274;Europe;GRC
4098;Greece;GRC;2002;8.591970187;Europe;GRC
4099;Greece;GRC;2003;8.760745127;Europe;GRC
4100;Greece;GRC;2004;8.867967195;Europe;GRC
4101;Greece;GRC;2005;8.980839448;Europe;GRC
4102;Greece;GRC;2006;8.827796219;Europe;GRC
4103;Greece;GRC;2007;8.892293442;Europe;GRC
4104;Greece;GRC;2008;8.829327935;Europe;GRC
4105;Greece;GRC;2009;8.544324727;Europe;GRC
4106;Greece;GRC;2010;7.797370479;Europe;GRC
4107;Greece;GRC;2011;7.568519083;Europe;GRC
4108;Grenada;GRD;1960;0.244844816;North America;GRD
4109;Grenada;GRD;1961;0.200909489;North America;GRD
4110;Grenada;GRD;1962;0.277730892;North America;GRD
4111;Grenada;GRD;1963;0.157122351;North America;GRD
4112;Grenada;GRD;1964;0.233899602;North America;GRD
4113;Grenada;GRD;1965;0.232630922;North America;GRD
4114;Grenada;GRD;1966;0.309197074;North America;GRD
4115;Grenada;GRD;1967;0.386154462;North America;GRD
4116;Grenada;GRD;1968;0.42515942;North America;GRD
4117;Grenada;GRD;1969;0.503485351;North America;GRD
4118;Grenada;GRD;1970;0.465995976;North America;GRD
4119;Grenada;GRD;1971;0.506169038;North America;GRD
4120;Grenada;GRD;1972;0.507478416;North America;GRD
4121;Grenada;GRD;1973;0.587478239;North America;GRD
4122;Grenada;GRD;1974;0.393661904;North America;GRD
4123;Grenada;GRD;1975;0.515624155;North America;GRD
4124;Grenada;GRD;1976;0.521364904;North America;GRD
4125;Grenada;GRD;1977;0.528579507;North America;GRD
4126;Grenada;GRD;1978;0.57637813;North America;GRD
4127;Grenada;GRD;1979;0.538223572;North America;GRD
4128;Grenada;GRD;1980;0.535605141;North America;GRD
4129;Grenada;GRD;1981;0.647772564;North America;GRD
4130;Grenada;GRD;1982;0.669656573;North America;GRD
4131;Grenada;GRD;1983;0.649493129;North America;GRD
4132;Grenada;GRD;1984;0.633268996;North America;GRD
4133;Grenada;GRD;1985;0.623970292;North America;GRD
4134;Grenada;GRD;1986;0.659097717;North America;GRD
4135;Grenada;GRD;1987;0.737968022;North America;GRD
4136;Grenada;GRD;1988;0.972252532;North America;GRD
4137;Grenada;GRD;1989;1.059925055;North America;GRD
4138;Grenada;GRD;1990;1.142533702;North America;GRD
4139;Grenada;GRD;1991;1.178549583;North America;GRD
4140;Grenada;GRD;1992;1.244956328;North America;GRD
4141;Grenada;GRD;1993;1.268316006;North America;GRD
4142;Grenada;GRD;1994;1.438719153;North America;GRD
4143;Grenada;GRD;1995;1.536253279;North America;GRD
4144;Grenada;GRD;1996;1.564357713;North America;GRD
4145;Grenada;GRD;1997;1.70431644;North America;GRD
4146;Grenada;GRD;1998;1.737537265;North America;GRD
4147;Grenada;GRD;1999;1.915901854;North America;GRD
4148;Grenada;GRD;2000;1.876441645;North America;GRD
4149;Grenada;GRD;2001;1.908226885;North America;GRD
4150;Grenada;GRD;2002;2.011283056;North America;GRD
4151;Grenada;GRD;2003;2.113420793;North America;GRD
4152;Grenada;GRD;2004;2.000370165;North America;GRD
4153;Grenada;GRD;2005;2.101514313;North America;GRD
4154;Grenada;GRD;2006;2.237296507;North America;GRD
4155;Grenada;GRD;2007;2.301012675;North America;GRD
4156;Grenada;GRD;2008;2.505022418;North America;GRD
4157;Grenada;GRD;2009;2.425962147;North America;GRD
4158;Grenada;GRD;2010;2.487241705;North America;GRD
4159;Grenada;GRD;2011;2.408137432;North America;GRD
4160;Greenland;GRL;1960;6.882676923;North America;GRL
4161;Greenland;GRL;1961;8.70504451;North America;GRL
4162;Greenland;GRL;1962;7.543542857;North America;GRL
4163;Greenland;GRL;1963;9.066758242;North America;GRL
4164;Greenland;GRL;1964;8.387287234;North America;GRL
4165;Greenland;GRL;1965;8.793316327;North America;GRL
4166;Greenland;GRL;1966;9.597580247;North America;GRL
4167;Greenland;GRL;1967;9.977040573;North America;GRL
4168;Greenland;GRL;1968;12.50497696;North America;GRL
4169;Greenland;GRL;1969;9.065412027;North America;GRL
4170;Greenland;GRL;1970;8.219137931;North America;GRL
4171;Greenland;GRL;1971;9.94440678;North America;GRL
4172;Greenland;GRL;1972;11.46412008;North America;GRL
4173;Greenland;GRL;1973;11.37518367;North America;GRL
4174;Greenland;GRL;1974;11.26028283;North America;GRL
4175;Greenland;GRL;1975;10.20254032;North America;GRL
4176;Greenland;GRL;1976;4.426961771;North America;GRL
4177;Greenland;GRL;1977;14.62346154;North America;GRL
4178;Greenland;GRL;1978;7.974979675;North America;GRL
4179;Greenland;GRL;1979;11.53330645;North America;GRL
4180;Greenland;GRL;1980;11.24936255;North America;GRL
4181;Greenland;GRL;1981;10.35388235;North America;GRL
4182;Greenland;GRL;1982;10.03974757;North America;GRL
4183;Greenland;GRL;1983;6.968003839;North America;GRL
4184;Greenland;GRL;1984;10.78529412;North America;GRL
4185;Greenland;GRL;1985;9.581071429;North America;GRL
4186;Greenland;GRL;1986;6.100242991;North America;GRL
4187;Greenland;GRL;1987;4.338040665;North America;GRL
4188;Greenland;GRL;1988;9.970492701;North America;GRL
4189;Greenland;GRL;1989;8.554122966;North America;GRL
4190;Greenland;GRL;1990;10.02489209;North America;GRL
4191;Greenland;GRL;1991;9.910810811;North America;GRL
4192;Greenland;GRL;1992;8.753056058;North America;GRL
4193;Greenland;GRL;1993;9.101068841;North America;GRL
4194;Greenland;GRL;1994;9.117945946;North America;GRL
4195;Greenland;GRL;1995;9.068924731;North America;GRL
4196;Greenland;GRL;1996;9.249499106;North America;GRL
4197;Greenland;GRL;1997;9.363946429;North America;GRL
4198;Greenland;GRL;1998;9.47798574;North America;GRL
4199;Greenland;GRL;1999;9.674081996;North America;GRL
4200;Greenland;GRL;2000;9.461120996;North America;GRL
4201;Greenland;GRL;2001;9.566086957;North America;GRL
4202;Greenland;GRL;2002;9.522319772;North America;GRL
4203;Greenland;GRL;2003;9.366951467;North America;GRL
4204;Greenland;GRL;2004;10.24499657;North America;GRL
4205;Greenland;GRL;2005;10.69152542;North America;GRL
4206;Greenland;GRL;2006;11.04479163;North America;GRL
4207;Greenland;GRL;2007;11.28207939;North America;GRL
4208;Greenland;GRL;2008;11.71815083;North America;GRL
4209;Greenland;GRL;2009;10.2217389;North America;GRL
4210;Greenland;GRL;2010;11.66377295;North America;GRL
4211;Greenland;GRL;2011;12.44034101;North America;GRL
4212;Guatemala;GTM;1960;0.326049925;North America;GTM
4213;Guatemala;GTM;1961;0.332099081;North America;GTM
4214;Guatemala;GTM;1962;0.317326737;North America;GTM
4215;Guatemala;GTM;1963;0.339922085;North America;GTM
4216;Guatemala;GTM;1964;0.3849642;North America;GTM
4217;Guatemala;GTM;1965;0.418026256;North America;GTM
4218;Guatemala;GTM;1966;0.358482819;North America;GTM
4219;Guatemala;GTM;1967;0.39731738;North America;GTM
4220;Guatemala;GTM;1968;0.417332997;North America;GTM
4221;Guatemala;GTM;1969;0.432415636;North America;GTM
4222;Guatemala;GTM;1970;0.423943612;North America;GTM
4223;Guatemala;GTM;1971;0.437844937;North America;GTM
4224;Guatemala;GTM;1972;0.472297881;North America;GTM
4225;Guatemala;GTM;1973;0.497674848;North America;GTM
4226;Guatemala;GTM;1974;0.505724182;North America;GTM
4227;Guatemala;GTM;1975;0.564925922;North America;GTM
4228;Guatemala;GTM;1976;0.516742512;North America;GTM
4229;Guatemala;GTM;1977;0.579612171;North America;GTM
4230;Guatemala;GTM;1978;0.611324294;North America;GTM
4231;Guatemala;GTM;1979;0.676969123;North America;GTM
4232;Guatemala;GTM;1980;0.633606644;North America;GTM
4233;Guatemala;GTM;1981;0.542746721;North America;GTM
4234;Guatemala;GTM;1982;0.483029466;North America;GTM
4235;Guatemala;GTM;1983;0.412351549;North America;GTM
4236;Guatemala;GTM;1984;0.432321381;North America;GTM
4237;Guatemala;GTM;1985;0.434122259;North America;GTM
4238;Guatemala;GTM;1986;0.444685282;North America;GTM
4239;Guatemala;GTM;1987;0.468496448;North America;GTM
4240;Guatemala;GTM;1988;0.472583702;North America;GTM
4241;Guatemala;GTM;1989;0.474972107;North America;GTM
4242;Guatemala;GTM;1990;0.555342349;North America;GTM
4243;Guatemala;GTM;1991;0.538425786;North America;GTM
4244;Guatemala;GTM;1992;0.625582317;North America;GTM
4245;Guatemala;GTM;1993;0.573848362;North America;GTM
4246;Guatemala;GTM;1994;0.676691242;North America;GTM
4247;Guatemala;GTM;1995;0.691809704;North America;GTM
4248;Guatemala;GTM;1996;0.62681398;North America;GTM
4249;Guatemala;GTM;1997;0.698875419;North America;GTM
4250;Guatemala;GTM;1998;0.785963472;North America;GTM
4251;Guatemala;GTM;1999;0.78265315;North America;GTM
4252;Guatemala;GTM;2000;0.848306649;North America;GTM
4253;Guatemala;GTM;2001;0.887301495;North America;GTM
4254;Guatemala;GTM;2002;0.904184642;North America;GTM
4255;Guatemala;GTM;2003;0.835281873;North America;GTM
4256;Guatemala;GTM;2004;0.902390417;North America;GTM
4257;Guatemala;GTM;2005;0.944599482;North America;GTM
4258;Guatemala;GTM;2006;0.928571826;North America;GTM
4259;Guatemala;GTM;2007;0.915844454;North America;GTM
4260;Guatemala;GTM;2008;0.811036638;North America;GTM
4261;Guatemala;GTM;2009;0.864736542;North America;GTM
4262;Guatemala;GTM;2010;0.771619509;North America;GTM
4263;Guatemala;GTM;2011;0.748055056;North America;GTM
4316;Guyana;GUY;1960;1.169858673;South America;GUY
4317;Guyana;GUY;1961;1.266364164;South America;GUY
4318;Guyana;GUY;1962;1.129605917;South America;GUY
4319;Guyana;GUY;1963;0.995425659;South America;GUY
4320;Guyana;GUY;1964;1.020889367;South America;GUY
4321;Guyana;GUY;1965;1.657645773;South America;GUY
4322;Guyana;GUY;1966;1.782752456;South America;GUY
4323;Guyana;GUY;1967;1.969962172;South America;GUY
4324;Guyana;GUY;1968;1.957335149;South America;GUY
4325;Guyana;GUY;1969;1.98905706;South America;GUY
4326;Guyana;GUY;1970;2.272233492;South America;GUY
4327;Guyana;GUY;1971;2.130974083;South America;GUY
4328;Guyana;GUY;1972;2.193440496;South America;GUY
4329;Guyana;GUY;1973;2.502589056;South America;GUY
4330;Guyana;GUY;1974;2.129211875;South America;GUY
4331;Guyana;GUY;1975;2.467235097;South America;GUY
4332;Guyana;GUY;1976;2.333964485;South America;GUY
4333;Guyana;GUY;1977;2.491335113;South America;GUY
4334;Guyana;GUY;1978;2.660521425;South America;GUY
4335;Guyana;GUY;1979;1.946846332;South America;GUY
4336;Guyana;GUY;1980;2.274935356;South America;GUY
4337;Guyana;GUY;1981;2.285683637;South America;GUY
4338;Guyana;GUY;1982;1.788060845;South America;GUY
4339;Guyana;GUY;1983;1.597684167;South America;GUY
4340;Guyana;GUY;1984;1.816186949;South America;GUY
4341;Guyana;GUY;1985;1.854966322;South America;GUY
4342;Guyana;GUY;1986;1.383136271;South America;GUY
4343;Guyana;GUY;1987;1.75685534;South America;GUY
4344;Guyana;GUY;1988;1.911164121;South America;GUY
4345;Guyana;GUY;1989;1.646076969;South America;GUY
4346;Guyana;GUY;1990;1.583320144;South America;GUY
4347;Guyana;GUY;1991;1.563900867;South America;GUY
4348;Guyana;GUY;1992;1.466552679;South America;GUY
4349;Guyana;GUY;1993;1.461889681;South America;GUY
4350;Guyana;GUY;1994;1.926717642;South America;GUY
4351;Guyana;GUY;1995;2.028545676;South America;GUY
4352;Guyana;GUY;1996;2.094157298;South America;GUY
4353;Guyana;GUY;1997;2.178651339;South America;GUY
4354;Guyana;GUY;1998;2.247996788;South America;GUY
4355;Guyana;GUY;1999;2.268996162;South America;GUY
4356;Guyana;GUY;2000;2.168922069;South America;GUY
4357;Guyana;GUY;2001;2.146426827;South America;GUY
4358;Guyana;GUY;2002;2.126849835;South America;GUY
4359;Guyana;GUY;2003;2.108728589;South America;GUY
4360;Guyana;GUY;2004;2.193790574;South America;GUY
4361;Guyana;GUY;2005;1.935991488;South America;GUY
4362;Guyana;GUY;2006;1.735612911;South America;GUY
4363;Guyana;GUY;2007;2.095040757;South America;GUY
4364;Guyana;GUY;2008;2.083255358;South America;GUY
4365;Guyana;GUY;2009;2.085662452;South America;GUY
4366;Guyana;GUY;2010;2.282864015;South America;GUY
4367;Guyana;GUY;2011;2.357722028;South America;GUY
4368;Hong Kong SAR, China;HKG;1960;0.960982311;Asia;HKG
4369;Hong Kong SAR, China;HKG;1961;1.064878003;Asia;HKG
4370;Hong Kong SAR, China;HKG;1962;1.115011194;Asia;HKG
4371;Hong Kong SAR, China;HKG;1963;1.242378614;Asia;HKG
4372;Hong Kong SAR, China;HKG;1964;1.20538264;Asia;HKG
4373;Hong Kong SAR, China;HKG;1965;1.336178604;Asia;HKG
4374;Hong Kong SAR, China;HKG;1966;1.42340092;Asia;HKG
4375;Hong Kong SAR, China;HKG;1967;1.627238638;Asia;HKG
4376;Hong Kong SAR, China;HKG;1968;1.631620691;Asia;HKG
4377;Hong Kong SAR, China;HKG;1969;2.008171019;Asia;HKG
4378;Hong Kong SAR, China;HKG;1970;2.122025006;Asia;HKG
4379;Hong Kong SAR, China;HKG;1971;2.264397202;Asia;HKG
4380;Hong Kong SAR, China;HKG;1972;2.251635464;Asia;HKG
4381;Hong Kong SAR, China;HKG;1973;2.191589259;Asia;HKG
4382;Hong Kong SAR, China;HKG;1974;2.463731254;Asia;HKG
4383;Hong Kong SAR, China;HKG;1975;2.469816882;Asia;HKG
4384;Hong Kong SAR, China;HKG;1976;2.768511952;Asia;HKG
4385;Hong Kong SAR, China;HKG;1977;3.104833868;Asia;HKG
4386;Hong Kong SAR, China;HKG;1978;3.375132726;Asia;HKG
4387;Hong Kong SAR, China;HKG;1979;3.222395683;Asia;HKG
4388;Hong Kong SAR, China;HKG;1980;3.291036717;Asia;HKG
4389;Hong Kong SAR, China;HKG;1981;3.605876259;Asia;HKG
4390;Hong Kong SAR, China;HKG;1982;3.742575933;Asia;HKG
4391;Hong Kong SAR, China;HKG;1983;3.931746272;Asia;HKG
4392;Hong Kong SAR, China;HKG;1984;4.139887364;Asia;HKG
4393;Hong Kong SAR, China;HKG;1985;4.217970749;Asia;HKG
4394;Hong Kong SAR, China;HKG;1986;4.651619303;Asia;HKG
4395;Hong Kong SAR, China;HKG;1987;5.057252482;Asia;HKG
4396;Hong Kong SAR, China;HKG;1988;5.238943777;Asia;HKG
4397;Hong Kong SAR, China;HKG;1989;5.337148183;Asia;HKG
4398;Hong Kong SAR, China;HKG;1990;4.848835305;Asia;HKG
4399;Hong Kong SAR, China;HKG;1991;5.022999478;Asia;HKG
4400;Hong Kong SAR, China;HKG;1992;5.763015602;Asia;HKG
4401;Hong Kong SAR, China;HKG;1993;5.953204542;Asia;HKG
4402;Hong Kong SAR, China;HKG;1994;5.20758475;Asia;HKG
4403;Hong Kong SAR, China;HKG;1995;5.136456685;Asia;HKG
4404;Hong Kong SAR, China;HKG;1996;4.563023231;Asia;HKG
4405;Hong Kong SAR, China;HKG;1997;4.754617293;Asia;HKG
4406;Hong Kong SAR, China;HKG;1998;5.9955733;Asia;HKG
4407;Hong Kong SAR, China;HKG;1999;6.471437675;Asia;HKG
4408;Hong Kong SAR, China;HKG;2000;6.07131958;Asia;HKG
4409;Hong Kong SAR, China;HKG;2001;5.655360201;Asia;HKG
4410;Hong Kong SAR, China;HKG;2002;5.479212793;Asia;HKG
4411;Hong Kong SAR, China;HKG;2003;5.952582457;Asia;HKG
4412;Hong Kong SAR, China;HKG;2004;5.663078352;Asia;HKG
4413;Hong Kong SAR, China;HKG;2005;5.951097722;Asia;HKG
4414;Hong Kong SAR, China;HKG;2006;5.622615683;Asia;HKG
4415;Hong Kong SAR, China;HKG;2007;5.778084525;Asia;HKG
4416;Hong Kong SAR, China;HKG;2008;5.543874932;Asia;HKG
4417;Hong Kong SAR, China;HKG;2009;5.305811582;Asia;HKG
4418;Hong Kong SAR, China;HKG;2010;5.166229891;Asia;HKG
4419;Hong Kong SAR, China;HKG;2011;5.695268539;Asia;HKG
4420;Honduras;HND;1960;0.307669104;North America;HND
4421;Honduras;HND;1961;0.356228478;North America;HND
4422;Honduras;HND;1962;0.32740949;North America;HND
4423;Honduras;HND;1963;0.321733003;North America;HND
4424;Honduras;HND;1964;0.316458031;North America;HND
4425;Honduras;HND;1965;0.319528682;North America;HND
4426;Honduras;HND;1966;0.333331405;North America;HND
4427;Honduras;HND;1967;0.352498584;North America;HND
4428;Honduras;HND;1968;0.479891074;North America;HND
4429;Honduras;HND;1969;0.44927508;North America;HND
4430;Honduras;HND;1970;0.516400384;North America;HND
4431;Honduras;HND;1971;0.481166798;North America;HND
4432;Honduras;HND;1972;0.540011458;North America;HND
4433;Honduras;HND;1973;0.515951492;North America;HND
4434;Honduras;HND;1974;0.516803256;North America;HND
4435;Honduras;HND;1975;0.536881362;North America;HND
4436;Honduras;HND;1976;0.554932895;North America;HND
4437;Honduras;HND;1977;0.605439754;North America;HND
4438;Honduras;HND;1978;0.600526568;North America;HND
4439;Honduras;HND;1979;0.548496672;North America;HND
4440;Honduras;HND;1980;0.565804478;North America;HND
4441;Honduras;HND;1981;0.485890505;North America;HND
4442;Honduras;HND;1982;0.455970019;North America;HND
4443;Honduras;HND;1983;0.502004954;North America;HND
4444;Honduras;HND;1984;0.483419027;North America;HND
4445;Honduras;HND;1985;0.449998537;North America;HND
4446;Honduras;HND;1986;0.423270332;North America;HND
4447;Honduras;HND;1987;0.48345741;North America;HND
4448;Honduras;HND;1988;0.540767757;North America;HND
4449;Honduras;HND;1989;0.572343471;North America;HND
4450;Honduras;HND;1990;0.528732831;North America;HND
4451;Honduras;HND;1991;0.535386874;North America;HND
4452;Honduras;HND;1992;0.593991532;North America;HND
4453;Honduras;HND;1993;0.535772188;North America;HND
4454;Honduras;HND;1994;0.611672921;North America;HND
4455;Honduras;HND;1995;0.693899415;North America;HND
4456;Honduras;HND;1996;0.691815846;North America;HND
4457;Honduras;HND;1997;0.710112081;North America;HND
4458;Honduras;HND;1998;0.776813977;North America;HND
4459;Honduras;HND;1999;0.775436198;North America;HND
4460;Honduras;HND;2000;0.805872102;North America;HND
4461;Honduras;HND;2001;0.896705918;North America;HND
4462;Honduras;HND;2002;0.937203579;North America;HND
4463;Honduras;HND;2003;1.021577338;North America;HND
4464;Honduras;HND;2004;1.090866136;North America;HND
4465;Honduras;HND;2005;1.097939139;North America;HND
4466;Honduras;HND;2006;1.00008677;North America;HND
4467;Honduras;HND;2007;1.230602978;North America;HND
4468;Honduras;HND;2008;1.194640242;North America;HND
4469;Honduras;HND;2009;1.058414368;North America;HND
4470;Honduras;HND;2010;1.080473355;North America;HND
4471;Honduras;HND;2011;1.103745053;North America;HND
4504;Croatia;HRV;1992;3.752317226;Europe;HRV
4505;Croatia;HRV;1993;3.540551724;Europe;HRV
4506;Croatia;HRV;1994;3.629147097;Europe;HRV
4507;Croatia;HRV;1995;3.772242664;Europe;HRV
4508;Croatia;HRV;1996;4.120683133;Europe;HRV
4509;Croatia;HRV;1997;4.220418635;Europe;HRV
4510;Croatia;HRV;1998;4.536293268;Europe;HRV
4511;Croatia;HRV;1999;4.499603865;Europe;HRV
4512;Croatia;HRV;2000;4.438345911;Europe;HRV
4513;Croatia;HRV;2001;4.665514189;Europe;HRV
4514;Croatia;HRV;2002;4.927324775;Europe;HRV
4515;Croatia;HRV;2003;5.302283784;Europe;HRV
4516;Croatia;HRV;2004;5.191956522;Europe;HRV
4517;Croatia;HRV;2005;5.201658487;Europe;HRV
4518;Croatia;HRV;2006;5.219693694;Europe;HRV
4519;Croatia;HRV;2007;5.5005;Europe;HRV
4520;Croatia;HRV;2008;5.269158157;Europe;HRV
4521;Croatia;HRV;2009;4.866616935;Europe;HRV
4522;Croatia;HRV;2010;4.728821777;Europe;HRV
4523;Croatia;HRV;2011;4.801530011;Europe;HRV
4524;Haiti;HTI;1960;0.073981936;North America;HTI
4525;Haiti;HTI;1961;0.075323271;North America;HTI
4526;Haiti;HTI;1962;0.075662831;North America;HTI
4527;Haiti;HTI;1963;0.060763227;North America;HTI
4528;Haiti;HTI;1964;0.071822341;North America;HTI
4529;Haiti;HTI;1965;0.071260015;North America;HTI
4530;Haiti;HTI;1966;0.069847908;North America;HTI
4531;Haiti;HTI;1967;0.058566007;North America;HTI
4532;Haiti;HTI;1968;0.058229032;North America;HTI
4533;Haiti;HTI;1969;0.068227551;North America;HTI
4534;Haiti;HTI;1970;0.081772036;North America;HTI
4535;Haiti;HTI;1971;0.084155391;North America;HTI
4536;Haiti;HTI;1972;0.080460234;North America;HTI
4537;Haiti;HTI;1973;0.085009943;North America;HTI
4538;Haiti;HTI;1974;0.093709959;North America;HTI
4539;Haiti;HTI;1975;0.094165444;North America;HTI
4540;Haiti;HTI;1976;0.1288081;North America;HTI
4541;Haiti;HTI;1977;0.132498711;North America;HTI
4542;Haiti;HTI;1978;0.138591885;North America;HTI
4543;Haiti;HTI;1979;0.13571075;North America;HTI
4544;Haiti;HTI;1980;0.132142239;North America;HTI
4545;Haiti;HTI;1981;0.131714396;North America;HTI
4546;Haiti;HTI;1982;0.138545472;North America;HTI
4547;Haiti;HTI;1983;0.146759635;North America;HTI
4548;Haiti;HTI;1984;0.146319666;North America;HTI
4549;Haiti;HTI;1985;0.147617492;North America;HTI
4550;Haiti;HTI;1986;0.129207842;North America;HTI
4551;Haiti;HTI;1987;0.136882387;North America;HTI
4552;Haiti;HTI;1988;0.150160186;North America;HTI
4553;Haiti;HTI;1989;0.149182878;North America;HTI
4554;Haiti;HTI;1990;0.139971038;North America;HTI
4555;Haiti;HTI;1991;0.137701251;North America;HTI
4556;Haiti;HTI;1992;0.123110762;North America;HTI
4557;Haiti;HTI;1993;0.088136128;North America;HTI
4558;Haiti;HTI;1994;0.039178826;North America;HTI
4559;Haiti;HTI;1995;0.115358616;North America;HTI
4560;Haiti;HTI;1996;0.129820823;North America;HTI
4561;Haiti;HTI;1997;0.168614245;North America;HTI
4562;Haiti;HTI;1998;0.149193484;North America;HTI
4563;Haiti;HTI;1999;0.158383898;North America;HTI
4564;Haiti;HTI;2000;0.159990488;North America;HTI
4565;Haiti;HTI;2001;0.180553862;North America;HTI
4566;Haiti;HTI;2002;0.206702881;North America;HTI
4567;Haiti;HTI;2003;0.193224572;North America;HTI
4568;Haiti;HTI;2004;0.217948715;North America;HTI
4569;Haiti;HTI;2005;0.22405596;North America;HTI
4570;Haiti;HTI;2006;0.224474915;North America;HTI
4571;Haiti;HTI;2007;0.250172074;North America;HTI
4572;Haiti;HTI;2008;0.250131013;North America;HTI
4573;Haiti;HTI;2009;0.229630548;North America;HTI
4574;Haiti;HTI;2010;0.211960718;North America;HTI
4575;Haiti;HTI;2011;0.217962048;North America;HTI
4576;Hungary;HUN;1960;4.544465241;Europe;HUN
4577;Hungary;HUN;1961;4.883326797;Europe;HUN
4578;Hungary;HUN;1962;5.02503803;Europe;HUN
4579;Hungary;HUN;1963;5.579045568;Europe;HUN
4580;Hungary;HUN;1964;6.166240754;Europe;HUN
4581;Hungary;HUN;1965;6.04003721;Europe;HUN
4582;Hungary;HUN;1966;6.065040728;Europe;HUN
4583;Hungary;HUN;1967;5.758242269;Europe;HUN
4584;Hungary;HUN;1968;5.962915575;Europe;HUN
4585;Hungary;HUN;1969;6.06091396;Europe;HUN
4586;Hungary;HUN;1970;6.77148766;Europe;HUN
4587;Hungary;HUN;1971;6.682458042;Europe;HUN
4588;Hungary;HUN;1972;6.677025672;Europe;HUN
4589;Hungary;HUN;1973;7.004242405;Europe;HUN
4590;Hungary;HUN;1974;7.071735479;Europe;HUN
4591;Hungary;HUN;1975;7.152381214;Europe;HUN
4592;Hungary;HUN;1976;7.54942716;Europe;HUN
4593;Hungary;HUN;1977;7.814048438;Europe;HUN
4594;Hungary;HUN;1978;8.253547228;Europe;HUN
4595;Hungary;HUN;1979;8.055706328;Europe;HUN
4596;Hungary;HUN;1980;8.109349235;Europe;HUN
4597;Hungary;HUN;1981;8.08620576;Europe;HUN
4598;Hungary;HUN;1982;8.114608938;Europe;HUN
4599;Hungary;HUN;1983;8.338813278;Europe;HUN
4600;Hungary;HUN;1984;8.516383853;Europe;HUN
4601;Hungary;HUN;1985;8.085937427;Europe;HUN
4602;Hungary;HUN;1986;7.85827798;Europe;HUN
4603;Hungary;HUN;1987;7.956129524;Europe;HUN
4604;Hungary;HUN;1988;7.38591771;Europe;HUN
4605;Hungary;HUN;1989;7.259329314;Europe;HUN
4606;Hungary;HUN;1990;6.710469301;Europe;HUN
4607;Hungary;HUN;1991;6.418858426;Europe;HUN
4608;Hungary;HUN;1992;5.823721681;Europe;HUN
4609;Hungary;HUN;1993;5.977294089;Europe;HUN
4610;Hungary;HUN;1994;5.693705766;Europe;HUN
4611;Hungary;HUN;1995;5.844711547;Europe;HUN
4612;Hungary;HUN;1996;6.018705804;Europe;HUN
4613;Hungary;HUN;1997;5.917168052;Europe;HUN
4614;Hungary;HUN;1998;5.762720948;Europe;HUN
4615;Hungary;HUN;1999;5.74324842;Europe;HUN
4616;Hungary;HUN;2000;5.465860201;Europe;HUN
4617;Hungary;HUN;2001;5.590715986;Europe;HUN
4618;Hungary;HUN;2002;5.52182927;Europe;HUN
4619;Hungary;HUN;2003;5.83089647;Europe;HUN
4620;Hungary;HUN;2004;5.684910755;Europe;HUN
4621;Hungary;HUN;2005;5.751848927;Europe;HUN
4622;Hungary;HUN;2006;5.698187039;Europe;HUN
4623;Hungary;HUN;2007;5.572459521;Europe;HUN
4624;Hungary;HUN;2008;5.463501182;Europe;HUN
4625;Hungary;HUN;2009;4.867185924;Europe;HUN
4626;Hungary;HUN;2010;5.074749628;Europe;HUN
4627;Hungary;HUN;2011;4.862989931;Europe;HUN
4628;Indonesia;IDN;1960;0.243805292;Asia;IDN
4629;Indonesia;IDN;1961;0.288719865;Asia;IDN
4630;Indonesia;IDN;1962;0.248446979;Asia;IDN
4631;Indonesia;IDN;1963;0.239681349;Asia;IDN
4632;Indonesia;IDN;1964;0.229361138;Asia;IDN
4633;Indonesia;IDN;1965;0.246138797;Asia;IDN
4634;Indonesia;IDN;1966;0.226991958;Asia;IDN
4635;Indonesia;IDN;1967;0.231915478;Asia;IDN
4636;Indonesia;IDN;1968;0.253505277;Asia;IDN
4637;Indonesia;IDN;1969;0.298673302;Asia;IDN
4638;Indonesia;IDN;1970;0.311951855;Asia;IDN
4639;Indonesia;IDN;1971;0.330621478;Asia;IDN
4640;Indonesia;IDN;1972;0.358007997;Asia;IDN
4641;Indonesia;IDN;1973;0.39547025;Asia;IDN
4642;Indonesia;IDN;1974;0.402156668;Asia;IDN
4643;Indonesia;IDN;1975;0.412805019;Asia;IDN
4644;Indonesia;IDN;1976;0.461238948;Asia;IDN
4645;Indonesia;IDN;1977;0.600297744;Asia;IDN
4646;Indonesia;IDN;1978;0.667780175;Asia;IDN
4647;Indonesia;IDN;1979;0.660145713;Asia;IDN
4648;Indonesia;IDN;1980;0.642649541;Asia;IDN
4649;Indonesia;IDN;1981;0.663407119;Asia;IDN
4650;Indonesia;IDN;1982;0.682224208;Asia;IDN
4651;Indonesia;IDN;1983;0.664097632;Asia;IDN
4652;Indonesia;IDN;1984;0.694402064;Asia;IDN
4653;Indonesia;IDN;1985;0.734768045;Asia;IDN
4654;Indonesia;IDN;1986;0.722917266;Asia;IDN
4655;Indonesia;IDN;1987;0.718414527;Asia;IDN
4656;Indonesia;IDN;1988;0.755209446;Asia;IDN
4657;Indonesia;IDN;1989;0.734806322;Asia;IDN
4658;Indonesia;IDN;1990;0.824341653;Asia;IDN
4659;Indonesia;IDN;1991;0.973544534;Asia;IDN
4660;Indonesia;IDN;1992;1.078897628;Asia;IDN
4661;Indonesia;IDN;1993;1.145267204;Asia;IDN
4662;Indonesia;IDN;1994;1.141660103;Asia;IDN
4663;Indonesia;IDN;1995;1.142077453;Asia;IDN
4664;Indonesia;IDN;1996;1.266918319;Asia;IDN
4665;Indonesia;IDN;1997;1.37369341;Asia;IDN
4666;Indonesia;IDN;1998;1.021663214;Asia;IDN
4667;Indonesia;IDN;1999;1.159817226;Asia;IDN
4668;Indonesia;IDN;2000;1.245241619;Asia;IDN
4669;Indonesia;IDN;2001;1.375191469;Asia;IDN
4670;Indonesia;IDN;2002;1.411135411;Asia;IDN
4671;Indonesia;IDN;2003;1.437952342;Asia;IDN
4672;Indonesia;IDN;2004;1.512238393;Asia;IDN
4673;Indonesia;IDN;2005;1.511534344;Asia;IDN
4674;Indonesia;IDN;2006;1.505337668;Asia;IDN
4675;Indonesia;IDN;2007;1.616659186;Asia;IDN
4676;Indonesia;IDN;2008;1.752149102;Asia;IDN
4677;Indonesia;IDN;2009;1.90009103;Asia;IDN
4678;Indonesia;IDN;2010;1.80860092;Asia;IDN
4679;Indonesia;IDN;2011;2.303780983;Asia;IDN
4732;India;IND;1960;0.268161407;Asia;IND
4733;India;IND;1961;0.284291728;Asia;IND
4734;India;IND;1962;0.306519469;Asia;IND
4735;India;IND;1963;0.322532993;Asia;IND
4736;India;IND;1964;0.308900447;Asia;IND
4737;India;IND;1965;0.33333065;Asia;IND
4738;India;IND;1966;0.337853982;Asia;IND
4739;India;IND;1967;0.331763432;Asia;IND
4740;India;IND;1968;0.35328108;Asia;IND
4741;India;IND;1969;0.351990681;Asia;IND
4742;India;IND;1970;0.352279914;Asia;IND
4743;India;IND;1971;0.3633376;Asia;IND
4744;India;IND;1972;0.375731112;Asia;IND
4745;India;IND;1973;0.378031307;Asia;IND
4746;India;IND;1974;0.3819147;Asia;IND
4747;India;IND;1975;0.40566208;Asia;IND
4748;India;IND;1976;0.414638121;Asia;IND
4749;India;IND;1977;0.484985962;Asia;IND
4750;India;IND;1978;0.477575976;Asia;IND
4751;India;IND;1979;0.487174492;Asia;IND
4752;India;IND;1980;0.499951925;Asia;IND
4753;India;IND;1981;0.525284022;Asia;IND
4754;India;IND;1982;0.545553419;Asia;IND
4755;India;IND;1983;0.578452649;Asia;IND
4756;India;IND;1984;0.584714088;Asia;IND
4757;India;IND;1985;0.627124721;Asia;IND
4758;India;IND;1986;0.657650963;Asia;IND
4759;India;IND;1987;0.687149484;Asia;IND
4760;India;IND;1988;0.726153879;Asia;IND
4761;India;IND;1989;0.777433818;Asia;IND
4762;India;IND;1990;0.793217741;Asia;IND
4763;India;IND;1991;0.830433563;Asia;IND
4764;India;IND;1992;0.864498223;Asia;IND
4765;India;IND;1993;0.880821147;Asia;IND
4766;India;IND;1994;0.917597877;Asia;IND
4767;India;IND;1995;0.957509198;Asia;IND
4768;India;IND;1996;1.023418661;Asia;IND
4769;India;IND;1997;1.046223539;Asia;IND
4770;India;IND;1998;1.054613051;Asia;IND
4771;India;IND;1999;1.105715817;Asia;IND
4772;India;IND;2000;1.126420999;Asia;IND
4773;India;IND;2001;1.123105104;Asia;IND
4774;India;IND;2002;1.125301008;Asia;IND
4775;India;IND;2003;1.156575887;Asia;IND
4776;India;IND;2004;1.197178135;Asia;IND
4777;India;IND;2005;1.233151431;Asia;IND
4778;India;IND;2006;1.294535658;Asia;IND
4779;India;IND;2007;1.365786853;Asia;IND
4780;India;IND;2008;1.497886363;Asia;IND
4781;India;IND;2009;1.619048654;Asia;IND
4782;India;IND;2010;1.584869945;Asia;IND
4783;India;IND;2011;1.662873483;Asia;IND
4784;Ireland;IRL;1960;3.952726791;Europe;IRL
4785;Ireland;IRL;1961;4.377964877;Europe;IRL
4786;Ireland;IRL;1962;4.626338041;Europe;IRL
4787;Ireland;IRL;1963;4.718965523;Europe;IRL
4788;Ireland;IRL;1964;4.964723099;Europe;IRL
4789;Ireland;IRL;1965;4.772847809;Europe;IRL
4790;Ireland;IRL;1966;5.231136458;Europe;IRL
4791;Ireland;IRL;1967;5.655047288;Europe;IRL
4792;Ireland;IRL;1968;6.112609971;Europe;IRL
4793;Ireland;IRL;1969;6.313294461;Europe;IRL
4794;Ireland;IRL;1970;6.564577902;Europe;IRL
4795;Ireland;IRL;1971;7.518940192;Europe;IRL
4796;Ireland;IRL;1972;7.261912179;Europe;IRL
4797;Ireland;IRL;1973;7.407792738;Europe;IRL
4798;Ireland;IRL;1974;7.427501195;Europe;IRL
4799;Ireland;IRL;1975;6.914247464;Europe;IRL
4800;Ireland;IRL;1976;6.885427958;Europe;IRL
4801;Ireland;IRL;1977;7.180491439;Europe;IRL
4802;Ireland;IRL;1978;7.080434952;Europe;IRL
4803;Ireland;IRL;1979;8.118213561;Europe;IRL
4804;Ireland;IRL;1980;7.693307548;Europe;IRL
4805;Ireland;IRL;1981;7.541085143;Europe;IRL
4806;Ireland;IRL;1982;7.329160881;Europe;IRL
4807;Ireland;IRL;1983;7.323345582;Europe;IRL
4808;Ireland;IRL;1984;7.22723581;Europe;IRL
4809;Ireland;IRL;1985;7.553554723;Europe;IRL
4810;Ireland;IRL;1986;8.058782831;Europe;IRL
4811;Ireland;IRL;1987;8.530299088;Europe;IRL
4812;Ireland;IRL;1988;8.465951139;Europe;IRL
4813;Ireland;IRL;1989;8.549696683;Europe;IRL
4814;Ireland;IRL;1990;8.891027651;Europe;IRL
4815;Ireland;IRL;1991;8.89089803;Europe;IRL
4816;Ireland;IRL;1992;8.71812007;Europe;IRL
4817;Ireland;IRL;1993;8.74540281;Europe;IRL
4818;Ireland;IRL;1994;9.099106057;Europe;IRL
4819;Ireland;IRL;1995;9.132847914;Europe;IRL
4820;Ireland;IRL;1996;9.597180489;Europe;IRL
4821;Ireland;IRL;1997;9.913613438;Europe;IRL
4822;Ireland;IRL;1998;10.38755637;Europe;IRL
4823;Ireland;IRL;1999;10.69008513;Europe;IRL
4824;Ireland;IRL;2000;10.83667002;Europe;IRL
4825;Ireland;IRL;2001;11.38728269;Europe;IRL
4826;Ireland;IRL;2002;11.09347735;Europe;IRL
4827;Ireland;IRL;2003;10.80963343;Europe;IRL
4828;Ireland;IRL;2004;10.76605142;Europe;IRL
4829;Ireland;IRL;2005;10.45998114;Europe;IRL
4830;Ireland;IRL;2006;10.13026328;Europe;IRL
4831;Ireland;IRL;2007;10.16503468;Europe;IRL
4832;Ireland;IRL;2008;9.527000515;Europe;IRL
4833;Ireland;IRL;2009;8.891436541;Europe;IRL
4834;Ireland;IRL;2010;8.810150532;Europe;IRL
4835;Ireland;IRL;2011;7.880759326;Europe;IRL
4836;Iran, Islamic Rep.;IRN;1960;1.706877306;Asia;IRN
4837;Iran, Islamic Rep.;IRN;1961;1.625488091;Asia;IRN
4838;Iran, Islamic Rep.;IRN;1962;1.62374324;Asia;IRN
4839;Iran, Islamic Rep.;IRN;1963;1.745819344;Asia;IRN
4840;Iran, Islamic Rep.;IRN;1964;1.9565918;Asia;IRN
4841;Iran, Islamic Rep.;IRN;1965;2.154490246;Asia;IRN
4842;Iran, Islamic Rep.;IRN;1966;2.503897575;Asia;IRN
4843;Iran, Islamic Rep.;IRN;1967;2.581574456;Asia;IRN
4844;Iran, Islamic Rep.;IRN;1968;3.048311127;Asia;IRN
4845;Iran, Islamic Rep.;IRN;1969;2.993535262;Asia;IRN
4846;Iran, Islamic Rep.;IRN;1970;3.227174809;Asia;IRN
4847;Iran, Islamic Rep.;IRN;1971;3.479508065;Asia;IRN
4848;Iran, Islamic Rep.;IRN;1972;3.537769713;Asia;IRN
4849;Iran, Islamic Rep.;IRN;1973;4.203392327;Asia;IRN
4850;Iran, Islamic Rep.;IRN;1974;4.538511405;Asia;IRN
4851;Iran, Islamic Rep.;IRN;1975;4.266554417;Asia;IRN
4852;Iran, Islamic Rep.;IRN;1976;4.650696692;Asia;IRN
4853;Iran, Islamic Rep.;IRN;1977;4.717541973;Asia;IRN
4854;Iran, Islamic Rep.;IRN;1978;4.519131229;Asia;IRN
4855;Iran, Islamic Rep.;IRN;1979;4.405604205;Asia;IRN
4856;Iran, Islamic Rep.;IRN;1980;3.12956378;Asia;IRN
4857;Iran, Islamic Rep.;IRN;1981;2.810002428;Asia;IRN
4858;Iran, Islamic Rep.;IRN;1982;3.300025323;Asia;IRN
4859;Iran, Islamic Rep.;IRN;1983;3.43757291;Asia;IRN
4860;Iran, Islamic Rep.;IRN;1984;3.319743906;Asia;IRN
4861;Iran, Islamic Rep.;IRN;1985;3.402987173;Asia;IRN
4862;Iran, Islamic Rep.;IRN;1986;3.019342807;Asia;IRN
4863;Iran, Islamic Rep.;IRN;1987;3.122878343;Asia;IRN
4864;Iran, Islamic Rep.;IRN;1988;3.323853491;Asia;IRN
4865;Iran, Islamic Rep.;IRN;1989;3.495811172;Asia;IRN
4866;Iran, Islamic Rep.;IRN;1990;3.758908335;Asia;IRN
4867;Iran, Islamic Rep.;IRN;1991;3.980517853;Asia;IRN
4868;Iran, Islamic Rep.;IRN;1992;3.940709322;Asia;IRN
4869;Iran, Islamic Rep.;IRN;1993;4.042862921;Asia;IRN
4870;Iran, Islamic Rep.;IRN;1994;4.467541596;Asia;IRN
4871;Iran, Islamic Rep.;IRN;1995;4.534732552;Asia;IRN
4872;Iran, Islamic Rep.;IRN;1996;4.51380999;Asia;IRN
4873;Iran, Islamic Rep.;IRN;1997;4.324781919;Asia;IRN
4874;Iran, Islamic Rep.;IRN;1998;4.860891286;Asia;IRN
4875;Iran, Islamic Rep.;IRN;1999;5.907867403;Asia;IRN
4876;Iran, Islamic Rep.;IRN;2000;5.659871345;Asia;IRN
4877;Iran, Islamic Rep.;IRN;2001;5.969319787;Asia;IRN
4878;Iran, Islamic Rep.;IRN;2002;5.940885769;Asia;IRN
4879;Iran, Islamic Rep.;IRN;2003;6.112766056;Asia;IRN
4880;Iran, Islamic Rep.;IRN;2004;6.455102946;Asia;IRN
4881;Iran, Islamic Rep.;IRN;2005;6.693014451;Asia;IRN
4882;Iran, Islamic Rep.;IRN;2006;7.189315694;Asia;IRN
4883;Iran, Islamic Rep.;IRN;2007;7.266882331;Asia;IRN
4884;Iran, Islamic Rep.;IRN;2008;7.533279752;Asia;IRN
4885;Iran, Islamic Rep.;IRN;2009;7.59209277;Asia;IRN
4886;Iran, Islamic Rep.;IRN;2010;7.698029098;Asia;IRN
4887;Iran, Islamic Rep.;IRN;2011;7.802145093;Asia;IRN
4888;Iraq;IRQ;1960;1.133839678;Asia;IRQ
4889;Iraq;IRQ;1961;1.166516796;Asia;IRQ
4890;Iraq;IRQ;1962;1.176904102;Asia;IRQ
4891;Iraq;IRQ;1963;1.190893195;Asia;IRQ
4892;Iraq;IRQ;1964;1.117409692;Asia;IRQ
4893;Iraq;IRQ;1965;2.30594209;Asia;IRQ
4894;Iraq;IRQ;1966;3.202363912;Asia;IRQ
4895;Iraq;IRQ;1967;2.055756315;Asia;IRQ
4896;Iraq;IRQ;1968;2.129157724;Asia;IRQ
4897;Iraq;IRQ;1969;2.360357896;Asia;IRQ
4898;Iraq;IRQ;1970;2.410655716;Asia;IRQ
4899;Iraq;IRQ;1971;2.81427722;Asia;IRQ
4900;Iraq;IRQ;1972;2.787998335;Asia;IRQ
4901;Iraq;IRQ;1973;2.798342259;Asia;IRQ
4902;Iraq;IRQ;1974;2.735264717;Asia;IRQ
4903;Iraq;IRQ;1975;2.837671513;Asia;IRQ
4904;Iraq;IRQ;1976;4.04372286;Asia;IRQ
4905;Iraq;IRQ;1977;3.507796367;Asia;IRQ
4906;Iraq;IRQ;1978;3.290803039;Asia;IRQ
4907;Iraq;IRQ;1979;3.996996284;Asia;IRQ
4908;Iraq;IRQ;1980;3.336820729;Asia;IRQ
4909;Iraq;IRQ;1981;2.286935474;Asia;IRQ
4910;Iraq;IRQ;1982;2.121058044;Asia;IRQ
4911;Iraq;IRQ;1983;2.613795151;Asia;IRQ
4912;Iraq;IRQ;1984;2.644239371;Asia;IRQ
4913;Iraq;IRQ;1985;2.868125656;Asia;IRQ
4914;Iraq;IRQ;1986;2.996115038;Asia;IRQ
4915;Iraq;IRQ;1987;3.245533263;Asia;IRQ
4916;Iraq;IRQ;1988;4.077842402;Asia;IRQ
4917;Iraq;IRQ;1989;4.29676645;Asia;IRQ
4918;Iraq;IRQ;1990;3.006870115;Asia;IRQ
4919;Iraq;IRQ;1991;2.641446241;Asia;IRQ
4920;Iraq;IRQ;1992;3.339282339;Asia;IRQ
4921;Iraq;IRQ;1993;3.511820781;Asia;IRQ
4922;Iraq;IRQ;1994;3.827487983;Asia;IRQ
4923;Iraq;IRQ;1995;3.853134662;Asia;IRQ
4924;Iraq;IRQ;1996;3.332500184;Asia;IRQ
4925;Iraq;IRQ;1997;3.174299268;Asia;IRQ
4926;Iraq;IRQ;1998;3.259873424;Asia;IRQ
4927;Iraq;IRQ;1999;3.1580745;Asia;IRQ
4928;Iraq;IRQ;2000;3.073001789;Asia;IRQ
4929;Iraq;IRQ;2001;3.517985725;Asia;IRQ
4930;Iraq;IRQ;2002;3.498262353;Asia;IRQ
4931;Iraq;IRQ;2003;3.555056635;Asia;IRQ
4932;Iraq;IRQ;2004;4.334412605;Asia;IRQ
4933;Iraq;IRQ;2005;4.201798657;Asia;IRQ
4934;Iraq;IRQ;2006;3.563542432;Asia;IRQ
4935;Iraq;IRQ;2007;2.186766827;Asia;IRQ
4936;Iraq;IRQ;2008;3.194050322;Asia;IRQ
4937;Iraq;IRQ;2009;3.47996689;Asia;IRQ
4938;Iraq;IRQ;2010;3.610434779;Asia;IRQ
4939;Iraq;IRQ;2011;4.20163513;Asia;IRQ
4940;Iceland;ISL;1960;6.913193297;Europe;ISL
4941;Iceland;ISL;1961;6.103849097;Europe;ISL
4942;Iceland;ISL;1962;6.57485552;Europe;ISL
4943;Iceland;ISL;1963;7.031677377;Europe;ISL
4944;Iceland;ISL;1964;6.927178635;Europe;ISL
4945;Iceland;ISL;1965;7.265879991;Europe;ISL
4946;Iceland;ISL;1966;7.650130388;Europe;ISL
4947;Iceland;ISL;1967;7.269387324;Europe;ISL
4948;Iceland;ISL;1968;7.916823831;Europe;ISL
4949;Iceland;ISL;1969;6.220785862;Europe;ISL
4950;Iceland;ISL;1970;6.798114832;Europe;ISL
4951;Iceland;ISL;1971;7.152587604;Europe;ISL
4952;Iceland;ISL;1972;7.101254202;Europe;ISL
4953;Iceland;ISL;1973;8.255702558;Europe;ISL
4954;Iceland;ISL;1974;8.093643853;Europe;ISL
4955;Iceland;ISL;1975;7.418820162;Europe;ISL
4956;Iceland;ISL;1976;7.745282847;Europe;ISL
4957;Iceland;ISL;1977;8.597153278;Europe;ISL
4958;Iceland;ISL;1978;8.612332634;Europe;ISL
4959;Iceland;ISL;1979;8.804633752;Europe;ISL
4960;Iceland;ISL;1980;8.181464727;Europe;ISL
4961;Iceland;ISL;1981;7.596047756;Europe;ISL
4962;Iceland;ISL;1982;6.8366202;Europe;ISL
4963;Iceland;ISL;1983;6.530059879;Europe;ISL
4964;Iceland;ISL;1984;7.578628956;Europe;ISL
4965;Iceland;ISL;1985;6.744466767;Europe;ISL
4966;Iceland;ISL;1986;7.343650794;Europe;ISL
4967;Iceland;ISL;1987;7.532101733;Europe;ISL
4968;Iceland;ISL;1988;7.400368383;Europe;ISL
4969;Iceland;ISL;1989;7.526825969;Europe;ISL
4970;Iceland;ISL;1990;7.842665191;Europe;ISL
4971;Iceland;ISL;1991;6.856146503;Europe;ISL
4972;Iceland;ISL;1992;6.967183412;Europe;ISL
4973;Iceland;ISL;1993;7.49459854;Europe;ISL
4974;Iceland;ISL;1994;7.553975062;Europe;ISL
4975;Iceland;ISL;1995;7.280037238;Europe;ISL
4976;Iceland;ISL;1996;8.222645733;Europe;ISL
4977;Iceland;ISL;1997;7.763336874;Europe;ISL
4978;Iceland;ISL;1998;7.667265104;Europe;ISL
4979;Iceland;ISL;1999;7.456127132;Europe;ISL
4980;Iceland;ISL;2000;7.693782116;Europe;ISL
4981;Iceland;ISL;2001;7.373427894;Europe;ISL
4982;Iceland;ISL;2002;7.550227286;Europe;ISL
4983;Iceland;ISL;2003;7.485457013;Europe;ISL
4984;Iceland;ISL;2004;7.64601779;Europe;ISL
4985;Iceland;ISL;2005;7.427079472;Europe;ISL
4986;Iceland;ISL;2006;7.496188056;Europe;ISL
4987;Iceland;ISL;2007;7.414833454;Europe;ISL
4988;Iceland;ISL;2008;6.677481144;Europe;ISL
4989;Iceland;ISL;2009;6.447492771;Europe;ISL
4990;Iceland;ISL;2010;6.168528586;Europe;ISL
4991;Iceland;ISL;2011;5.896828979;Europe;ISL
4992;Israel;ISR;1960;3.059851846;Asia;ISR
4993;Israel;ISR;1961;3.235686957;Asia;ISR
4994;Israel;ISR;1962;3.463899695;Asia;ISR
4995;Israel;ISR;1963;3.451203447;Asia;ISR
4996;Israel;ISR;1964;3.696632323;Asia;ISR
4997;Israel;ISR;1965;5.050530628;Asia;ISR
4998;Israel;ISR;1966;5.172018258;Asia;ISR
4999;Israel;ISR;1967;4.933417486;Asia;ISR
5000;Israel;ISR;1968;4.926836247;Asia;ISR
5001;Israel;ISR;1969;5.150624609;Asia;ISR
5002;Israel;ISR;1970;5.57448117;Asia;ISR
5003;Israel;ISR;1971;5.294388074;Asia;ISR
5004;Israel;ISR;1972;5.379353875;Asia;ISR
5005;Israel;ISR;1973;5.890915802;Asia;ISR
5006;Israel;ISR;1974;5.758395321;Asia;ISR
5007;Israel;ISR;1975;5.686768741;Asia;ISR
5008;Israel;ISR;1976;5.550839513;Asia;ISR
5009;Israel;ISR;1977;5.506082203;Asia;ISR
5010;Israel;ISR;1978;5.739004065;Asia;ISR
5011;Israel;ISR;1979;5.551834126;Asia;ISR
5012;Israel;ISR;1980;5.453220474;Asia;ISR
5013;Israel;ISR;1981;5.362384985;Asia;ISR
5014;Israel;ISR;1982;5.97399876;Asia;ISR
5015;Israel;ISR;1983;5.831467966;Asia;ISR
5016;Israel;ISR;1984;5.709022602;Asia;ISR
5017;Israel;ISR;1985;5.875169856;Asia;ISR
5018;Israel;ISR;1986;6.193553617;Asia;ISR
5019;Israel;ISR;1987;6.268060426;Asia;ISR
5020;Israel;ISR;1988;6.765210491;Asia;ISR
5021;Israel;ISR;1989;7.028822488;Asia;ISR
5022;Israel;ISR;1990;7.840769957;Asia;ISR
5023;Israel;ISR;1991;7.480709638;Asia;ISR
5024;Israel;ISR;1992;8.408403084;Asia;ISR
5025;Israel;ISR;1993;8.628358297;Asia;ISR
5026;Israel;ISR;1994;9.021132432;Asia;ISR
5027;Israel;ISR;1995;9.282899729;Asia;ISR
5028;Israel;ISR;1996;9.387829234;Asia;ISR
5029;Israel;ISR;1997;9.64001268;Asia;ISR
5030;Israel;ISR;1998;9.625337632;Asia;ISR
5031;Israel;ISR;1999;9.157621551;Asia;ISR
5032;Israel;ISR;2000;9.582362538;Asia;ISR
5033;Israel;ISR;2001;9.877379717;Asia;ISR
5034;Israel;ISR;2002;9.104987976;Asia;ISR
5035;Israel;ISR;2003;9.401973781;Asia;ISR
5036;Israel;ISR;2004;8.677687032;Asia;ISR
5037;Israel;ISR;2005;8.230259015;Asia;ISR
5038;Israel;ISR;2006;8.872604307;Asia;ISR
5039;Israel;ISR;2007;8.750116433;Asia;ISR
5040;Israel;ISR;2008;9.340594762;Asia;ISR
5041;Israel;ISR;2009;8.612962755;Asia;ISR
5042;Israel;ISR;2010;9.036666273;Asia;ISR
5043;Israel;ISR;2011;8.952413531;Asia;ISR
5044;Italy;ITA;1960;2.178444772;Europe;ITA
5045;Italy;ITA;1961;2.46455581;Europe;ITA
5046;Italy;ITA;1962;2.878496387;Europe;ITA
5047;Italy;ITA;1963;3.215100133;Europe;ITA
5048;Italy;ITA;1964;3.405053435;Europe;ITA
5049;Italy;ITA;1965;3.641502446;Europe;ITA
5050;Italy;ITA;1966;4.079440621;Europe;ITA
5051;Italy;ITA;1967;4.431482557;Europe;ITA
5052;Italy;ITA;1968;4.686612774;Europe;ITA
5053;Italy;ITA;1969;5.043311221;Europe;ITA
5054;Italy;ITA;1970;5.513392312;Europe;ITA
5055;Italy;ITA;1971;5.762318227;Europe;ITA
5056;Italy;ITA;1972;6.049321454;Europe;ITA
5057;Italy;ITA;1973;6.471435784;Europe;ITA
5058;Italy;ITA;1974;6.521514722;Europe;ITA
5059;Italy;ITA;1975;6.174325442;Europe;ITA
5060;Italy;ITA;1976;6.592316217;Europe;ITA
5061;Italy;ITA;1977;6.365348831;Europe;ITA
5062;Italy;ITA;1978;6.646489957;Europe;ITA
5063;Italy;ITA;1979;6.880001916;Europe;ITA
5064;Italy;ITA;1980;6.892484981;Europe;ITA
5065;Italy;ITA;1981;6.690421638;Europe;ITA
5066;Italy;ITA;1982;6.537992115;Europe;ITA
5067;Italy;ITA;1983;6.388587127;Europe;ITA
5068;Italy;ITA;1984;6.498251684;Europe;ITA
5069;Italy;ITA;1985;6.575619372;Europe;ITA
5070;Italy;ITA;1986;6.47489765;Europe;ITA
5071;Italy;ITA;1987;6.778406129;Europe;ITA
5072;Italy;ITA;1988;6.883012515;Europe;ITA
5073;Italy;ITA;1989;7.215357675;Europe;ITA
5074;Italy;ITA;1990;7.361704582;Europe;ITA
5075;Italy;ITA;1991;7.468379928;Europe;ITA
5076;Italy;ITA;1992;7.404168932;Europe;ITA
5077;Italy;ITA;1993;7.248012993;Europe;ITA
5078;Italy;ITA;1994;7.16667249;Europe;ITA
5079;Italy;ITA;1995;7.573033273;Europe;ITA
5080;Italy;ITA;1996;7.48906561;Europe;ITA
5081;Italy;ITA;1997;7.566965198;Europe;ITA
5082;Italy;ITA;1998;7.734648761;Europe;ITA
5083;Italy;ITA;1999;7.765755082;Europe;ITA
5084;Italy;ITA;2000;7.912673166;Europe;ITA
5085;Italy;ITA;2001;7.904432663;Europe;ITA
5086;Italy;ITA;2002;7.932323042;Europe;ITA
5087;Italy;ITA;2003;8.17175128;Europe;ITA
5088;Italy;ITA;2004;8.216487201;Europe;ITA
5089;Italy;ITA;2005;8.166090128;Europe;ITA
5090;Italy;ITA;2006;8.072145596;Europe;ITA
5091;Italy;ITA;2007;7.917347216;Europe;ITA
5092;Italy;ITA;2008;7.60176497;Europe;ITA
5093;Italy;ITA;2009;6.795651486;Europe;ITA
5094;Italy;ITA;2010;6.83837457;Europe;ITA
5095;Italy;ITA;2011;6.702557614;Europe;ITA
5096;Jamaica;JAM;1960;0.902679123;North America;JAM
5097;Jamaica;JAM;1961;1.289731615;North America;JAM
5098;Jamaica;JAM;1962;1.262774901;North America;JAM
5099;Jamaica;JAM;1963;1.404915821;North America;JAM
5100;Jamaica;JAM;1964;2.344241259;North America;JAM
5101;Jamaica;JAM;1965;1.700154545;North America;JAM
5102;Jamaica;JAM;1966;1.974241851;North America;JAM
5103;Jamaica;JAM;1967;2.144633462;North America;JAM
5104;Jamaica;JAM;1968;2.129374472;North America;JAM
5105;Jamaica;JAM;1969;2.315557288;North America;JAM
5106;Jamaica;JAM;1970;2.672260032;North America;JAM
5107;Jamaica;JAM;1971;3.035152448;North America;JAM
5108;Jamaica;JAM;1972;3.266688725;North America;JAM
5109;Jamaica;JAM;1973;4.242373011;North America;JAM
5110;Jamaica;JAM;1974;3.827924236;North America;JAM
5111;Jamaica;JAM;1975;4.067765027;North America;JAM
5112;Jamaica;JAM;1976;3.573933757;North America;JAM
5113;Jamaica;JAM;1977;3.61643227;North America;JAM
5114;Jamaica;JAM;1978;4.383886128;North America;JAM
5115;Jamaica;JAM;1979;4.057131152;North America;JAM
5116;Jamaica;JAM;1980;3.962698078;North America;JAM
5117;Jamaica;JAM;1981;3.429068122;North America;JAM
5118;Jamaica;JAM;1982;2.826795146;North America;JAM
5119;Jamaica;JAM;1983;2.878549179;North America;JAM
5120;Jamaica;JAM;1984;2.25659064;North America;JAM
5121;Jamaica;JAM;1985;2.183285881;North America;JAM
5122;Jamaica;JAM;1986;1.948260553;North America;JAM
5123;Jamaica;JAM;1987;2.290119969;North America;JAM
5124;Jamaica;JAM;1988;1.921891445;North America;JAM
5125;Jamaica;JAM;1989;2.833359299;North America;JAM
5126;Jamaica;JAM;1990;3.332520502;North America;JAM
5127;Jamaica;JAM;1991;3.397173865;North America;JAM
5128;Jamaica;JAM;1992;3.341555498;North America;JAM
5129;Jamaica;JAM;1993;3.447637139;North America;JAM
5130;Jamaica;JAM;1994;3.508988204;North America;JAM
5131;Jamaica;JAM;1995;3.912452419;North America;JAM
5132;Jamaica;JAM;1996;4.063043767;North America;JAM
5133;Jamaica;JAM;1997;4.19508427;North America;JAM
5134;Jamaica;JAM;1998;3.805001212;North America;JAM
5135;Jamaica;JAM;1999;3.796215188;North America;JAM
5136;Jamaica;JAM;2000;3.985086057;North America;JAM
5137;Jamaica;JAM;2001;4.078579006;North America;JAM
5138;Jamaica;JAM;2002;3.93866406;North America;JAM
5139;Jamaica;JAM;2003;4.085163419;North America;JAM
5140;Jamaica;JAM;2004;4.067723683;North America;JAM
5141;Jamaica;JAM;2005;4.026818344;North America;JAM
5142;Jamaica;JAM;2006;4.530808785;North America;JAM
5143;Jamaica;JAM;2007;5.062906364;North America;JAM
5144;Jamaica;JAM;2008;4.476814921;North America;JAM
5145;Jamaica;JAM;2009;3.204231319;North America;JAM
5146;Jamaica;JAM;2010;2.672410756;North America;JAM
5147;Jamaica;JAM;2011;2.872655693;North America;JAM
5148;Jordan;JOR;1960;0.881991706;Asia;JOR
5149;Jordan;JOR;1961;1.098309385;Asia;JOR
5150;Jordan;JOR;1962;1.112048691;Asia;JOR
5151;Jordan;JOR;1963;1.221853887;Asia;JOR
5152;Jordan;JOR;1964;1.171644998;Asia;JOR
5153;Jordan;JOR;1965;1.261343972;Asia;JOR
5154;Jordan;JOR;1966;1.319801048;Asia;JOR
5155;Jordan;JOR;1967;1.107199847;Asia;JOR
5156;Jordan;JOR;1968;1.109071335;Asia;JOR
5157;Jordan;JOR;1969;1.225297021;Asia;JOR
5158;Jordan;JOR;1970;1.033471485;Asia;JOR
5159;Jordan;JOR;1971;1.053142429;Asia;JOR
5160;Jordan;JOR;1972;1.174026879;Asia;JOR
5161;Jordan;JOR;1973;1.304114244;Asia;JOR
5162;Jordan;JOR;1974;1.275689903;Asia;JOR
5163;Jordan;JOR;1975;1.377657459;Asia;JOR
5164;Jordan;JOR;1976;1.573296331;Asia;JOR
5165;Jordan;JOR;1977;1.625692094;Asia;JOR
5166;Jordan;JOR;1978;1.801651768;Asia;JOR
5167;Jordan;JOR;1979;1.807899445;Asia;JOR
5168;Jordan;JOR;1980;2.167245759;Asia;JOR
5169;Jordan;JOR;1981;2.586191794;Asia;JOR
5170;Jordan;JOR;1982;2.666620899;Asia;JOR
5171;Jordan;JOR;1983;2.998227938;Asia;JOR
5172;Jordan;JOR;1984;3.274182858;Asia;JOR
5173;Jordan;JOR;1985;3.230122163;Asia;JOR
5174;Jordan;JOR;1986;3.382353134;Asia;JOR
5175;Jordan;JOR;1987;3.395131764;Asia;JOR
5176;Jordan;JOR;1988;3.15949118;Asia;JOR
5177;Jordan;JOR;1989;3.021435209;Asia;JOR
5178;Jordan;JOR;1990;3.281791483;Asia;JOR
5179;Jordan;JOR;1991;2.763955994;Asia;JOR
5180;Jordan;JOR;1992;3.285859898;Asia;JOR
5181;Jordan;JOR;1993;3.098079877;Asia;JOR
5182;Jordan;JOR;1994;3.35727801;Asia;JOR
5183;Jordan;JOR;1995;3.231680334;Asia;JOR
5184;Jordan;JOR;1996;3.28037526;Asia;JOR
5185;Jordan;JOR;1997;3.244519352;Asia;JOR
5186;Jordan;JOR;1998;3.186529798;Asia;JOR
5187;Jordan;JOR;1999;3.113032265;Asia;JOR
5188;Jordan;JOR;2000;3.232800292;Asia;JOR
5189;Jordan;JOR;2001;3.254583689;Asia;JOR
5190;Jordan;JOR;2002;3.351833069;Asia;JOR
5191;Jordan;JOR;2003;3.382956623;Asia;JOR
5192;Jordan;JOR;2004;3.637192628;Asia;JOR
5193;Jordan;JOR;2005;3.891994271;Asia;JOR
5194;Jordan;JOR;2006;3.815375723;Asia;JOR
5195;Jordan;JOR;2007;3.892422364;Asia;JOR
5196;Jordan;JOR;2008;3.689815762;Asia;JOR
5197;Jordan;JOR;2009;3.70109721;Asia;JOR
5198;Jordan;JOR;2010;3.50324049;Asia;JOR
5199;Jordan;JOR;2011;3.601147064;Asia;JOR
5200;Japan;JPN;1960;2.516537519;Asia;JPN
5201;Japan;JPN;1961;2.981979388;Asia;JPN
5202;Japan;JPN;1962;3.059736351;Asia;JPN
5203;Japan;JPN;1963;3.359320776;Asia;JPN
5204;Japan;JPN;1964;3.673035072;Asia;JPN
5205;Japan;JPN;1965;3.912905535;Asia;JPN
5206;Japan;JPN;1966;4.206264706;Asia;JPN
5207;Japan;JPN;1967;4.863557846;Asia;JPN
5208;Japan;JPN;1968;5.566593157;Asia;JPN
5209;Japan;JPN;1969;6.338523165;Asia;JPN
5210;Japan;JPN;1970;7.368088744;Asia;JPN
5211;Japan;JPN;1971;7.545561028;Asia;JPN
5212;Japan;JPN;1972;7.961462468;Asia;JPN
5213;Japan;JPN;1973;8.472958752;Asia;JPN
5214;Japan;JPN;1974;8.313879441;Asia;JPN
5215;Japan;JPN;1975;7.77267069;Asia;JPN
5216;Japan;JPN;1976;8.059719431;Asia;JPN
5217;Japan;JPN;1977;8.213496439;Asia;JPN
5218;Japan;JPN;1978;7.866857247;Asia;JPN
5219;Japan;JPN;1979;8.24734789;Asia;JPN
5220;Japan;JPN;1980;8.114017015;Asia;JPN
5221;Japan;JPN;1981;7.901592054;Asia;JPN
5222;Japan;JPN;1982;7.599902312;Asia;JPN
5223;Japan;JPN;1983;7.411085746;Asia;JPN
5224;Japan;JPN;1984;7.833248279;Asia;JPN
5225;Japan;JPN;1985;7.580675398;Asia;JPN
5226;Japan;JPN;1986;7.53411367;Asia;JPN
5227;Japan;JPN;1987;7.418518417;Asia;JPN
5228;Japan;JPN;1988;8.066694192;Asia;JPN
5229;Japan;JPN;1989;8.329948098;Asia;JPN
5230;Japan;JPN;1990;8.857976193;Asia;JPN
5231;Japan;JPN;1991;8.875684081;Asia;JPN
5232;Japan;JPN;1992;9.039760563;Asia;JPN
5233;Japan;JPN;1993;8.899017746;Asia;JPN
5234;Japan;JPN;1994;9.394000584;Asia;JPN
5235;Japan;JPN;1995;9.436899776;Asia;JPN
5236;Japan;JPN;1996;9.585223137;Asia;JPN
5237;Japan;JPN;1997;9.53044157;Asia;JPN
5238;Japan;JPN;1998;9.167558022;Asia;JPN
5239;Japan;JPN;1999;9.459557462;Asia;JPN
5240;Japan;JPN;2000;9.613881066;Asia;JPN
5241;Japan;JPN;2001;9.45490681;Asia;JPN
5242;Japan;JPN;2002;9.547061619;Asia;JPN
5243;Japan;JPN;2003;9.688100417;Asia;JPN
5244;Japan;JPN;2004;9.856908399;Asia;JPN
5245;Japan;JPN;2005;9.686111315;Asia;JPN
5246;Japan;JPN;2006;9.62737359;Asia;JPN
5247;Japan;JPN;2007;9.771475965;Asia;JPN
5248;Japan;JPN;2008;9.4229613;Asia;JPN
5249;Japan;JPN;2009;8.598621998;Asia;JPN
5250;Japan;JPN;2010;9.127185047;Asia;JPN
5251;Japan;JPN;2011;9.291834303;Asia;JPN
5316;Kazakhstan;KAZ;1992;15.89544637;Europe;KAZ
5317;Kazakhstan;KAZ;1992;15.89544637;Asia;KAZ
5318;Kazakhstan;KAZ;1993;13.5394831;Europe;KAZ
5319;Kazakhstan;KAZ;1993;13.5394831;Asia;KAZ
5320;Kazakhstan;KAZ;1994;12.39428397;Europe;KAZ
5321;Kazakhstan;KAZ;1994;12.39428397;Asia;KAZ
5322;Kazakhstan;KAZ;1995;10.54217873;Europe;KAZ
5323;Kazakhstan;KAZ;1995;10.54217873;Asia;KAZ
5324;Kazakhstan;KAZ;1996;9.031502525;Europe;KAZ
5325;Kazakhstan;KAZ;1996;9.031502525;Asia;KAZ
5326;Kazakhstan;KAZ;1997;8.450716634;Europe;KAZ
5327;Kazakhstan;KAZ;1997;8.450716634;Asia;KAZ
5328;Kazakhstan;KAZ;1998;8.298092069;Europe;KAZ
5329;Kazakhstan;KAZ;1998;8.298092069;Asia;KAZ
5330;Kazakhstan;KAZ;1999;7.803452018;Europe;KAZ
5331;Kazakhstan;KAZ;1999;7.803452018;Asia;KAZ
5332;Kazakhstan;KAZ;2000;8.584553321;Europe;KAZ
5333;Kazakhstan;KAZ;2000;8.584553321;Asia;KAZ
5334;Kazakhstan;KAZ;2001;9.954577347;Europe;KAZ
5335;Kazakhstan;KAZ;2001;9.954577347;Asia;KAZ
5336;Kazakhstan;KAZ;2002;10.22587952;Europe;KAZ
5337;Kazakhstan;KAZ;2002;10.22587952;Asia;KAZ
5338;Kazakhstan;KAZ;2003;10.31697607;Europe;KAZ
5339;Kazakhstan;KAZ;2003;10.31697607;Asia;KAZ
5340;Kazakhstan;KAZ;2004;11.46729421;Europe;KAZ
5341;Kazakhstan;KAZ;2004;11.46729421;Asia;KAZ
5342;Kazakhstan;KAZ;2005;11.68198846;Europe;KAZ
5343;Kazakhstan;KAZ;2005;11.68198846;Asia;KAZ
5344;Kazakhstan;KAZ;2006;12.57715649;Europe;KAZ
5345;Kazakhstan;KAZ;2006;12.57715649;Asia;KAZ
5346;Kazakhstan;KAZ;2007;14.2211715;Europe;KAZ
5347;Kazakhstan;KAZ;2007;14.2211715;Asia;KAZ
5348;Kazakhstan;KAZ;2008;14.65957764;Europe;KAZ
5349;Kazakhstan;KAZ;2008;14.65957764;Asia;KAZ
5350;Kazakhstan;KAZ;2009;13.30972781;Europe;KAZ
5351;Kazakhstan;KAZ;2009;13.30972781;Asia;KAZ
5352;Kazakhstan;KAZ;2010;15.14647827;Europe;KAZ
5353;Kazakhstan;KAZ;2010;15.14647827;Asia;KAZ
5354;Kazakhstan;KAZ;2011;15.81009754;Europe;KAZ
5355;Kazakhstan;KAZ;2011;15.81009754;Asia;KAZ
5356;Kenya;KEN;1960;0.299496881;Africa;KEN
5357;Kenya;KEN;1961;0.28725727;Africa;KEN
5358;Kenya;KEN;1962;0.304273985;Africa;KEN
5359;Kenya;KEN;1963;0.320661958;Africa;KEN
5360;Kenya;KEN;1964;0.307305266;Africa;KEN
5361;Kenya;KEN;1965;0.259649487;Africa;KEN
5362;Kenya;KEN;1966;0.273274893;Africa;KEN
5363;Kenya;KEN;1967;0.266146233;Africa;KEN
5364;Kenya;KEN;1968;0.268506558;Africa;KEN
5365;Kenya;KEN;1969;0.288157853;Africa;KEN
5366;Kenya;KEN;1970;0.274068546;Africa;KEN
5367;Kenya;KEN;1971;0.316134818;Africa;KEN
5368;Kenya;KEN;1972;0.320474975;Africa;KEN
5369;Kenya;KEN;1973;0.312855742;Africa;KEN
5370;Kenya;KEN;1974;0.380878645;Africa;KEN
5371;Kenya;KEN;1975;0.368977464;Africa;KEN
5372;Kenya;KEN;1976;0.329338923;Africa;KEN
5373;Kenya;KEN;1977;0.348091685;Africa;KEN
5374;Kenya;KEN;1978;0.353045082;Africa;KEN
5375;Kenya;KEN;1979;0.321711564;Africa;KEN
5376;Kenya;KEN;1980;0.38094823;Africa;KEN
5377;Kenya;KEN;1981;0.386201414;Africa;KEN
5378;Kenya;KEN;1982;0.267301785;Africa;KEN
5379;Kenya;KEN;1983;0.255505314;Africa;KEN
5380;Kenya;KEN;1984;0.228042942;Africa;KEN
5381;Kenya;KEN;1985;0.191736485;Africa;KEN
5382;Kenya;KEN;1986;0.2040846;Africa;KEN
5383;Kenya;KEN;1987;0.244751788;Africa;KEN
5384;Kenya;KEN;1988;0.218690403;Africa;KEN
5385;Kenya;KEN;1989;0.229063768;Africa;KEN
5386;Kenya;KEN;1990;0.248363863;Africa;KEN
5387;Kenya;KEN;1991;0.199736842;Africa;KEN
5388;Kenya;KEN;1992;0.221370014;Africa;KEN
5389;Kenya;KEN;1993;0.245794458;Africa;KEN
5390;Kenya;KEN;1994;0.246413638;Africa;KEN
5391;Kenya;KEN;1995;0.275965745;Africa;KEN
5392;Kenya;KEN;1996;0.33179823;Africa;KEN
5393;Kenya;KEN;1997;0.286573323;Africa;KEN
5394;Kenya;KEN;1998;0.339479453;Africa;KEN
5395;Kenya;KEN;1999;0.335704347;Africa;KEN
5396;Kenya;KEN;2000;0.335350781;Africa;KEN
5397;Kenya;KEN;2001;0.294043331;Africa;KEN
5398;Kenya;KEN;2002;0.243741462;Africa;KEN
5399;Kenya;KEN;2003;0.201323302;Africa;KEN
5400;Kenya;KEN;2004;0.221377912;Africa;KEN
5401;Kenya;KEN;2005;0.242225673;Africa;KEN
5402;Kenya;KEN;2006;0.263863006;Africa;KEN
5403;Kenya;KEN;2007;0.263921731;Africa;KEN
5404;Kenya;KEN;2008;0.267801815;Africa;KEN
5405;Kenya;KEN;2009;0.31450114;Africa;KEN
5406;Kenya;KEN;2010;0.307975417;Africa;KEN
5407;Kenya;KEN;2011;0.327569171;Africa;KEN
5440;Kyrgyz Republic;KGZ;1992;2.40546884;Asia;KGZ
5441;Kyrgyz Republic;KGZ;1993;1.838898975;Asia;KGZ
5442;Kyrgyz Republic;KGZ;1994;1.340069987;Asia;KGZ
5443;Kyrgyz Republic;KGZ;1995;0.97295632;Asia;KGZ
5444;Kyrgyz Republic;KGZ;1996;1.207438424;Asia;KGZ
5445;Kyrgyz Republic;KGZ;1997;1.167312197;Asia;KGZ
5446;Kyrgyz Republic;KGZ;1998;1.221051793;Asia;KGZ
5447;Kyrgyz Republic;KGZ;1999;0.94243203;Asia;KGZ
5448;Kyrgyz Republic;KGZ;2000;0.924535563;Asia;KGZ
5449;Kyrgyz Republic;KGZ;2001;0.764529939;Asia;KGZ
5450;Kyrgyz Republic;KGZ;2002;0.971361532;Asia;KGZ
5451;Kyrgyz Republic;KGZ;2003;1.056481074;Asia;KGZ
5452;Kyrgyz Republic;KGZ;2004;1.121356201;Asia;KGZ
5453;Kyrgyz Republic;KGZ;2005;1.016440747;Asia;KGZ
5454;Kyrgyz Republic;KGZ;2006;0.991517898;Asia;KGZ
5455;Kyrgyz Republic;KGZ;2007;1.120619163;Asia;KGZ
5456;Kyrgyz Republic;KGZ;2008;1.069343449;Asia;KGZ
5457;Kyrgyz Republic;KGZ;2009;1.180486133;Asia;KGZ
5458;Kyrgyz Republic;KGZ;2010;1.129467501;Asia;KGZ
5459;Kyrgyz Republic;KGZ;2011;1.199591629;Asia;KGZ
5460;Cambodia;KHM;1960;0.041012378;Asia;KHM
5461;Cambodia;KHM;1961;0.048708101;Asia;KHM
5462;Cambodia;KHM;1962;0.051110592;Asia;KHM
5463;Cambodia;KHM;1963;0.062885194;Asia;KHM
5464;Cambodia;KHM;1964;0.053880369;Asia;KHM
5465;Cambodia;KHM;1965;0.062371699;Asia;KHM
5466;Cambodia;KHM;1966;0.071236379;Asia;KHM
5467;Cambodia;KHM;1967;0.062436039;Asia;KHM
5468;Cambodia;KHM;1968;0.072309173;Asia;KHM
5469;Cambodia;KHM;1969;0.19498466;Asia;KHM
5470;Cambodia;KHM;1970;0.167104683;Asia;KHM
5471;Cambodia;KHM;1971;0.034788767;Asia;KHM
5472;Cambodia;KHM;1972;0.016006194;Asia;KHM
5473;Cambodia;KHM;1973;0.017162674;Asia;KHM
5474;Cambodia;KHM;1974;0.009699027;Asia;KHM
5475;Cambodia;KHM;1975;0.00971135;Asia;KHM
5476;Cambodia;KHM;1976;0.009868795;Asia;KHM
5477;Cambodia;KHM;1977;0.010155011;Asia;KHM
5478;Cambodia;KHM;1978;0.007352358;Asia;KHM
5479;Cambodia;KHM;1979;0.004317227;Asia;KHM
5480;Cambodia;KHM;1980;0.042574537;Asia;KHM
5481;Cambodia;KHM;1981;0.044386095;Asia;KHM
5482;Cambodia;KHM;1982;0.048576159;Asia;KHM
5483;Cambodia;KHM;1983;0.050957882;Asia;KHM
5484;Cambodia;KHM;1984;0.054943598;Asia;KHM
5485;Cambodia;KHM;1985;0.053988698;Asia;KHM
5486;Cambodia;KHM;1986;0.054155043;Asia;KHM
5487;Cambodia;KHM;1987;0.053033397;Asia;KHM
5488;Cambodia;KHM;1988;0.053269776;Asia;KHM
5489;Cambodia;KHM;1989;0.051703836;Asia;KHM
5490;Cambodia;KHM;1990;0.050066401;Asia;KHM
5491;Cambodia;KHM;1991;0.049556143;Asia;KHM
5492;Cambodia;KHM;1992;0.049352754;Asia;KHM
5493;Cambodia;KHM;1993;0.047637216;Asia;KHM
5494;Cambodia;KHM;1994;0.052055609;Asia;KHM
5495;Cambodia;KHM;1995;0.145041558;Asia;KHM
5496;Cambodia;KHM;1996;0.146717767;Asia;KHM
5497;Cambodia;KHM;1997;0.135829991;Asia;KHM
5498;Cambodia;KHM;1998;0.167576557;Asia;KHM
5499;Cambodia;KHM;1999;0.158936147;Asia;KHM
5500;Cambodia;KHM;2000;0.162037088;Asia;KHM
5501;Cambodia;KHM;2001;0.180862682;Asia;KHM
5502;Cambodia;KHM;2002;0.174068505;Asia;KHM
5503;Cambodia;KHM;2003;0.184469651;Asia;KHM
5504;Cambodia;KHM;2004;0.186533458;Asia;KHM
5505;Cambodia;KHM;2005;0.20840142;Asia;KHM
5506;Cambodia;KHM;2006;0.221776426;Asia;KHM
5507;Cambodia;KHM;2007;0.253749445;Asia;KHM
5508;Cambodia;KHM;2008;0.285282402;Asia;KHM
5509;Cambodia;KHM;2009;0.292181175;Asia;KHM
5510;Cambodia;KHM;2010;0.291550731;Asia;KHM
5511;Cambodia;KHM;2011;0.308073152;Asia;KHM
5513;Kiribati;KIR;1961;0.173540617;Oceania;KIR
5514;Kiribati;KIR;1962;0.253994274;Oceania;KIR
5515;Kiribati;KIR;1963;0.413211034;Oceania;KIR
5516;Kiribati;KIR;1964;0.403641247;Oceania;KIR
5517;Kiribati;KIR;1965;0.236809816;Oceania;KIR
5518;Kiribati;KIR;1966;0.231790312;Oceania;KIR
5519;Kiribati;KIR;1967;0.454211396;Oceania;KIR
5520;Kiribati;KIR;1968;0.668225718;Oceania;KIR
5521;Kiribati;KIR;1969;0.21869471;Oceania;KIR
5522;Kiribati;KIR;1970;0.429886091;Oceania;KIR
5523;Kiribati;KIR;1971;0.563936947;Oceania;KIR
5524;Kiribati;KIR;1972;0.485943623;Oceania;KIR
5525;Kiribati;KIR;1973;0.684077978;Oceania;KIR
5526;Kiribati;KIR;1974;0.606873598;Oceania;KIR
5527;Kiribati;KIR;1975;0.59821639;Oceania;KIR
5528;Kiribati;KIR;1976;0.589549839;Oceania;KIR
5529;Kiribati;KIR;1977;0.387256886;Oceania;KIR
5530;Kiribati;KIR;1978;0.381555216;Oceania;KIR
5531;Kiribati;KIR;1979;0.43871883;Oceania;KIR
5532;Kiribati;KIR;1980;0.494371419;Oceania;KIR
5533;Kiribati;KIR;1981;0.487819479;Oceania;KIR
5534;Kiribati;KIR;1982;0.42136971;Oceania;KIR
5535;Kiribati;KIR;1983;0.35625;Oceania;KIR
5536;Kiribati;KIR;1984;0.350528932;Oceania;KIR
5537;Kiribati;KIR;1985;0.343749024;Oceania;KIR
5538;Kiribati;KIR;1986;0.279842488;Oceania;KIR
5539;Kiribati;KIR;1987;0.327108917;Oceania;KIR
5540;Kiribati;KIR;1988;0.318389674;Oceania;KIR
5541;Kiribati;KIR;1989;0.310486432;Oceania;KIR
5542;Kiribati;KIR;1990;0.303848863;Oceania;KIR
5543;Kiribati;KIR;1991;0.298542701;Oceania;KIR
5544;Kiribati;KIR;1992;0.294250598;Oceania;KIR
5545;Kiribati;KIR;1993;0.290562848;Oceania;KIR
5546;Kiribati;KIR;1994;0.286955161;Oceania;KIR
5547;Kiribati;KIR;1995;0.28306766;Oceania;KIR
5548;Kiribati;KIR;1996;0.464724296;Oceania;KIR
5549;Kiribati;KIR;1997;0.365831151;Oceania;KIR
5550;Kiribati;KIR;1998;0.404666732;Oceania;KIR
5551;Kiribati;KIR;1999;0.353577842;Oceania;KIR
5552;Kiribati;KIR;2000;0.391003009;Oceania;KIR
5553;Kiribati;KIR;2001;0.298970393;Oceania;KIR
5554;Kiribati;KIR;2002;0.461822928;Oceania;KIR
5555;Kiribati;KIR;2003;0.453775368;Oceania;KIR
5556;Kiribati;KIR;2004;0.485990392;Oceania;KIR
5557;Kiribati;KIR;2005;0.675183312;Oceania;KIR
5558;Kiribati;KIR;2006;0.739181175;Oceania;KIR
5559;Kiribati;KIR;2007;0.533049528;Oceania;KIR
5560;Kiribati;KIR;2008;0.558783791;Oceania;KIR
5561;Kiribati;KIR;2009;0.401099775;Oceania;KIR
5562;Kiribati;KIR;2010;0.607308472;Oceania;KIR
5563;Kiribati;KIR;2011;0.595622098;Oceania;KIR
5564;St. Kitts and Nevis;KNA;1960;0.214875872;North America;KNA
5565;St. Kitts and Nevis;KNA;1961;0.429768532;North America;KNA
5566;St. Kitts and Nevis;KNA;1962;0.28779971;North America;KNA
5567;St. Kitts and Nevis;KNA;1963;0.362832209;North America;KNA
5568;St. Kitts and Nevis;KNA;1964;0.367184684;North America;KNA
5569;St. Kitts and Nevis;KNA;1965;0.447095162;North America;KNA
5570;St. Kitts and Nevis;KNA;1966;0.455009823;North America;KNA
5571;St. Kitts and Nevis;KNA;1967;0.464343752;North America;KNA
5572;St. Kitts and Nevis;KNA;1968;0.711286881;North America;KNA
5573;St. Kitts and Nevis;KNA;1969;0.563732595;North America;KNA
5574;St. Kitts and Nevis;KNA;1970;0.571921929;North America;KNA
5575;St. Kitts and Nevis;KNA;1971;0.659384131;North America;KNA
5576;St. Kitts and Nevis;KNA;1972;0.6617939;North America;KNA
5577;St. Kitts and Nevis;KNA;1973;0.662002979;North America;KNA
5578;St. Kitts and Nevis;KNA;1974;0.827261037;North America;KNA
5579;St. Kitts and Nevis;KNA;1975;0.745358869;North America;KNA
5580;St. Kitts and Nevis;KNA;1976;0.830728105;North America;KNA
5581;St. Kitts and Nevis;KNA;1977;0.834433168;North America;KNA
5582;St. Kitts and Nevis;KNA;1978;0.75514827;North America;KNA
5583;St. Kitts and Nevis;KNA;1979;0.843958573;North America;KNA
5584;St. Kitts and Nevis;KNA;1980;1.188242102;North America;KNA
5585;St. Kitts and Nevis;KNA;1981;1.279840849;North America;KNA
5586;St. Kitts and Nevis;KNA;1982;1.543602816;North America;KNA
5587;St. Kitts and Nevis;KNA;1983;1.206845483;North America;KNA
5588;St. Kitts and Nevis;KNA;1984;1.213836478;North America;KNA
5589;St. Kitts and Nevis;KNA;1985;1.22183878;North America;KNA
5590;St. Kitts and Nevis;KNA;1986;1.407103629;North America;KNA
5591;St. Kitts and Nevis;KNA;1987;1.330133243;North America;KNA
5592;St. Kitts and Nevis;KNA;1988;1.60813741;North America;KNA
5593;St. Kitts and Nevis;KNA;1989;1.61565575;North America;KNA
5594;St. Kitts and Nevis;KNA;1990;1.616486665;North America;KNA
5595;St. Kitts and Nevis;KNA;1991;1.788387915;North America;KNA
5596;St. Kitts and Nevis;KNA;1992;1.773210832;North America;KNA
5597;St. Kitts and Nevis;KNA;1993;2.015991013;North America;KNA
5598;St. Kitts and Nevis;KNA;1994;2.077473267;North America;KNA
5599;St. Kitts and Nevis;KNA;1995;2.223046073;North America;KNA
5600;St. Kitts and Nevis;KNA;1996;2.366297158;North America;KNA
5601;St. Kitts and Nevis;KNA;1997;2.339660476;North America;KNA
5602;St. Kitts and Nevis;KNA;1998;2.312991372;North America;KNA
5603;St. Kitts and Nevis;KNA;1999;2.284836886;North America;KNA
5604;St. Kitts and Nevis;KNA;2000;2.254435271;North America;KNA
5605;St. Kitts and Nevis;KNA;2001;3.967240782;North America;KNA
5606;St. Kitts and Nevis;KNA;2002;4.218983701;North America;KNA
5607;St. Kitts and Nevis;KNA;2003;4.614416644;North America;KNA
5608;St. Kitts and Nevis;KNA;2004;4.695068561;North America;KNA
5609;St. Kitts and Nevis;KNA;2005;4.776002768;North America;KNA
5610;St. Kitts and Nevis;KNA;2006;4.710907704;North America;KNA
5611;St. Kitts and Nevis;KNA;2007;4.941167146;North America;KNA
5612;St. Kitts and Nevis;KNA;2008;4.880433719;North America;KNA
5613;St. Kitts and Nevis;KNA;2009;5.034263395;North America;KNA
5614;St. Kitts and Nevis;KNA;2010;4.973200642;North America;KNA
5615;St. Kitts and Nevis;KNA;2011;5.050964187;North America;KNA
5616;Korea, Rep.;KOR;1960;0.501837251;Asia;KOR
5617;Korea, Rep.;KOR;1961;0.561314583;Asia;KOR
5618;Korea, Rep.;KOR;1962;0.651713667;Asia;KOR
5619;Korea, Rep.;KOR;1963;0.774109781;Asia;KOR
5620;Korea, Rep.;KOR;1964;0.793961905;Asia;KOR
5621;Korea, Rep.;KOR;1965;0.871121999;Asia;KOR
5622;Korea, Rep.;KOR;1966;1.0196641;Asia;KOR
5623;Korea, Rep.;KOR;1967;1.166635088;Asia;KOR
5624;Korea, Rep.;KOR;1968;1.207655726;Asia;KOR
5625;Korea, Rep.;KOR;1969;1.348027309;Asia;KOR
5626;Korea, Rep.;KOR;1970;1.668191979;Asia;KOR
5627;Korea, Rep.;KOR;1971;1.782608723;Asia;KOR
5628;Korea, Rep.;KOR;1972;1.800808443;Asia;KOR
5629;Korea, Rep.;KOR;1973;2.143330254;Asia;KOR
5630;Korea, Rep.;KOR;1974;2.181664351;Asia;KOR
5631;Korea, Rep.;KOR;1975;2.319371413;Asia;KOR
5632;Korea, Rep.;KOR;1976;2.602807792;Asia;KOR
5633;Korea, Rep.;KOR;1977;2.903242644;Asia;KOR
5634;Korea, Rep.;KOR;1978;3.067572142;Asia;KOR
5635;Korea, Rep.;KOR;1979;3.549056094;Asia;KOR
5636;Korea, Rep.;KOR;1980;3.537650534;Asia;KOR
5637;Korea, Rep.;KOR;1981;3.60873747;Asia;KOR
5638;Korea, Rep.;KOR;1982;3.608409089;Asia;KOR
5639;Korea, Rep.;KOR;1983;3.781078933;Asia;KOR
5640;Korea, Rep.;KOR;1984;4.056610689;Asia;KOR
5641;Korea, Rep.;KOR;1985;4.370304926;Asia;KOR
5642;Korea, Rep.;KOR;1986;4.426967249;Asia;KOR
5643;Korea, Rep.;KOR;1987;4.628848877;Asia;KOR
5644;Korea, Rep.;KOR;1988;5.280829355;Asia;KOR
5645;Korea, Rep.;KOR;1989;5.555998042;Asia;KOR
5646;Korea, Rep.;KOR;1990;5.760374252;Asia;KOR
5647;Korea, Rep.;KOR;1991;6.039462229;Asia;KOR
5648;Korea, Rep.;KOR;1992;6.498142885;Asia;KOR
5649;Korea, Rep.;KOR;1993;7.284858219;Asia;KOR
5650;Korea, Rep.;KOR;1994;7.706677234;Asia;KOR
5651;Korea, Rep.;KOR;1995;8.311071381;Asia;KOR
5652;Korea, Rep.;KOR;1996;8.869490025;Asia;KOR
5653;Korea, Rep.;KOR;1997;9.35798162;Asia;KOR
5654;Korea, Rep.;KOR;1998;7.882070871;Asia;KOR
5655;Korea, Rep.;KOR;1999;8.577710247;Asia;KOR
5656;Korea, Rep.;KOR;2000;9.52093176;Asia;KOR
5657;Korea, Rep.;KOR;2001;9.506313358;Asia;KOR
5658;Korea, Rep.;KOR;2002;9.777628886;Asia;KOR
5659;Korea, Rep.;KOR;2003;9.741365604;Asia;KOR
5660;Korea, Rep.;KOR;2004;10.03918357;Asia;KOR
5661;Korea, Rep.;KOR;2005;9.616547001;Asia;KOR
5662;Korea, Rep.;KOR;2006;9.72993278;Asia;KOR
5663;Korea, Rep.;KOR;2007;10.19958174;Asia;KOR
5664;Korea, Rep.;KOR;2008;10.36983266;Asia;KOR
5665;Korea, Rep.;KOR;2009;10.3465061;Asia;KOR
5666;Korea, Rep.;KOR;2010;11.46958747;Asia;KOR
5667;Korea, Rep.;KOR;2011;11.84075687;Asia;KOR
5668;Kuwait;KWT;1960;29.78819829;Asia;KWT
5669;Kuwait;KWT;1961;33.8773007;Asia;KWT
5670;Kuwait;KWT;1962;42.63711768;Asia;KWT
5671;Kuwait;KWT;1963;44.60949;Asia;KWT
5672;Kuwait;KWT;1964;58.73273044;Asia;KWT
5673;Kuwait;KWT;1965;73.4581841;Asia;KWT
5674;Kuwait;KWT;1966;65.88655742;Asia;KWT
5675;Kuwait;KWT;1967;43.4283027;Asia;KWT
5676;Kuwait;KWT;1968;35.11122237;Asia;KWT
5677;Kuwait;KWT;1969;38.668925;Asia;KWT
5678;Kuwait;KWT;1970;33.38106784;Asia;KWT
5679;Kuwait;KWT;1971;33.59260676;Asia;KWT
5680;Kuwait;KWT;1972;31.88302007;Asia;KWT
5681;Kuwait;KWT;1973;26.15676773;Asia;KWT
5682;Kuwait;KWT;1974;19.55823376;Asia;KWT
5683;Kuwait;KWT;1975;16.00843903;Asia;KWT
5684;Kuwait;KWT;1976;16.56204285;Asia;KWT
5685;Kuwait;KWT;1977;14.58181329;Asia;KWT
5686;Kuwait;KWT;1978;16.83308713;Asia;KWT
5687;Kuwait;KWT;1979;13.43107034;Asia;KWT
5688;Kuwait;KWT;1980;17.82452819;Asia;KWT
5689;Kuwait;KWT;1981;17.36063559;Asia;KWT
5690;Kuwait;KWT;1982;13.93786174;Asia;KWT
5691;Kuwait;KWT;1983;13.62347931;Asia;KWT
5692;Kuwait;KWT;1984;17.11054333;Asia;KWT
5693;Kuwait;KWT;1985;16.80380794;Asia;KWT
5694;Kuwait;KWT;1986;19.37281956;Asia;KWT
5695;Kuwait;KWT;1987;16.40824526;Asia;KWT
5696;Kuwait;KWT;1988;16.43575971;Asia;KWT
5697;Kuwait;KWT;1989;17.467149;Asia;KWT
5698;Kuwait;KWT;1990;23.46608417;Asia;KWT
5699;Kuwait;KWT;1991;5.077246887;Asia;KWT
5703;Kuwait;KWT;1995;33.48846173;Asia;KWT
5704;Kuwait;KWT;1996;30.62053561;Asia;KWT
5705;Kuwait;KWT;1997;32.56958552;Asia;KWT
5706;Kuwait;KWT;1998;29.29660291;Asia;KWT
5707;Kuwait;KWT;1999;29.15154504;Asia;KWT
5708;Kuwait;KWT;2000;27.75902294;Asia;KWT
5709;Kuwait;KWT;2001;28.96529435;Asia;KWT
5710;Kuwait;KWT;2002;28.51232265;Asia;KWT
5711;Kuwait;KWT;2003;28.5890492;Asia;KWT
5712;Kuwait;KWT;2004;29.32795622;Asia;KWT
5713;Kuwait;KWT;2005;31.60748832;Asia;KWT
5714;Kuwait;KWT;2006;30.87219115;Asia;KWT
5715;Kuwait;KWT;2007;29.63684934;Asia;KWT
5716;Kuwait;KWT;2008;30.58126375;Asia;KWT
5717;Kuwait;KWT;2009;29.72170379;Asia;KWT
5718;Kuwait;KWT;2010;29.69343348;Asia;KWT
5719;Kuwait;KWT;2011;28.10266175;Asia;KWT
5720;Lao PDR;LAO;1960;0.038054779;Asia;LAO
5721;Lao PDR;LAO;1961;0.052402932;Asia;LAO
5722;Lao PDR;LAO;1962;0.059465829;Asia;LAO
5723;Lao PDR;LAO;1963;0.064557643;Asia;LAO
5724;Lao PDR;LAO;1964;0.074104952;Asia;LAO
5725;Lao PDR;LAO;1965;0.075463354;Asia;LAO
5726;Lao PDR;LAO;1966;0.09628119;Asia;LAO
5727;Lao PDR;LAO;1967;0.127862569;Asia;LAO
5728;Lao PDR;LAO;1968;0.066024409;Asia;LAO
5729;Lao PDR;LAO;1969;0.121848367;Asia;LAO
5730;Lao PDR;LAO;1970;0.212973446;Asia;LAO
5731;Lao PDR;LAO;1971;0.152811931;Asia;LAO
5732;Lao PDR;LAO;1972;0.171852245;Asia;LAO
5733;Lao PDR;LAO;1973;0.177304787;Asia;LAO
5734;Lao PDR;LAO;1974;0.09819437;Asia;LAO
5735;Lao PDR;LAO;1975;0.083016499;Asia;LAO
5736;Lao PDR;LAO;1976;0.072275068;Asia;LAO
5737;Lao PDR;LAO;1977;0.07377346;Asia;LAO
5738;Lao PDR;LAO;1978;0.073012118;Asia;LAO
5739;Lao PDR;LAO;1979;0.069852636;Asia;LAO
5740;Lao PDR;LAO;1980;0.057495909;Asia;LAO
5741;Lao PDR;LAO;1981;0.045318411;Asia;LAO
5742;Lao PDR;LAO;1982;0.04644352;Asia;LAO
5743;Lao PDR;LAO;1983;0.051581287;Asia;LAO
5744;Lao PDR;LAO;1984;0.051224098;Asia;LAO
5745;Lao PDR;LAO;1985;0.054803547;Asia;LAO
5746;Lao PDR;LAO;1986;0.05521963;Asia;LAO
5747;Lao PDR;LAO;1987;0.053662505;Asia;LAO
5748;Lao PDR;LAO;1988;0.052135867;Asia;LAO
5749;Lao PDR;LAO;1989;0.056867385;Asia;LAO
5750;Lao PDR;LAO;1990;0.055248798;Asia;LAO
5751;Lao PDR;LAO;1991;0.057879484;Asia;LAO
5752;Lao PDR;LAO;1992;0.06197327;Asia;LAO
5753;Lao PDR;LAO;1993;0.060300951;Asia;LAO
5754;Lao PDR;LAO;1994;0.063401639;Asia;LAO
5755;Lao PDR;LAO;1995;0.077751867;Asia;LAO
5756;Lao PDR;LAO;1996;0.101895917;Asia;LAO
5757;Lao PDR;LAO;1997;0.125883025;Asia;LAO
5758;Lao PDR;LAO;1998;0.139152368;Asia;LAO
5759;Lao PDR;LAO;1999;0.182087007;Asia;LAO
5760;Lao PDR;LAO;2000;0.181878534;Asia;LAO
5761;Lao PDR;LAO;2001;0.166291562;Asia;LAO
5762;Lao PDR;LAO;2002;0.213928438;Asia;LAO
5763;Lao PDR;LAO;2003;0.202444057;Asia;LAO
5764;Lao PDR;LAO;2004;0.251426515;Asia;LAO
5765;Lao PDR;LAO;2005;0.249572499;Asia;LAO
5766;Lao PDR;LAO;2006;0.270683528;Asia;LAO
5767;Lao PDR;LAO;2007;0.158048796;Asia;LAO
5768;Lao PDR;LAO;2008;0.161954988;Asia;LAO
5769;Lao PDR;LAO;2009;0.160311795;Asia;LAO
5770;Lao PDR;LAO;2010;0.203248951;Asia;LAO
5771;Lao PDR;LAO;2011;0.188910506;Asia;LAO
5772;Lebanon;LBN;1960;1.430289424;Asia;LBN
5773;Lebanon;LBN;1961;1.439577819;Asia;LBN
5774;Lebanon;LBN;1962;1.483731683;Asia;LBN
5775;Lebanon;LBN;1963;1.525929202;Asia;LBN
5776;Lebanon;LBN;1964;1.600665193;Asia;LBN
5777;Lebanon;LBN;1965;1.586077213;Asia;LBN
5778;Lebanon;LBN;1966;1.699083608;Asia;LBN
5779;Lebanon;LBN;1967;1.642254868;Asia;LBN
5780;Lebanon;LBN;1968;1.673478775;Asia;LBN
5781;Lebanon;LBN;1969;1.934022747;Asia;LBN
5782;Lebanon;LBN;1970;1.719053644;Asia;LBN
5783;Lebanon;LBN;1971;2.268534298;Asia;LBN
5784;Lebanon;LBN;1972;2.370071621;Asia;LBN
5785;Lebanon;LBN;1973;2.891701667;Asia;LBN
5786;Lebanon;LBN;1974;2.852027389;Asia;LBN
5787;Lebanon;LBN;1975;2.497160182;Asia;LBN
5788;Lebanon;LBN;1976;2.358238382;Asia;LBN
5789;Lebanon;LBN;1977;2.13866498;Asia;LBN
5790;Lebanon;LBN;1978;2.193266855;Asia;LBN
5791;Lebanon;LBN;1979;2.365694641;Asia;LBN
5792;Lebanon;LBN;1980;2.371668994;Asia;LBN
5793;Lebanon;LBN;1981;2.428074822;Asia;LBN
5794;Lebanon;LBN;1982;2.322278283;Asia;LBN
5795;Lebanon;LBN;1983;2.760662997;Asia;LBN
5796;Lebanon;LBN;1984;2.643807862;Asia;LBN
5797;Lebanon;LBN;1985;3.009945479;Asia;LBN
5798;Lebanon;LBN;1986;2.898218721;Asia;LBN
5799;Lebanon;LBN;1987;2.981979147;Asia;LBN
5800;Lebanon;LBN;1988;2.870562502;Asia;LBN
5801;Lebanon;LBN;1989;3.008550725;Asia;LBN
5802;Lebanon;LBN;1990;3.367158721;Asia;LBN
5803;Lebanon;LBN;1991;3.451876549;Asia;LBN
5804;Lebanon;LBN;1992;4.025831825;Asia;LBN
5805;Lebanon;LBN;1993;4.019860304;Asia;LBN
5806;Lebanon;LBN;1994;4.283810819;Asia;LBN
5807;Lebanon;LBN;1995;4.492168869;Asia;LBN
5808;Lebanon;LBN;1996;4.495725135;Asia;LBN
5809;Lebanon;LBN;1997;5.061759624;Asia;LBN
5810;Lebanon;LBN;1998;5.348660227;Asia;LBN
5811;Lebanon;LBN;1999;5.225193963;Asia;LBN
5812;Lebanon;LBN;2000;4.724037362;Asia;LBN
5813;Lebanon;LBN;2001;4.822939246;Asia;LBN
5814;Lebanon;LBN;2002;4.551947263;Asia;LBN
5815;Lebanon;LBN;2003;4.921743397;Asia;LBN
5816;Lebanon;LBN;2004;4.357757196;Asia;LBN
5817;Lebanon;LBN;2005;4.07458241;Asia;LBN
5818;Lebanon;LBN;2006;3.572961427;Asia;LBN
5819;Lebanon;LBN;2007;3.309380466;Asia;LBN
5820;Lebanon;LBN;2008;4.202060939;Asia;LBN
5821;Lebanon;LBN;2009;5.001002214;Asia;LBN
5822;Lebanon;LBN;2010;4.632411885;Asia;LBN
5823;Lebanon;LBN;2011;4.668312508;Asia;LBN
5824;Liberia;LBR;1960;0.147293527;Africa;LBR
5825;Liberia;LBR;1961;0.140928084;Africa;LBR
5826;Liberia;LBR;1962;0.216209634;Africa;LBR
5827;Liberia;LBR;1963;0.297261046;Africa;LBR
5828;Liberia;LBR;1964;0.395430416;Africa;LBR
5829;Liberia;LBR;1965;0.444850946;Africa;LBR
5830;Liberia;LBR;1966;0.477197141;Africa;LBR
5831;Liberia;LBR;1967;0.465652918;Africa;LBR
5832;Liberia;LBR;1968;0.655380853;Africa;LBR
5833;Liberia;LBR;1969;0.919861491;Africa;LBR
5834;Liberia;LBR;1970;1.02282409;Africa;LBR
5835;Liberia;LBR;1971;1.046482369;Africa;LBR
5836;Liberia;LBR;1972;1.006532181;Africa;LBR
5837;Liberia;LBR;1973;0.962691097;Africa;LBR
5838;Liberia;LBR;1974;1.0890354;Africa;LBR
5839;Liberia;LBR;1975;0.911877646;Africa;LBR
5840;Liberia;LBR;1976;0.881734423;Africa;LBR
5841;Liberia;LBR;1977;0.854910912;Africa;LBR
5842;Liberia;LBR;1978;0.848995606;Africa;LBR
5843;Liberia;LBR;1979;1.063471517;Africa;LBR
5844;Liberia;LBR;1980;1.079253739;Africa;LBR
5845;Liberia;LBR;1981;0.988810248;Africa;LBR
5846;Liberia;LBR;1982;0.295330068;Africa;LBR
5847;Liberia;LBR;1983;0.337551714;Africa;LBR
5848;Liberia;LBR;1984;0.323683183;Africa;LBR
5849;Liberia;LBR;1985;0.328745423;Africa;LBR
5850;Liberia;LBR;1986;0.330664693;Africa;LBR
5851;Liberia;LBR;1987;0.348967127;Africa;LBR
5852;Liberia;LBR;1988;0.376765206;Africa;LBR
5853;Liberia;LBR;1989;0.312301534;Africa;LBR
5854;Liberia;LBR;1990;0.230181794;Africa;LBR
5855;Liberia;LBR;1991;0.138440316;Africa;LBR
5856;Liberia;LBR;1992;0.142799329;Africa;LBR
5857;Liberia;LBR;1993;0.160837422;Africa;LBR
5858;Liberia;LBR;1994;0.158001791;Africa;LBR
5859;Liberia;LBR;1995;0.160437344;Africa;LBR
5860;Liberia;LBR;1996;0.156837675;Africa;LBR
5861;Liberia;LBR;1997;0.150382828;Africa;LBR
5862;Liberia;LBR;1998;0.151950385;Africa;LBR
5863;Liberia;LBR;1999;0.14845856;Africa;LBR
5864;Liberia;LBR;2000;0.150891365;Africa;LBR
5865;Liberia;LBR;2001;0.167528353;Africa;LBR
5866;Liberia;LBR;2002;0.163605503;Africa;LBR
5867;Liberia;LBR;2003;0.170191171;Africa;LBR
5868;Liberia;LBR;2004;0.196900249;Africa;LBR
5869;Liberia;LBR;2005;0.226538985;Africa;LBR
5870;Liberia;LBR;2006;0.224257889;Africa;LBR
5871;Liberia;LBR;2007;0.192597983;Africa;LBR
5872;Liberia;LBR;2008;0.156752837;Africa;LBR
5873;Liberia;LBR;2009;0.138178275;Africa;LBR
5874;Liberia;LBR;2010;0.202899199;Africa;LBR
5875;Liberia;LBR;2011;0.218425012;Africa;LBR
5876;Libya;LBY;1960;0.483113477;Africa;LBY
5877;Libya;LBY;1961;0.805632083;Africa;LBY
5878;Libya;LBY;1962;0.682700645;Africa;LBY
5879;Libya;LBY;1963;0.918989317;Africa;LBY
5880;Libya;LBY;1964;0.401700303;Africa;LBY
5881;Libya;LBY;1965;0.591501553;Africa;LBY
5882;Libya;LBY;1966;1.471248629;Africa;LBY
5883;Libya;LBY;1967;9.941309938;Africa;LBY
5884;Libya;LBY;1968;15.52715275;Africa;LBY
5885;Libya;LBY;1969;17.55388385;Africa;LBY
5886;Libya;LBY;1970;15.29229037;Africa;LBY
5887;Libya;LBY;1971;9.80302338;Africa;LBY
5888;Libya;LBY;1972;6.603775663;Africa;LBY
5889;Libya;LBY;1973;6.05509109;Africa;LBY
5890;Libya;LBY;1974;3.717500546;Africa;LBY
5891;Libya;LBY;1975;4.417078036;Africa;LBY
5892;Libya;LBY;1976;6.562093165;Africa;LBY
5893;Libya;LBY;1977;7.078691991;Africa;LBY
5894;Libya;LBY;1978;7.192735762;Africa;LBY
5895;Libya;LBY;1979;8.480760309;Africa;LBY
5896;Libya;LBY;1980;8.430653739;Africa;LBY
5897;Libya;LBY;1981;8.681964165;Africa;LBY
5898;Libya;LBY;1982;8.916454353;Africa;LBY
5899;Libya;LBY;1983;8.488011357;Africa;LBY
5900;Libya;LBY;1984;7.70666867;Africa;LBY
5901;Libya;LBY;1985;8.180640962;Africa;LBY
5902;Libya;LBY;1986;8.597822517;Africa;LBY
5903;Libya;LBY;1987;7.988109313;Africa;LBY
5904;Libya;LBY;1988;8.6919411;Africa;LBY
5905;Libya;LBY;1989;8.690724773;Africa;LBY
5906;Libya;LBY;1990;8.362097836;Africa;LBY
5907;Libya;LBY;1991;9.526908724;Africa;LBY
5908;Libya;LBY;1992;8.105703497;Africa;LBY
5909;Libya;LBY;1993;8.30088552;Africa;LBY
5910;Libya;LBY;1994;9.222120085;Africa;LBY
5911;Libya;LBY;1995;9.433977929;Africa;LBY
5912;Libya;LBY;1996;8.884213335;Africa;LBY
5913;Libya;LBY;1997;8.884696454;Africa;LBY
5914;Libya;LBY;1998;8.823544695;Africa;LBY
5915;Libya;LBY;1999;8.506488906;Africa;LBY
5916;Libya;LBY;2000;8.827297282;Africa;LBY
5917;Libya;LBY;2001;8.860971652;Africa;LBY
5918;Libya;LBY;2002;8.667885511;Africa;LBY
5919;Libya;LBY;2003;8.765498472;Africa;LBY
5920;Libya;LBY;2004;8.82990235;Africa;LBY
5921;Libya;LBY;2005;8.981760542;Africa;LBY
5922;Libya;LBY;2006;9.227794152;Africa;LBY
5923;Libya;LBY;2007;8.84546264;Africa;LBY
5924;Libya;LBY;2008;9.136624366;Africa;LBY
5925;Libya;LBY;2009;10.0370768;Africa;LBY
5926;Libya;LBY;2010;10.54269589;Africa;LBY
5927;Libya;LBY;2011;6.204914344;Africa;LBY
5928;St. Lucia;LCA;1960;0.163157251;North America;LCA
5929;St. Lucia;LCA;1961;0.201676328;North America;LCA
5930;St. Lucia;LCA;1962;0.199107356;North America;LCA
5931;St. Lucia;LCA;1963;0.235575018;North America;LCA
5932;St. Lucia;LCA;1964;0.232056785;North America;LCA
5933;St. Lucia;LCA;1965;0.266544137;North America;LCA
5934;St. Lucia;LCA;1966;0.299723122;North America;LCA
5935;St. Lucia;LCA;1967;0.331601792;North America;LCA
5936;St. Lucia;LCA;1968;0.362419822;North America;LCA
5937;St. Lucia;LCA;1969;0.606723311;North America;LCA
5938;St. Lucia;LCA;1970;0.633685989;North America;LCA
5939;St. Lucia;LCA;1971;0.661103151;North America;LCA
5940;St. Lucia;LCA;1972;0.72335569;North America;LCA
5941;St. Lucia;LCA;1973;0.750728171;North America;LCA
5942;St. Lucia;LCA;1974;0.67573295;North America;LCA
5943;St. Lucia;LCA;1975;0.701530473;North America;LCA
5944;St. Lucia;LCA;1976;0.75838721;North America;LCA
5945;St. Lucia;LCA;1977;0.617526102;North America;LCA
5946;St. Lucia;LCA;1978;0.864322442;North America;LCA
5947;St. Lucia;LCA;1979;1.292840436;North America;LCA
5948;St. Lucia;LCA;1980;0.96349505;North America;LCA
5949;St. Lucia;LCA;1981;0.797220573;North America;LCA
5950;St. Lucia;LCA;1982;0.938316137;North America;LCA
5951;St. Lucia;LCA;1983;0.836546139;North America;LCA
5952;St. Lucia;LCA;1984;0.913303018;North America;LCA
5953;St. Lucia;LCA;1985;1.015259144;North America;LCA
5954;St. Lucia;LCA;1986;1.026372259;North America;LCA
5955;St. Lucia;LCA;1987;1.11942121;North America;LCA
5956;St. Lucia;LCA;1988;1.235771201;North America;LCA
5957;St. Lucia;LCA;1989;1.213756123;North America;LCA
5958;St. Lucia;LCA;1990;1.194203213;North America;LCA
5959;St. Lucia;LCA;1991;1.229667735;North America;LCA
5960;St. Lucia;LCA;1992;1.446813308;North America;LCA
5961;St. Lucia;LCA;1993;1.583333333;North America;LCA
5962;St. Lucia;LCA;1994;1.81757101;North America;LCA
5963;St. Lucia;LCA;1995;2.119797334;North America;LCA
5964;St. Lucia;LCA;1996;2.215531478;North America;LCA
5965;St. Lucia;LCA;1997;2.064287323;North America;LCA
5966;St. Lucia;LCA;1998;2.012386814;North America;LCA
5967;St. Lucia;LCA;1999;2.057282699;North America;LCA
5968;St. Lucia;LCA;2000;2.102784981;North America;LCA
5969;St. Lucia;LCA;2001;2.288263473;North America;LCA
5970;St. Lucia;LCA;2002;2.036993347;North America;LCA
5971;St. Lucia;LCA;2003;2.221503768;North America;LCA
5972;St. Lucia;LCA;2004;2.176034797;North America;LCA
5973;St. Lucia;LCA;2005;2.216955752;North America;LCA
5974;St. Lucia;LCA;2006;2.187216682;North America;LCA
5975;St. Lucia;LCA;2007;2.262968274;North America;LCA
5976;St. Lucia;LCA;2008;2.292817072;North America;LCA
5977;St. Lucia;LCA;2009;2.197738533;North America;LCA
5978;St. Lucia;LCA;2010;2.273826502;North America;LCA
5979;St. Lucia;LCA;2011;2.270423588;North America;LCA
6027;Liechtenstein;LIE;2007;1.966441816;Europe;LIE
6028;Liechtenstein;LIE;2008;1.95047731;Europe;LIE
6029;Liechtenstein;LIE;2009;1.527746917;Europe;LIE
6030;Liechtenstein;LIE;2010;1.617377881;Europe;LIE
6031;Liechtenstein;LIE;2011;1.405096204;Europe;LIE
6032;Sri Lanka;LKA;1960;0.228261116;Asia;LKA
6033;Sri Lanka;LKA;1961;0.229728462;Asia;LKA
6034;Sri Lanka;LKA;1962;0.245449871;Asia;LKA
6035;Sri Lanka;LKA;1963;0.239453506;Asia;LKA
6036;Sri Lanka;LKA;1964;0.208524259;Asia;LKA
6037;Sri Lanka;LKA;1965;0.238138212;Asia;LKA
6038;Sri Lanka;LKA;1966;0.232733805;Asia;LKA
6039;Sri Lanka;LKA;1967;0.251924122;Asia;LKA
6040;Sri Lanka;LKA;1968;0.270315877;Asia;LKA
6041;Sri Lanka;LKA;1969;0.352573131;Asia;LKA
6042;Sri Lanka;LKA;1970;0.2874642;Asia;LKA
6043;Sri Lanka;LKA;1971;0.251979827;Asia;LKA
6044;Sri Lanka;LKA;1972;0.275431304;Asia;LKA
6045;Sri Lanka;LKA;1973;0.281796807;Asia;LKA
6046;Sri Lanka;LKA;1974;0.220837097;Asia;LKA
6047;Sri Lanka;LKA;1975;0.214651008;Asia;LKA
6048;Sri Lanka;LKA;1976;0.204509368;Asia;LKA
6049;Sri Lanka;LKA;1977;0.209362502;Asia;LKA
6050;Sri Lanka;LKA;1978;0.24317456;Asia;LKA
6051;Sri Lanka;LKA;1979;0.264534826;Asia;LKA
6052;Sri Lanka;LKA;1980;0.231254492;Asia;LKA
6053;Sri Lanka;LKA;1981;0.271684515;Asia;LKA
6054;Sri Lanka;LKA;1982;0.296091669;Asia;LKA
6055;Sri Lanka;LKA;1983;0.31682195;Asia;LKA
6056;Sri Lanka;LKA;1984;0.248885022;Asia;LKA
6057;Sri Lanka;LKA;1985;0.249759689;Asia;LKA
6058;Sri Lanka;LKA;1986;0.229656477;Asia;LKA
6059;Sri Lanka;LKA;1987;0.248826544;Asia;LKA
6060;Sri Lanka;LKA;1988;0.21031291;Asia;LKA
6061;Sri Lanka;LKA;1989;0.207052006;Asia;LKA
6062;Sri Lanka;LKA;1990;0.227369086;Asia;LKA
6063;Sri Lanka;LKA;1991;0.241889906;Asia;LKA
6064;Sri Lanka;LKA;1992;0.297551819;Asia;LKA
6065;Sri Lanka;LKA;1993;0.285737561;Asia;LKA
6066;Sri Lanka;LKA;1994;0.308879828;Asia;LKA
6067;Sri Lanka;LKA;1995;0.325533194;Asia;LKA
6068;Sri Lanka;LKA;1996;0.385178992;Asia;LKA
6069;Sri Lanka;LKA;1997;0.410187365;Asia;LKA
6070;Sri Lanka;LKA;1998;0.416598062;Asia;LKA
6071;Sri Lanka;LKA;1999;0.452217149;Asia;LKA
6072;Sri Lanka;LKA;2000;0.535978641;Asia;LKA
6073;Sri Lanka;LKA;2001;0.555600149;Asia;LKA
6074;Sri Lanka;LKA;2002;0.58432456;Asia;LKA
6075;Sri Lanka;LKA;2003;0.577792051;Asia;LKA
6076;Sri Lanka;LKA;2004;0.632833445;Asia;LKA
6077;Sri Lanka;LKA;2005;0.616020159;Asia;LKA
6078;Sri Lanka;LKA;2006;0.603103132;Asia;LKA
6079;Sri Lanka;LKA;2007;0.616503967;Asia;LKA
6080;Sri Lanka;LKA;2008;0.602955794;Asia;LKA
6081;Sri Lanka;LKA;2009;0.644280244;Asia;LKA
6082;Sri Lanka;LKA;2010;0.64824563;Asia;LKA
6083;Sri Lanka;LKA;2011;0.72992084;Asia;LKA
6129;Lesotho;LSO;2005;0.736886788;Africa;LSO
6130;Lesotho;LSO;2006;0.74460882;Africa;LSO
6131;Lesotho;LSO;2007;0.753779806;Africa;LSO
6132;Lesotho;LSO;2008;1.056111113;Africa;LSO
6133;Lesotho;LSO;2009;1.06118278;Africa;LSO
6134;Lesotho;LSO;2010;1.123489371;Africa;LSO
6135;Lesotho;LSO;2011;1.082269608;Africa;LSO
6168;Lithuania;LTU;1992;5.985945298;Europe;LTU
6169;Lithuania;LTU;1993;4.750772617;Europe;LTU
6170;Lithuania;LTU;1994;4.746758126;Europe;LTU
6171;Lithuania;LTU;1995;4.46514675;Europe;LTU
6172;Lithuania;LTU;1996;4.367884612;Europe;LTU
6173;Lithuania;LTU;1997;4.290482015;Europe;LTU
6174;Lithuania;LTU;1998;4.563434349;Europe;LTU
6175;Lithuania;LTU;1999;3.885259168;Europe;LTU
6176;Lithuania;LTU;2000;3.4862076;Europe;LTU
6177;Lithuania;LTU;2001;3.722131498;Europe;LTU
6178;Lithuania;LTU;2002;3.837334853;Europe;LTU
6179;Lithuania;LTU;2003;3.781659885;Europe;LTU
6180;Lithuania;LTU;2004;3.947068099;Europe;LTU
6181;Lithuania;LTU;2005;4.211634033;Europe;LTU
6182;Lithuania;LTU;2006;4.371365075;Europe;LTU
6183;Lithuania;LTU;2007;4.564324385;Europe;LTU
6184;Lithuania;LTU;2008;4.598897641;Europe;LTU
6185;Lithuania;LTU;2009;3.925637608;Europe;LTU
6186;Lithuania;LTU;2010;4.319017771;Europe;LTU
6187;Lithuania;LTU;2011;4.537558514;Europe;LTU
6188;Luxembourg;LUX;1960;36.6851833;Europe;LUX
6189;Luxembourg;LUX;1961;36.58377756;Europe;LUX
6190;Luxembourg;LUX;1962;36.01262666;Europe;LUX
6191;Luxembourg;LUX;1963;35.32358531;Europe;LUX
6192;Luxembourg;LUX;1964;37.54828986;Europe;LUX
6193;Luxembourg;LUX;1965;36.81380392;Europe;LUX
6194;Luxembourg;LUX;1966;34.80352506;Europe;LUX
6195;Luxembourg;LUX;1967;33.91204645;Europe;LUX
6196;Luxembourg;LUX;1968;36.53351794;Europe;LUX
6197;Luxembourg;LUX;1969;39.0929363;Europe;LUX
6198;Luxembourg;LUX;1970;40.53289639;Europe;LUX
6199;Luxembourg;LUX;1971;38.55254205;Europe;LUX
6200;Luxembourg;LUX;1972;38.93410271;Europe;LUX
6201;Luxembourg;LUX;1973;40.43169639;Europe;LUX
6202;Luxembourg;LUX;1974;40.5895226;Europe;LUX
6203;Luxembourg;LUX;1975;32.99738125;Europe;LUX
6204;Luxembourg;LUX;1976;32.82430121;Europe;LUX
6205;Luxembourg;LUX;1977;30.24053709;Europe;LUX
6206;Luxembourg;LUX;1978;32.7288616;Europe;LUX
6207;Luxembourg;LUX;1979;33.41022885;Europe;LUX
6208;Luxembourg;LUX;1980;30.28056845;Europe;LUX
6209;Luxembourg;LUX;1981;25.81383257;Europe;LUX
6210;Luxembourg;LUX;1982;24.23766363;Europe;LUX
6211;Luxembourg;LUX;1983;22.67666333;Europe;LUX
6212;Luxembourg;LUX;1984;24.39670435;Europe;LUX
6213;Luxembourg;LUX;1985;24.99959095;Europe;LUX
6214;Luxembourg;LUX;1986;24.45960826;Europe;LUX
6215;Luxembourg;LUX;1987;23.38176129;Europe;LUX
6216;Luxembourg;LUX;1988;23.90988084;Europe;LUX
6217;Luxembourg;LUX;1989;25.613572;Europe;LUX
6218;Luxembourg;LUX;1990;26.19765877;Europe;LUX
6219;Luxembourg;LUX;1991;27.43143411;Europe;LUX
6220;Luxembourg;LUX;1992;26.95725378;Europe;LUX
6221;Luxembourg;LUX;1993;27.14211963;Europe;LUX
6222;Luxembourg;LUX;1994;25.29153813;Europe;LUX
6223;Luxembourg;LUX;1995;20.35302784;Europe;LUX
6224;Luxembourg;LUX;1996;20.37000905;Europe;LUX
6225;Luxembourg;LUX;1997;18.92729765;Europe;LUX
6226;Luxembourg;LUX;1998;17.32046621;Europe;LUX
6227;Luxembourg;LUX;1999;17.85476973;Europe;LUX
6228;Luxembourg;LUX;2000;18.88551226;Europe;LUX
6229;Luxembourg;LUX;2001;19.93273314;Europe;LUX
6230;Luxembourg;LUX;2002;21.1057455;Europe;LUX
6231;Luxembourg;LUX;2003;21.93071098;Europe;LUX
6232;Luxembourg;LUX;2004;24.5990264;Europe;LUX
6233;Luxembourg;LUX;2005;24.82464668;Europe;LUX
6234;Luxembourg;LUX;2006;24.01285765;Europe;LUX
6235;Luxembourg;LUX;2007;22.96492241;Europe;LUX
6236;Luxembourg;LUX;2008;22.38547222;Europe;LUX
6237;Luxembourg;LUX;2009;20.87712517;Europe;LUX
6238;Luxembourg;LUX;2010;21.6351358;Europe;LUX
6239;Luxembourg;LUX;2011;20.8978117;Europe;LUX
6272;Latvia;LVA;1992;5.178582111;Europe;LVA
6273;Latvia;LVA;1993;4.723786228;Europe;LVA
6274;Latvia;LVA;1994;4.489297992;Europe;LVA
6275;Latvia;LVA;1995;3.879406742;Europe;LVA
6276;Latvia;LVA;1996;3.863657008;Europe;LVA
6277;Latvia;LVA;1997;3.438117254;Europe;LVA
6278;Latvia;LVA;1998;3.348964054;Europe;LVA
6279;Latvia;LVA;1999;2.856308477;Europe;LVA
6280;Latvia;LVA;2000;2.636157209;Europe;LVA
6281;Latvia;LVA;2001;2.932445222;Europe;LVA
6282;Latvia;LVA;2002;2.879411196;Europe;LVA
6283;Latvia;LVA;2003;3.098098957;Europe;LVA
6284;Latvia;LVA;2004;3.151538008;Europe;LVA
6285;Latvia;LVA;2005;3.205432466;Europe;LVA
6286;Latvia;LVA;2006;3.418456092;Europe;LVA
6287;Latvia;LVA;2007;3.779785259;Europe;LVA
6288;Latvia;LVA;2008;3.629405756;Europe;LVA
6289;Latvia;LVA;2009;3.443266443;Europe;LVA
6290;Latvia;LVA;2010;3.963228139;Europe;LVA
6291;Latvia;LVA;2011;3.786801437;Europe;LVA
6292;Macao SAR, China;MAC;1960;0.299423759;Asia;MAC
6293;Macao SAR, China;MAC;1961;0.397824535;Asia;MAC
6294;Macao SAR, China;MAC;1962;0.526678636;Asia;MAC
6295;Macao SAR, China;MAC;1963;0.563546949;Asia;MAC
6296;Macao SAR, China;MAC;1964;0.649772432;Asia;MAC
6297;Macao SAR, China;MAC;1965;0.638016529;Asia;MAC
6298;Macao SAR, China;MAC;1966;0.693249044;Asia;MAC
6299;Macao SAR, China;MAC;1967;0.726113052;Asia;MAC
6300;Macao SAR, China;MAC;1968;0.711351205;Asia;MAC
6301;Macao SAR, China;MAC;1969;0.687627899;Asia;MAC
6302;Macao SAR, China;MAC;1970;0.818145237;Asia;MAC
6303;Macao SAR, China;MAC;1971;0.89551404;Asia;MAC
6304;Macao SAR, China;MAC;1972;0.908522821;Asia;MAC
6305;Macao SAR, China;MAC;1973;0.884680338;Asia;MAC
6306;Macao SAR, China;MAC;1974;1.06841349;Asia;MAC
6307;Macao SAR, China;MAC;1975;1.196661738;Asia;MAC
6308;Macao SAR, China;MAC;1976;1.028904296;Asia;MAC
6309;Macao SAR, China;MAC;1977;1.263813498;Asia;MAC
6310;Macao SAR, China;MAC;1978;1.709042391;Asia;MAC
6311;Macao SAR, China;MAC;1979;1.704718336;Asia;MAC
6312;Macao SAR, China;MAC;1980;2.14447928;Asia;MAC
6313;Macao SAR, China;MAC;1981;2.122358855;Asia;MAC
6314;Macao SAR, China;MAC;1982;1.855136229;Asia;MAC
6315;Macao SAR, China;MAC;1983;2.510589898;Asia;MAC
6316;Macao SAR, China;MAC;1984;2.132938746;Asia;MAC
6317;Macao SAR, China;MAC;1985;2.475845818;Asia;MAC
6318;Macao SAR, China;MAC;1986;2.834215105;Asia;MAC
6319;Macao SAR, China;MAC;1987;3.011746292;Asia;MAC
6320;Macao SAR, China;MAC;1988;2.870710697;Asia;MAC
6321;Macao SAR, China;MAC;1989;2.95702893;Asia;MAC
6322;Macao SAR, China;MAC;1990;2.874599358;Asia;MAC
6323;Macao SAR, China;MAC;1991;2.9575462;Asia;MAC
6324;Macao SAR, China;MAC;1992;2.873040956;Asia;MAC
6325;Macao SAR, China;MAC;1993;3.085666202;Asia;MAC
6326;Macao SAR, China;MAC;1994;3.275920599;Asia;MAC
6327;Macao SAR, China;MAC;1995;3.119801535;Asia;MAC
6328;Macao SAR, China;MAC;1996;3.492975611;Asia;MAC
6329;Macao SAR, China;MAC;1997;3.640024658;Asia;MAC
6330;Macao SAR, China;MAC;1998;3.738709677;Asia;MAC
6331;Macao SAR, China;MAC;1999;3.602804573;Asia;MAC
6332;Macao SAR, China;MAC;2000;3.786653145;Asia;MAC
6333;Macao SAR, China;MAC;2001;3.850413616;Asia;MAC
6334;Macao SAR, China;MAC;2002;3.434370905;Asia;MAC
6335;Macao SAR, China;MAC;2003;3.408673023;Asia;MAC
6336;Macao SAR, China;MAC;2004;3.766323796;Asia;MAC
6337;Macao SAR, China;MAC;2005;3.924321103;Asia;MAC
6338;Macao SAR, China;MAC;2006;3.401542124;Asia;MAC
6339;Macao SAR, China;MAC;2007;3.131314627;Asia;MAC
6340;Macao SAR, China;MAC;2008;2.638524742;Asia;MAC
6341;Macao SAR, China;MAC;2009;2.792069505;Asia;MAC
6342;Macao SAR, China;MAC;2010;2.242893163;Asia;MAC
6343;Macao SAR, China;MAC;2011;2.133060902;Asia;MAC
6396;Morocco;MAR;1960;0.295357988;Africa;MAR
6397;Morocco;MAR;1961;0.297097241;Africa;MAR
6398;Morocco;MAR;1962;0.235120748;Africa;MAR
6399;Morocco;MAR;1963;0.293609742;Africa;MAR
6400;Morocco;MAR;1964;0.318800881;Africa;MAR
6401;Morocco;MAR;1965;0.299054366;Africa;MAR
6402;Morocco;MAR;1966;0.374048587;Africa;MAR
6403;Morocco;MAR;1967;0.361585777;Africa;MAR
6404;Morocco;MAR;1968;0.367054548;Africa;MAR
6405;Morocco;MAR;1969;0.371421755;Africa;MAR
6406;Morocco;MAR;1970;0.454728485;Africa;MAR
6407;Morocco;MAR;1971;0.50049448;Africa;MAR
6408;Morocco;MAR;1972;0.480813176;Africa;MAR
6409;Morocco;MAR;1973;0.563873271;Africa;MAR
6410;Morocco;MAR;1974;0.637598341;Africa;MAR
6411;Morocco;MAR;1975;0.622304688;Africa;MAR
6412;Morocco;MAR;1976;0.632304872;Africa;MAR
6413;Morocco;MAR;1977;0.679685172;Africa;MAR
6414;Morocco;MAR;1978;0.68343732;Africa;MAR
6415;Morocco;MAR;1979;0.814427613;Africa;MAR
6416;Morocco;MAR;1980;0.794350032;Africa;MAR
6417;Morocco;MAR;1981;0.771048006;Africa;MAR
6418;Morocco;MAR;1982;0.809604185;Africa;MAR
6419;Morocco;MAR;1983;0.824507062;Africa;MAR
6420;Morocco;MAR;1984;0.806276363;Africa;MAR
6421;Morocco;MAR;1985;0.790649621;Africa;MAR
6422;Morocco;MAR;1986;0.817916527;Africa;MAR
6423;Morocco;MAR;1987;0.853839456;Africa;MAR
6424;Morocco;MAR;1988;0.881368217;Africa;MAR
6425;Morocco;MAR;1989;0.935865846;Africa;MAR
6426;Morocco;MAR;1990;0.943567905;Africa;MAR
6427;Morocco;MAR;1991;0.982910745;Africa;MAR
6428;Morocco;MAR;1992;1.006685186;Africa;MAR
6429;Morocco;MAR;1993;1.072326574;Africa;MAR
6430;Morocco;MAR;1994;1.108147816;Africa;MAR
6431;Morocco;MAR;1995;1.118249213;Africa;MAR
6432;Morocco;MAR;1996;1.132027843;Africa;MAR
6433;Morocco;MAR;1997;1.140636752;Africa;MAR
6434;Morocco;MAR;1998;1.132413418;Africa;MAR
6435;Morocco;MAR;1999;1.157953905;Africa;MAR
6436;Morocco;MAR;2000;1.171137629;Africa;MAR
6437;Morocco;MAR;2001;1.289361626;Africa;MAR
6438;Morocco;MAR;2002;1.295188033;Africa;MAR
6439;Morocco;MAR;2003;1.259902656;Africa;MAR
6440;Morocco;MAR;2004;1.439231055;Africa;MAR
6441;Morocco;MAR;2005;1.506360785;Africa;MAR
6442;Morocco;MAR;2006;1.545229558;Africa;MAR
6443;Morocco;MAR;2007;1.620931736;Africa;MAR
6444;Morocco;MAR;2008;1.687375568;Africa;MAR
6445;Morocco;MAR;2009;1.654806038;Africa;MAR
6446;Morocco;MAR;2010;1.742832779;Africa;MAR
6447;Morocco;MAR;2011;1.737915547;Africa;MAR
6532;Moldova;MDA;1992;5.658816244;Europe;MDA
6533;Moldova;MDA;1993;4.222846258;Europe;MDA
6534;Moldova;MDA;1994;3.275561907;Europe;MDA
6535;Moldova;MDA;1995;3.045274155;Europe;MDA
6536;Moldova;MDA;1996;3.141359221;Europe;MDA
6537;Moldova;MDA;1997;1.942777204;Europe;MDA
6538;Moldova;MDA;1998;1.716679461;Europe;MDA
6539;Moldova;MDA;1999;1.234733964;Europe;MDA
6540;Moldova;MDA;2000;0.965214233;Europe;MDA
6541;Moldova;MDA;2001;1.022913361;Europe;MDA
6542;Moldova;MDA;2002;1.100182387;Europe;MDA
6543;Moldova;MDA;2003;1.187528267;Europe;MDA
6544;Moldova;MDA;2004;1.263730162;Europe;MDA
6545;Moldova;MDA;2005;1.361666306;Europe;MDA
6546;Moldova;MDA;2006;1.393071924;Europe;MDA
6547;Moldova;MDA;2007;1.30813803;Europe;MDA
6548;Moldova;MDA;2008;1.337336013;Europe;MDA
6549;Moldova;MDA;2009;1.276290637;Europe;MDA
6550;Moldova;MDA;2010;1.385659642;Europe;MDA
6551;Moldova;MDA;2011;1.398821793;Europe;MDA
6552;Madagascar;MDG;1960;0.078382804;Africa;MDG
6553;Madagascar;MDG;1961;0.068094335;Africa;MDG
6554;Madagascar;MDG;1962;0.07398844;Africa;MDG
6555;Madagascar;MDG;1963;0.084212917;Africa;MDG
6556;Madagascar;MDG;1964;0.086046133;Africa;MDG
6557;Madagascar;MDG;1965;0.096613424;Africa;MDG
6558;Madagascar;MDG;1966;0.097901339;Africa;MDG
6559;Madagascar;MDG;1967;0.138895339;Africa;MDG
6560;Madagascar;MDG;1968;0.146498695;Africa;MDG
6561;Madagascar;MDG;1969;0.132919321;Africa;MDG
6562;Madagascar;MDG;1970;0.147766199;Africa;MDG
6563;Madagascar;MDG;1971;0.151879665;Africa;MDG
6564;Madagascar;MDG;1972;0.185133213;Africa;MDG
6565;Madagascar;MDG;1973;0.150219836;Africa;MDG
6566;Madagascar;MDG;1974;0.161421774;Africa;MDG
6567;Madagascar;MDG;1975;0.223628345;Africa;MDG
6568;Madagascar;MDG;1976;0.127410591;Africa;MDG
6569;Madagascar;MDG;1977;0.105468171;Africa;MDG
6570;Madagascar;MDG;1978;0.123284325;Africa;MDG
6571;Madagascar;MDG;1979;0.133181546;Africa;MDG
6572;Madagascar;MDG;1980;0.185728923;Africa;MDG
6573;Madagascar;MDG;1981;0.115518639;Africa;MDG
6574;Madagascar;MDG;1982;0.110956194;Africa;MDG
6575;Madagascar;MDG;1983;0.071306652;Africa;MDG
6576;Madagascar;MDG;1984;0.098900574;Africa;MDG
6577;Madagascar;MDG;1985;0.1083812;Africa;MDG
6578;Madagascar;MDG;1986;0.115036211;Africa;MDG
6579;Madagascar;MDG;1987;0.125664328;Africa;MDG
6580;Madagascar;MDG;1988;0.122370908;Africa;MDG
6581;Madagascar;MDG;1989;0.086393633;Africa;MDG
6582;Madagascar;MDG;1990;0.085435789;Africa;MDG
6583;Madagascar;MDG;1991;0.09030147;Africa;MDG
6584;Madagascar;MDG;1992;0.085217189;Africa;MDG
6585;Madagascar;MDG;1993;0.084686453;Africa;MDG
6586;Madagascar;MDG;1994;0.100956889;Africa;MDG
6587;Madagascar;MDG;1995;0.09758658;Africa;MDG
6588;Madagascar;MDG;1996;0.101694951;Africa;MDG
6589;Madagascar;MDG;1997;0.118742384;Africa;MDG
6590;Madagascar;MDG;1998;0.117520568;Africa;MDG
6591;Madagascar;MDG;1999;0.126134972;Africa;MDG
6592;Madagascar;MDG;2000;0.119012988;Africa;MDG
6593;Madagascar;MDG;2001;0.107283198;Africa;MDG
6594;Madagascar;MDG;2002;0.073839439;Africa;MDG
6595;Madagascar;MDG;2003;0.098664011;Africa;MDG
6596;Madagascar;MDG;2004;0.101772992;Africa;MDG
6597;Madagascar;MDG;2005;0.095231683;Africa;MDG
6598;Madagascar;MDG;2006;0.089405156;Africa;MDG
6599;Madagascar;MDG;2007;0.093705131;Africa;MDG
6600;Madagascar;MDG;2008;0.099740761;Africa;MDG
6601;Madagascar;MDG;2009;0.092499326;Africa;MDG
6602;Madagascar;MDG;2010;0.098983365;Africa;MDG
6603;Madagascar;MDG;2011;0.112992805;Africa;MDG
6615;Maldives;MDV;1971;0.030733772;Asia;MDV
6616;Maldives;MDV;1972;0.029723114;Asia;MDV
6617;Maldives;MDV;1973;0.028711918;Asia;MDV
6618;Maldives;MDV;1974;0.027754651;Asia;MDV
6619;Maldives;MDV;1975;0.053754929;Asia;MDV
6620;Maldives;MDV;1976;0.078253261;Asia;MDV
6621;Maldives;MDV;1977;0.101406893;Asia;MDV
6622;Maldives;MDV;1978;0.147865884;Asia;MDV
6623;Maldives;MDV;1979;0.191382066;Asia;MDV
6624;Maldives;MDV;1980;0.278010134;Asia;MDV
6625;Maldives;MDV;1981;0.290971349;Asia;MDV
6626;Maldives;MDV;1982;0.280647117;Asia;MDV
6627;Maldives;MDV;1983;0.291266212;Asia;MDV
6628;Maldives;MDV;1984;0.320850468;Asia;MDV
6629;Maldives;MDV;1985;0.348222906;Asia;MDV
6630;Maldives;MDV;1986;0.411008595;Asia;MDV
6631;Maldives;MDV;1987;0.397293397;Asia;MDV
6632;Maldives;MDV;1988;0.454373022;Asia;MDV
6633;Maldives;MDV;1989;0.575738965;Asia;MDV
6634;Maldives;MDV;1990;0.706486239;Asia;MDV
6635;Maldives;MDV;1991;0.759246696;Asia;MDV
6636;Maldives;MDV;1992;1.081294872;Asia;MDV
6637;Maldives;MDV;1993;0.894020661;Asia;MDV
6638;Maldives;MDV;1994;0.898040816;Asia;MDV
6639;Maldives;MDV;1995;1.078529412;Asia;MDV
6640;Maldives;MDV;1996;1.217667939;Asia;MDV
6641;Maldives;MDV;1997;1.389015152;Asia;MDV
6642;Maldives;MDV;1998;1.231354244;Asia;MDV
6643;Maldives;MDV;1999;1.663246429;Asia;MDV
6644;Maldives;MDV;2000;1.743748252;Asia;MDV
6645;Maldives;MDV;2001;1.971640411;Asia;MDV
6646;Maldives;MDV;2002;2.321198653;Asia;MDV
6647;Maldives;MDV;2003;1.9661875;Asia;MDV
6648;Maldives;MDV;2004;2.491679487;Asia;MDV
6649;Maldives;MDV;2005;2.181922118;Asia;MDV
6650;Maldives;MDV;2006;2.664906907;Asia;MDV
6651;Maldives;MDV;2007;2.626790831;Asia;MDV
6652;Maldives;MDV;2008;2.78570442;Asia;MDV
6653;Maldives;MDV;2009;2.964158333;Asia;MDV
6654;Maldives;MDV;2010;2.927604905;Asia;MDV
6655;Maldives;MDV;2011;2.927763926;Asia;MDV
6656;Mexico;MEX;1960;1.653382289;North America;MEX
6657;Mexico;MEX;1961;1.657749804;North America;MEX
6658;Mexico;MEX;1962;1.569744418;North America;MEX
6659;Mexico;MEX;1963;1.58230541;North America;MEX
6660;Mexico;MEX;1964;1.716861446;North America;MEX
6661;Mexico;MEX;1965;1.686277724;North America;MEX
6662;Mexico;MEX;1966;1.758943777;North America;MEX
6663;Mexico;MEX;1967;1.899698633;North America;MEX
6664;Mexico;MEX;1968;1.92231424;North America;MEX
6665;Mexico;MEX;1969;2.028579029;North America;MEX
6666;Mexico;MEX;1970;2.192453299;North America;MEX
6667;Mexico;MEX;1971;2.351828302;North America;MEX
6668;Mexico;MEX;1972;2.387510374;North America;MEX
6669;Mexico;MEX;1973;2.518930113;North America;MEX
6670;Mexico;MEX;1974;2.623226578;North America;MEX
6671;Mexico;MEX;1975;2.701918878;North America;MEX
6672;Mexico;MEX;1976;2.940564503;North America;MEX
6673;Mexico;MEX;1977;2.997426827;North America;MEX
6674;Mexico;MEX;1978;3.372164663;North America;MEX
6675;Mexico;MEX;1979;3.558567727;North America;MEX
6676;Mexico;MEX;1980;3.872060646;North America;MEX
6677;Mexico;MEX;1981;4.010245136;North America;MEX
6678;Mexico;MEX;1982;4.201876427;North America;MEX
6679;Mexico;MEX;1983;3.755968705;North America;MEX
6680;Mexico;MEX;1984;3.666408698;North America;MEX
6681;Mexico;MEX;1985;3.73113507;North America;MEX
6682;Mexico;MEX;1986;3.731456738;North America;MEX
6683;Mexico;MEX;1987;3.814730901;North America;MEX
6684;Mexico;MEX;1988;3.734559364;North America;MEX
6685;Mexico;MEX;1989;4.313120483;North America;MEX
6686;Mexico;MEX;1990;3.671223269;North America;MEX
6687;Mexico;MEX;1991;3.736513261;North America;MEX
6688;Mexico;MEX;1992;3.688685;North America;MEX
6689;Mexico;MEX;1993;3.63580804;North America;MEX
6690;Mexico;MEX;1994;3.756963236;North America;MEX
6691;Mexico;MEX;1995;3.476675418;North America;MEX
6692;Mexico;MEX;1996;3.550384382;North America;MEX
6693;Mexico;MEX;1997;3.666519746;North America;MEX
6694;Mexico;MEX;1998;3.754438468;North America;MEX
6695;Mexico;MEX;1999;3.778220651;North America;MEX
6696;Mexico;MEX;2000;3.720588299;North America;MEX
6697;Mexico;MEX;2001;3.795452375;North America;MEX
6698;Mexico;MEX;2002;3.711551504;North America;MEX
6699;Mexico;MEX;2003;3.797591662;North America;MEX
6700;Mexico;MEX;2004;3.803581325;North America;MEX
6701;Mexico;MEX;2005;3.967619346;North America;MEX
6702;Mexico;MEX;2006;3.99784272;North America;MEX
6703;Mexico;MEX;2007;4.055762037;North America;MEX
6704;Mexico;MEX;2008;4.126988108;North America;MEX
6705;Mexico;MEX;2009;3.857149599;North America;MEX
6706;Mexico;MEX;2010;3.752090816;North America;MEX
6707;Mexico;MEX;2011;3.876107611;North America;MEX
6738;Marshall Islands;MHL;1990;1.007843552;Oceania;MHL
6739;Marshall Islands;MHL;1991;1.058930303;Oceania;MHL
6740;Marshall Islands;MHL;1992;1.113867401;Oceania;MHL
6741;Marshall Islands;MHL;1993;1.245484696;Oceania;MHL
6742;Marshall Islands;MHL;1994;1.305059612;Oceania;MHL
6743;Marshall Islands;MHL;1995;1.29372795;Oceania;MHL
6744;Marshall Islands;MHL;1996;1.28423838;Oceania;MHL
6745;Marshall Islands;MHL;1997;1.276785887;Oceania;MHL
6746;Marshall Islands;MHL;1998;1.341878202;Oceania;MHL
6747;Marshall Islands;MHL;1999;1.267493663;Oceania;MHL
6748;Marshall Islands;MHL;2000;1.476332892;Oceania;MHL
6749;Marshall Islands;MHL;2001;1.545952782;Oceania;MHL
6750;Marshall Islands;MHL;2002;1.616936025;Oceania;MHL
6751;Marshall Islands;MHL;2003;1.618363235;Oceania;MHL
6752;Marshall Islands;MHL;2004;1.690056458;Oceania;MHL
6753;Marshall Islands;MHL;2005;1.620135234;Oceania;MHL
6754;Marshall Islands;MHL;2006;1.760272657;Oceania;MHL
6755;Marshall Islands;MHL;2007;1.899052478;Oceania;MHL
6756;Marshall Islands;MHL;2008;1.895961395;Oceania;MHL
6757;Marshall Islands;MHL;2009;1.962424266;Oceania;MHL
6758;Marshall Islands;MHL;2010;1.958419165;Oceania;MHL
6759;Marshall Islands;MHL;2011;1.954207191;Oceania;MHL
6792;Macedonia, FYR;MKD;1992;5.451255998;Europe;MKD
6793;Macedonia, FYR;MKD;1993;5.262768433;Europe;MKD
6794;Macedonia, FYR;MKD;1994;5.351943727;Europe;MKD
6795;Macedonia, FYR;MKD;1995;5.54871147;Europe;MKD
6796;Macedonia, FYR;MKD;1996;5.995871936;Europe;MKD
6797;Macedonia, FYR;MKD;1997;5.399917231;Europe;MKD
6798;Macedonia, FYR;MKD;1998;6.362873581;Europe;MKD
6799;Macedonia, FYR;MKD;1999;5.863569979;Europe;MKD
6800;Macedonia, FYR;MKD;2000;5.996085586;Europe;MKD
6801;Macedonia, FYR;MKD;2001;5.93515682;Europe;MKD
6802;Macedonia, FYR;MKD;2002;5.390132429;Europe;MKD
6803;Macedonia, FYR;MKD;2003;5.560065173;Europe;MKD
6804;Macedonia, FYR;MKD;2004;5.490307313;Europe;MKD
6805;Macedonia, FYR;MKD;2005;5.521427935;Europe;MKD
6806;Macedonia, FYR;MKD;2006;5.342890985;Europe;MKD
6807;Macedonia, FYR;MKD;2007;4.627931191;Europe;MKD
6808;Macedonia, FYR;MKD;2008;4.574681817;Europe;MKD
6809;Macedonia, FYR;MKD;2009;4.224605133;Europe;MKD
6810;Macedonia, FYR;MKD;2010;4.171161094;Europe;MKD
6811;Macedonia, FYR;MKD;2011;4.519210141;Europe;MKD
6812;Mali;MLI;1960;0.022989591;Africa;MLI
6813;Mali;MLI;1961;0.022047748;Africa;MLI
6814;Mali;MLI;1962;0.025894154;Africa;MLI
6815;Mali;MLI;1963;0.032346303;Africa;MLI
6816;Mali;MLI;1964;0.031981115;Africa;MLI
6817;Mali;MLI;1965;0.03556048;Africa;MLI
6818;Mali;MLI;1966;0.033834061;Africa;MLI
6819;Mali;MLI;1967;0.039200708;Africa;MLI
6820;Mali;MLI;1968;0.034254227;Africa;MLI
6821;Mali;MLI;1969;0.02752716;Africa;MLI
6822;Mali;MLI;1970;0.033902091;Africa;MLI
6823;Mali;MLI;1971;0.037613168;Africa;MLI
6824;Mali;MLI;1972;0.039965944;Africa;MLI
6825;Mali;MLI;1973;0.042788169;Africa;MLI
6826;Mali;MLI;1974;0.047792749;Africa;MLI
6827;Mali;MLI;1975;0.052609762;Africa;MLI
6828;Mali;MLI;1976;0.051696295;Africa;MLI
6829;Mali;MLI;1977;0.061730834;Africa;MLI
6830;Mali;MLI;1978;0.057971787;Africa;MLI
6831;Mali;MLI;1979;0.061672076;Africa;MLI
6832;Mali;MLI;1980;0.055340209;Africa;MLI
6833;Mali;MLI;1981;0.054747406;Africa;MLI
6834;Mali;MLI;1982;0.049643486;Africa;MLI
6835;Mali;MLI;1983;0.055425233;Africa;MLI
6836;Mali;MLI;1984;0.056726799;Africa;MLI
6837;Mali;MLI;1985;0.05197174;Africa;MLI
6838;Mali;MLI;1986;0.047926267;Africa;MLI
6839;Mali;MLI;1987;0.044513573;Africa;MLI
6840;Mali;MLI;1988;0.047012912;Africa;MLI
6841;Mali;MLI;1989;0.050228495;Africa;MLI
6842;Mali;MLI;1990;0.049717198;Africa;MLI
6843;Mali;MLI;1991;0.050316394;Africa;MLI
6844;Mali;MLI;1992;0.049904394;Africa;MLI
6845;Mali;MLI;1993;0.049795821;Africa;MLI
6846;Mali;MLI;1994;0.049239269;Africa;MLI
6847;Mali;MLI;1995;0.048687209;Africa;MLI
6848;Mali;MLI;1996;0.049258538;Africa;MLI
6849;Mali;MLI;1997;0.051571696;Africa;MLI
6850;Mali;MLI;1998;0.073025275;Africa;MLI
6851;Mali;MLI;1999;0.074115018;Africa;MLI
6852;Mali;MLI;2000;0.074356251;Africa;MLI
6853;Mali;MLI;2001;0.072849433;Africa;MLI
6854;Mali;MLI;2002;0.072257594;Africa;MLI
6855;Mali;MLI;2003;0.069767498;Africa;MLI
6856;Mali;MLI;2004;0.070254352;Africa;MLI
6857;Mali;MLI;2005;0.069745223;Africa;MLI
6858;Mali;MLI;2006;0.070805643;Africa;MLI
6859;Mali;MLI;2007;0.073290823;Africa;MLI
6860;Mali;MLI;2008;0.075281844;Africa;MLI
6861;Mali;MLI;2009;0.078108539;Africa;MLI
6862;Mali;MLI;2010;0.081476607;Africa;MLI
6863;Mali;MLI;2011;0.079956379;Africa;MLI
6864;Malta;MLT;1960;1.044345429;Europe;MLT
6865;Malta;MLT;1961;0.901952344;Europe;MLT
6866;Malta;MLT;1962;1.018925594;Europe;MLT
6867;Malta;MLT;1963;1.273303364;Europe;MLT
6868;Malta;MLT;1964;1.552410895;Europe;MLT
6869;Malta;MLT;1965;1.483823714;Europe;MLT
6870;Malta;MLT;1966;1.314628807;Europe;MLT
6871;Malta;MLT;1967;1.671365752;Europe;MLT
6872;Malta;MLT;1968;2.072289704;Europe;MLT
6873;Malta;MLT;1969;2.145008216;Europe;MLT
6874;Malta;MLT;1970;2.193051379;Europe;MLT
6875;Malta;MLT;1971;2.180574827;Europe;MLT
6876;Malta;MLT;1972;2.776468838;Europe;MLT
6877;Malta;MLT;1973;2.669556585;Europe;MLT
6878;Malta;MLT;1974;2.464936622;Europe;MLT
6879;Malta;MLT;1975;2.193772968;Europe;MLT
6880;Malta;MLT;1976;2.494443609;Europe;MLT
6881;Malta;MLT;1977;2.616128612;Europe;MLT
6882;Malta;MLT;1978;3.014633344;Europe;MLT
6883;Malta;MLT;1979;2.890608345;Europe;MLT
6884;Malta;MLT;1980;3.231041071;Europe;MLT
6885;Malta;MLT;1981;3.586735302;Europe;MLT
6886;Malta;MLT;1982;4.028211281;Europe;MLT
6887;Malta;MLT;1983;3.01770522;Europe;MLT
6888;Malta;MLT;1984;4.126294265;Europe;MLT
6889;Malta;MLT;1985;3.563982381;Europe;MLT
6890;Malta;MLT;1986;4.340964162;Europe;MLT
6891;Malta;MLT;1987;5.386307096;Europe;MLT
6892;Malta;MLT;1988;5.79625135;Europe;MLT
6893;Malta;MLT;1989;6.189700104;Europe;MLT
6894;Malta;MLT;1990;6.150148234;Europe;MLT
6895;Malta;MLT;1991;5.801971895;Europe;MLT
6896;Malta;MLT;1992;5.653875325;Europe;MLT
6897;Malta;MLT;1993;7.319842941;Europe;MLT
6898;Malta;MLT;1994;6.627570725;Europe;MLT
6899;Malta;MLT;1995;5.741551104;Europe;MLT
6900;Malta;MLT;1996;6.031525114;Europe;MLT
6901;Malta;MLT;1997;6.723491349;Europe;MLT
6902;Malta;MLT;1998;5.682394918;Europe;MLT
6903;Malta;MLT;1999;6.186419232;Europe;MLT
6904;Malta;MLT;2000;5.413532514;Europe;MLT
6905;Malta;MLT;2001;6.325824114;Europe;MLT
6906;Malta;MLT;2002;5.806537886;Europe;MLT
6907;Malta;MLT;2003;6.476880542;Europe;MLT
6908;Malta;MLT;2004;6.415248662;Europe;MLT
6909;Malta;MLT;2005;6.683221324;Europe;MLT
6910;Malta;MLT;2006;6.351303206;Europe;MLT
6911;Malta;MLT;2007;6.698844917;Europe;MLT
6912;Malta;MLT;2008;6.252313871;Europe;MLT
6913;Malta;MLT;2009;5.796405618;Europe;MLT
6914;Malta;MLT;2010;6.316495701;Europe;MLT
6915;Malta;MLT;2011;6.034321639;Europe;MLT
6916;Myanmar;MMR;1960;0.126463436;Asia;MMR
6917;Myanmar;MMR;1961;0.118050129;Asia;MMR
6918;Myanmar;MMR;1962;0.128404767;Asia;MMR
6919;Myanmar;MMR;1963;0.114896942;Asia;MMR
6920;Myanmar;MMR;1964;0.12186273;Asia;MMR
6921;Myanmar;MMR;1965;0.113565138;Asia;MMR
6922;Myanmar;MMR;1966;0.114151975;Asia;MMR
6923;Myanmar;MMR;1967;0.143519517;Asia;MMR
6924;Myanmar;MMR;1968;0.113329397;Asia;MMR
6925;Myanmar;MMR;1969;0.121337497;Asia;MMR
6926;Myanmar;MMR;1970;0.169945717;Asia;MMR
6927;Myanmar;MMR;1971;0.183372078;Asia;MMR
6928;Myanmar;MMR;1972;0.171794451;Asia;MMR
6929;Myanmar;MMR;1973;0.140730955;Asia;MMR
6930;Myanmar;MMR;1974;0.156280778;Asia;MMR
6931;Myanmar;MMR;1975;0.149716773;Asia;MMR
6932;Myanmar;MMR;1976;0.156125559;Asia;MMR
6933;Myanmar;MMR;1977;0.161034078;Asia;MMR
6934;Myanmar;MMR;1978;0.156731606;Asia;MMR
6935;Myanmar;MMR;1979;0.151467573;Asia;MMR
6936;Myanmar;MMR;1980;0.160314991;Asia;MMR
6937;Myanmar;MMR;1981;0.159860002;Asia;MMR
6938;Myanmar;MMR;1982;0.155115745;Asia;MMR
6939;Myanmar;MMR;1983;0.156442064;Asia;MMR
6940;Myanmar;MMR;1984;0.17419051;Asia;MMR
6941;Myanmar;MMR;1985;0.174261632;Asia;MMR
6942;Myanmar;MMR;1986;0.172941997;Asia;MMR
6943;Myanmar;MMR;1987;0.124386279;Asia;MMR
6944;Myanmar;MMR;1988;0.101152603;Asia;MMR
6945;Myanmar;MMR;1989;0.10784868;Asia;MMR
6946;Myanmar;MMR;1990;0.101785192;Asia;MMR
6947;Myanmar;MMR;1991;0.098158569;Asia;MMR
6948;Myanmar;MMR;1992;0.11334419;Asia;MMR
6949;Myanmar;MMR;1993;0.122422917;Asia;MMR
6950;Myanmar;MMR;1994;0.141402173;Asia;MMR
6951;Myanmar;MMR;1995;0.155665871;Asia;MMR
6952;Myanmar;MMR;1996;0.160230751;Asia;MMR
6953;Myanmar;MMR;1997;0.163391504;Asia;MMR
6954;Myanmar;MMR;1998;0.173693247;Asia;MMR
6955;Myanmar;MMR;1999;0.190406875;Asia;MMR
6956;Myanmar;MMR;2000;0.211620752;Asia;MMR
6957;Myanmar;MMR;2001;0.181007764;Asia;MMR
6958;Myanmar;MMR;2002;0.189111647;Asia;MMR
6959;Myanmar;MMR;2003;0.200315418;Asia;MMR
6960;Myanmar;MMR;2004;0.250788767;Asia;MMR
6961;Myanmar;MMR;2005;0.232338857;Asia;MMR
6962;Myanmar;MMR;2006;0.250435369;Asia;MMR
6963;Myanmar;MMR;2007;0.249246107;Asia;MMR
6964;Myanmar;MMR;2008;0.176918537;Asia;MMR
6965;Myanmar;MMR;2009;0.202232171;Asia;MMR
6966;Myanmar;MMR;2010;0.173734652;Asia;MMR
6967;Myanmar;MMR;2011;0.200285212;Asia;MMR
7013;Montenegro;MNE;2005;3.34904381;Europe;MNE
7014;Montenegro;MNE;2006;3.875533515;Europe;MNE
7015;Montenegro;MNE;2007;3.655836006;Europe;MNE
7016;Montenegro;MNE;2008;4.457679397;Europe;MNE
7017;Montenegro;MNE;2009;2.953556075;Europe;MNE
7018;Montenegro;MNE;2010;4.167664361;Europe;MNE
7019;Montenegro;MNE;2011;4.145547583;Europe;MNE
7020;Mongolia;MNG;1960;1.354716938;Asia;MNG
7021;Mongolia;MNG;1961;1.418741982;Asia;MNG
7022;Mongolia;MNG;1962;1.950747927;Asia;MNG
7023;Mongolia;MNG;1963;1.537322654;Asia;MNG
7024;Mongolia;MNG;1964;1.904284437;Asia;MNG
7025;Mongolia;MNG;1965;1.768705431;Asia;MNG
7026;Mongolia;MNG;1966;1.714543493;Asia;MNG
7027;Mongolia;MNG;1967;1.83477215;Asia;MNG
7028;Mongolia;MNG;1968;2.056617138;Asia;MNG
7029;Mongolia;MNG;1969;2.160856471;Asia;MNG
7030;Mongolia;MNG;1970;2.228028855;Asia;MNG
7031;Mongolia;MNG;1971;2.305362974;Asia;MNG
7032;Mongolia;MNG;1972;2.41913466;Asia;MNG
7033;Mongolia;MNG;1973;2.490496348;Asia;MNG
7034;Mongolia;MNG;1974;2.607953988;Asia;MNG
7035;Mongolia;MNG;1975;2.748422262;Asia;MNG
7036;Mongolia;MNG;1976;2.895764581;Asia;MNG
7037;Mongolia;MNG;1977;3.182955962;Asia;MNG
7038;Mongolia;MNG;1978;3.605480489;Asia;MNG
7039;Mongolia;MNG;1979;3.826726867;Asia;MNG
7040;Mongolia;MNG;1980;4.071497649;Asia;MNG
7041;Mongolia;MNG;1981;3.833103257;Asia;MNG
7042;Mongolia;MNG;1982;3.803704393;Asia;MNG
7043;Mongolia;MNG;1983;3.837526567;Asia;MNG
7044;Mongolia;MNG;1984;3.44732928;Asia;MNG
7045;Mongolia;MNG;1985;4.697551622;Asia;MNG
7046;Mongolia;MNG;1986;4.894748853;Asia;MNG
7047;Mongolia;MNG;1987;5.206508979;Asia;MNG
7048;Mongolia;MNG;1988;5.548626703;Asia;MNG
7049;Mongolia;MNG;1989;4.936134696;Asia;MNG
7050;Mongolia;MNG;1990;4.598555957;Asia;MNG
7051;Mongolia;MNG;1991;5.504005104;Asia;MNG
7052;Mongolia;MNG;1992;4.937810284;Asia;MNG
7053;Mongolia;MNG;1993;4.115484066;Asia;MNG
7054;Mongolia;MNG;1994;3.490933767;Asia;MNG
7055;Mongolia;MNG;1995;3.448327225;Asia;MNG
7056;Mongolia;MNG;1996;3.471394142;Asia;MNG
7057;Mongolia;MNG;1997;3.301674363;Asia;MNG
7058;Mongolia;MNG;1998;3.272233515;Asia;MNG
7059;Mongolia;MNG;1999;3.179080577;Asia;MNG
7060;Mongolia;MNG;2000;3.130987746;Asia;MNG
7061;Mongolia;MNG;2001;3.258236769;Asia;MNG
7062;Mongolia;MNG;2002;3.391614416;Asia;MNG
7063;Mongolia;MNG;2003;3.254050453;Asia;MNG
7064;Mongolia;MNG;2004;3.42520711;Asia;MNG
7065;Mongolia;MNG;2005;3.422508368;Asia;MNG
7066;Mongolia;MNG;2006;3.712170957;Asia;MNG
7067;Mongolia;MNG;2007;3.892192769;Asia;MNG
7068;Mongolia;MNG;2008;3.81388549;Asia;MNG
7069;Mongolia;MNG;2009;4.140116094;Asia;MNG
7070;Mongolia;MNG;2010;4.243335224;Asia;MNG
7071;Mongolia;MNG;2011;6.915146531;Asia;MNG
7124;Mozambique;MOZ;1960;0.251537178;Africa;MOZ
7125;Mozambique;MOZ;1961;0.344472864;Africa;MOZ
7126;Mozambique;MOZ;1962;0.25482922;Africa;MOZ
7127;Mozambique;MOZ;1963;0.208649094;Africa;MOZ
7128;Mozambique;MOZ;1964;0.263434297;Africa;MOZ
7129;Mozambique;MOZ;1965;0.241588917;Africa;MOZ
7130;Mozambique;MOZ;1966;0.250738797;Africa;MOZ
7131;Mozambique;MOZ;1967;0.216165511;Africa;MOZ
7132;Mozambique;MOZ;1968;0.313693886;Africa;MOZ
7133;Mozambique;MOZ;1969;0.357847287;Africa;MOZ
7134;Mozambique;MOZ;1970;0.322275196;Africa;MOZ
7135;Mozambique;MOZ;1971;0.381848624;Africa;MOZ
7136;Mozambique;MOZ;1972;0.340948782;Africa;MOZ
7137;Mozambique;MOZ;1973;0.359994473;Africa;MOZ
7138;Mozambique;MOZ;1974;0.310611117;Africa;MOZ
7139;Mozambique;MOZ;1975;0.277359827;Africa;MOZ
7140;Mozambique;MOZ;1976;0.239352972;Africa;MOZ
7141;Mozambique;MOZ;1977;0.246646287;Africa;MOZ
7142;Mozambique;MOZ;1978;0.253966594;Africa;MOZ
7143;Mozambique;MOZ;1979;0.227233989;Africa;MOZ
7144;Mozambique;MOZ;1980;0.268810583;Africa;MOZ
7145;Mozambique;MOZ;1981;0.203613801;Africa;MOZ
7146;Mozambique;MOZ;1982;0.203105708;Africa;MOZ
7147;Mozambique;MOZ;1983;0.154815918;Africa;MOZ
7148;Mozambique;MOZ;1984;0.118478818;Africa;MOZ
7149;Mozambique;MOZ;1985;0.087596167;Africa;MOZ
7150;Mozambique;MOZ;1986;0.074704352;Africa;MOZ
7151;Mozambique;MOZ;1987;0.074776854;Africa;MOZ
7152;Mozambique;MOZ;1988;0.077115972;Africa;MOZ
7153;Mozambique;MOZ;1989;0.079004147;Africa;MOZ
7154;Mozambique;MOZ;1990;0.07486488;Africa;MOZ
7155;Mozambique;MOZ;1991;0.074837537;Africa;MOZ
7156;Mozambique;MOZ;1992;0.070479577;Africa;MOZ
7157;Mozambique;MOZ;1993;0.072963385;Africa;MOZ
7158;Mozambique;MOZ;1994;0.06969729;Africa;MOZ
7159;Mozambique;MOZ;1995;0.069823034;Africa;MOZ
7160;Mozambique;MOZ;1996;0.063460006;Africa;MOZ
7161;Mozambique;MOZ;1997;0.066720556;Africa;MOZ
7162;Mozambique;MOZ;1998;0.065431564;Africa;MOZ
7163;Mozambique;MOZ;1999;0.066845031;Africa;MOZ
7164;Mozambique;MOZ;2000;0.073883946;Africa;MOZ
7165;Mozambique;MOZ;2001;0.084102117;Africa;MOZ
7166;Mozambique;MOZ;2002;0.082062866;Africa;MOZ
7167;Mozambique;MOZ;2003;0.096236113;Africa;MOZ
7168;Mozambique;MOZ;2004;0.093626327;Africa;MOZ
7169;Mozambique;MOZ;2005;0.086265298;Africa;MOZ
7170;Mozambique;MOZ;2006;0.091093604;Africa;MOZ
7171;Mozambique;MOZ;2007;0.10692857;Africa;MOZ
7172;Mozambique;MOZ;2008;0.101742097;Africa;MOZ
7173;Mozambique;MOZ;2009;0.108702094;Africa;MOZ
7174;Mozambique;MOZ;2010;0.118205418;Africa;MOZ
7175;Mozambique;MOZ;2011;0.131189805;Africa;MOZ
7176;Mauritania;MRT;1960;0.042730461;Africa;MRT
7177;Mauritania;MRT;1961;0.053973911;Africa;MRT
7178;Mauritania;MRT;1962;0.068566784;Africa;MRT
7179;Mauritania;MRT;1963;0.094024235;Africa;MRT
7180;Mauritania;MRT;1964;0.121758223;Africa;MRT
7181;Mauritania;MRT;1965;0.162588878;Africa;MRT
7182;Mauritania;MRT;1966;0.175835715;Africa;MRT
7183;Mauritania;MRT;1967;0.188179058;Africa;MRT
7184;Mauritania;MRT;1968;0.216584563;Africa;MRT
7185;Mauritania;MRT;1969;0.246484554;Africa;MRT
7186;Mauritania;MRT;1970;0.373431989;Africa;MRT
7187;Mauritania;MRT;1971;0.337888067;Africa;MRT
7188;Mauritania;MRT;1972;0.367328674;Africa;MRT
7189;Mauritania;MRT;1973;0.374351093;Africa;MRT
7190;Mauritania;MRT;1974;0.375008425;Africa;MRT
7191;Mauritania;MRT;1975;0.383621575;Africa;MRT
7192;Mauritania;MRT;1976;0.378057822;Africa;MRT
7193;Mauritania;MRT;1977;0.395975905;Africa;MRT
7194;Mauritania;MRT;1978;0.402476351;Africa;MRT
7195;Mauritania;MRT;1979;0.405856276;Africa;MRT
7196;Mauritania;MRT;1980;0.411140191;Africa;MRT
7197;Mauritania;MRT;1981;0.420456928;Africa;MRT
7198;Mauritania;MRT;1982;0.54407533;Africa;MRT
7199;Mauritania;MRT;1983;0.56176365;Africa;MRT
7200;Mauritania;MRT;1984;0.507811695;Africa;MRT
7201;Mauritania;MRT;1985;0.371503604;Africa;MRT
7202;Mauritania;MRT;1986;0.206000797;Africa;MRT
7203;Mauritania;MRT;1987;1.761396752;Africa;MRT
7204;Mauritania;MRT;1988;1.685919822;Africa;MRT
7205;Mauritania;MRT;1989;1.447154459;Africa;MRT
7206;Mauritania;MRT;1990;1.317366758;Africa;MRT
7207;Mauritania;MRT;1991;1.321738654;Africa;MRT
7208;Mauritania;MRT;1992;1.374107698;Africa;MRT
7209;Mauritania;MRT;1993;1.343777884;Africa;MRT
7210;Mauritania;MRT;1994;1.376695217;Africa;MRT
7211;Mauritania;MRT;1995;1.271056648;Africa;MRT
7212;Mauritania;MRT;1996;1.237192354;Africa;MRT
7213;Mauritania;MRT;1997;1.195090599;Africa;MRT
7214;Mauritania;MRT;1998;0.416797802;Africa;MRT
7215;Mauritania;MRT;1999;0.430869425;Africa;MRT
7216;Mauritania;MRT;2000;0.432776762;Africa;MRT
7217;Mauritania;MRT;2001;0.458948358;Africa;MRT
7218;Mauritania;MRT;2002;0.469073434;Africa;MRT
7219;Mauritania;MRT;2003;0.467206623;Africa;MRT
7220;Mauritania;MRT;2004;0.501315548;Africa;MRT
7221;Mauritania;MRT;2005;0.503413825;Africa;MRT
7222;Mauritania;MRT;2006;0.496585807;Africa;MRT
7223;Mauritania;MRT;2007;0.55418962;Africa;MRT
7224;Mauritania;MRT;2008;0.567036613;Africa;MRT
7225;Mauritania;MRT;2009;0.608387039;Africa;MRT
7226;Mauritania;MRT;2010;0.595272317;Africa;MRT
7227;Mauritania;MRT;2011;0.627225464;Africa;MRT
7228;Mauritius;MUS;1960;0.272514943;Africa;MUS
7229;Mauritius;MUS;1961;0.274719173;Africa;MUS
7230;Mauritius;MUS;1962;0.361281304;Africa;MUS
7231;Mauritius;MUS;1963;0.290764139;Africa;MUS
7232;Mauritius;MUS;1964;0.418299766;Africa;MUS
7233;Mauritius;MUS;1965;0.404197875;Africa;MUS
7234;Mauritius;MUS;1966;0.357726781;Africa;MUS
7235;Mauritius;MUS;1967;0.636179596;Africa;MUS
7236;Mauritius;MUS;1968;0.799157829;Africa;MUS
7237;Mauritius;MUS;1969;0.704146331;Africa;MUS
7238;Mauritius;MUS;1970;0.603767554;Africa;MUS
7239;Mauritius;MUS;1971;0.471904007;Africa;MUS
7240;Mauritius;MUS;1972;0.809099903;Africa;MUS
7241;Mauritius;MUS;1973;0.784435818;Africa;MUS
7242;Mauritius;MUS;1974;0.789327845;Africa;MUS
7243;Mauritius;MUS;1975;0.661868834;Africa;MUS
7244;Mauritius;MUS;1976;0.683638405;Africa;MUS
7245;Mauritius;MUS;1977;0.696483206;Africa;MUS
7246;Mauritius;MUS;1978;0.675655785;Africa;MUS
7247;Mauritius;MUS;1979;0.694881923;Africa;MUS
7248;Mauritius;MUS;1980;0.611141993;Africa;MUS
7249;Mauritius;MUS;1981;0.553530886;Africa;MUS
7250;Mauritius;MUS;1982;0.506164605;Africa;MUS
7251;Mauritius;MUS;1983;0.59671196;Africa;MUS
7252;Mauritius;MUS;1984;0.619486258;Africa;MUS
7253;Mauritius;MUS;1985;0.693494936;Africa;MUS
7254;Mauritius;MUS;1986;0.777360068;Africa;MUS
7255;Mauritius;MUS;1987;0.898980969;Africa;MUS
7256;Mauritius;MUS;1988;0.818998331;Africa;MUS
7257;Mauritius;MUS;1989;1.001111999;Africa;MUS
7258;Mauritius;MUS;1990;1.381911171;Africa;MUS
7259;Mauritius;MUS;1991;1.421894183;Africa;MUS
7260;Mauritius;MUS;1992;1.575762997;Africa;MUS
7261;Mauritius;MUS;1993;1.617341034;Africa;MUS
7262;Mauritius;MUS;1994;1.459753641;Africa;MUS
7263;Mauritius;MUS;1995;1.630203206;Africa;MUS
7264;Mauritius;MUS;1996;1.720327056;Africa;MUS
7265;Mauritius;MUS;1997;1.740436164;Africa;MUS
7266;Mauritius;MUS;1998;1.870755528;Africa;MUS
7267;Mauritius;MUS;1999;2.065534045;Africa;MUS
7268;Mauritius;MUS;2000;2.267789393;Africa;MUS
7269;Mauritius;MUS;2001;2.39401331;Africa;MUS
7270;Mauritius;MUS;2002;2.395715333;Africa;MUS
7271;Mauritius;MUS;2003;2.523504784;Africa;MUS
7272;Mauritius;MUS;2004;2.53175545;Africa;MUS
7273;Mauritius;MUS;2005;2.683999401;Africa;MUS
7274;Mauritius;MUS;2006;2.94193012;Africa;MUS
7275;Mauritius;MUS;2007;2.97588958;Africa;MUS
7276;Mauritius;MUS;2008;3.029991456;Africa;MUS
7277;Mauritius;MUS;2009;2.963163435;Africa;MUS
7278;Mauritius;MUS;2010;3.132082534;Africa;MUS
7279;Mauritius;MUS;2011;3.127070817;Africa;MUS
7284;Malawi;MWI;1964;0.083268911;Africa;MWI
7285;Malawi;MWI;1965;0.085832093;Africa;MWI
7286;Malawi;MWI;1966;0.103180707;Africa;MWI
7287;Malawi;MWI;1967;0.086039156;Africa;MWI
7288;Malawi;MWI;1968;0.088934313;Africa;MWI
7289;Malawi;MWI;1969;0.085042199;Africa;MWI
7290;Malawi;MWI;1970;0.098769283;Africa;MWI
7291;Malawi;MWI;1971;0.106240562;Africa;MWI
7292;Malawi;MWI;1972;0.112434457;Africa;MWI
7293;Malawi;MWI;1973;0.114482272;Africa;MWI
7294;Malawi;MWI;1974;0.106989931;Africa;MWI
7295;Malawi;MWI;1975;0.109466492;Africa;MWI
7296;Malawi;MWI;1976;0.106887298;Africa;MWI
7297;Malawi;MWI;1977;0.113376339;Africa;MWI
7298;Malawi;MWI;1978;0.11555732;Africa;MWI
7299;Malawi;MWI;1979;0.106580337;Africa;MWI
7300;Malawi;MWI;1980;0.115426258;Africa;MWI
7301;Malawi;MWI;1981;0.095625431;Africa;MWI
7302;Malawi;MWI;1982;0.091624508;Africa;MWI
7303;Malawi;MWI;1983;0.086451395;Africa;MWI
7304;Malawi;MWI;1984;0.080867873;Africa;MWI
7305;Malawi;MWI;1985;0.077353904;Africa;MWI
7306;Malawi;MWI;1986;0.072693586;Africa;MWI
7307;Malawi;MWI;1987;0.067384113;Africa;MWI
7308;Malawi;MWI;1988;0.062953213;Africa;MWI
7309;Malawi;MWI;1989;0.062240992;Africa;MWI
7310;Malawi;MWI;1990;0.065085464;Africa;MWI
7311;Malawi;MWI;1991;0.068726189;Africa;MWI
7312;Malawi;MWI;1992;0.06778876;Africa;MWI
7313;Malawi;MWI;1993;0.071467219;Africa;MWI
7314;Malawi;MWI;1994;0.073900953;Africa;MWI
7315;Malawi;MWI;1995;0.074289623;Africa;MWI
7316;Malawi;MWI;1996;0.071091692;Africa;MWI
7317;Malawi;MWI;1997;0.073980298;Africa;MWI
7318;Malawi;MWI;1998;0.078452952;Africa;MWI
7319;Malawi;MWI;1999;0.091653578;Africa;MWI
7320;Malawi;MWI;2000;0.080919359;Africa;MWI
7321;Malawi;MWI;2001;0.078816818;Africa;MWI
7322;Malawi;MWI;2002;0.074965406;Africa;MWI
7323;Malawi;MWI;2003;0.079160407;Africa;MWI
7324;Malawi;MWI;2004;0.078614767;Africa;MWI
7325;Malawi;MWI;2005;0.07191411;Africa;MWI
7326;Malawi;MWI;2006;0.072711421;Africa;MWI
7327;Malawi;MWI;2007;0.070632195;Africa;MWI
7328;Malawi;MWI;2008;0.082545714;Africa;MWI
7329;Malawi;MWI;2009;0.073703111;Africa;MWI
7330;Malawi;MWI;2010;0.082179517;Africa;MWI
7331;Malawi;MWI;2011;0.079231485;Africa;MWI
7342;Malaysia;MYS;1970;1.338572181;Asia;MYS
7343;Malaysia;MYS;1971;1.491450516;Asia;MYS
7344;Malaysia;MYS;1972;1.563103835;Asia;MYS
7345;Malaysia;MYS;1973;1.491553162;Asia;MYS
7346;Malaysia;MYS;1974;1.584082478;Asia;MYS
7347;Malaysia;MYS;1975;1.579470868;Asia;MYS
7348;Malaysia;MYS;1976;1.896414783;Asia;MYS
7349;Malaysia;MYS;1977;1.753895583;Asia;MYS
7350;Malaysia;MYS;1978;1.761545575;Asia;MYS
7351;Malaysia;MYS;1979;2.01998951;Asia;MYS
7352;Malaysia;MYS;1980;2.023859565;Asia;MYS
7353;Malaysia;MYS;1981;2.173808169;Asia;MYS
7354;Malaysia;MYS;1982;2.102079989;Asia;MYS
7355;Malaysia;MYS;1983;2.543836407;Asia;MYS
7356;Malaysia;MYS;1984;2.262852606;Asia;MYS
7357;Malaysia;MYS;1985;2.298687671;Asia;MYS
7358;Malaysia;MYS;1986;2.464895964;Asia;MYS
7359;Malaysia;MYS;1987;2.440349148;Asia;MYS
7360;Malaysia;MYS;1988;2.483672685;Asia;MYS
7361;Malaysia;MYS;1989;2.817079161;Asia;MYS
7362;Malaysia;MYS;1990;3.107600327;Asia;MYS
7363;Malaysia;MYS;1991;3.666052373;Asia;MYS
7364;Malaysia;MYS;1992;3.92082032;Asia;MYS
7365;Malaysia;MYS;1993;4.65579306;Asia;MYS
7366;Malaysia;MYS;1994;4.652623786;Asia;MYS
7367;Malaysia;MYS;1995;5.844623648;Asia;MYS
7368;Malaysia;MYS;1996;5.896967769;Asia;MYS
7369;Malaysia;MYS;1997;5.723601318;Asia;MYS
7370;Malaysia;MYS;1998;5.107167872;Asia;MYS
7371;Malaysia;MYS;1999;4.713588472;Asia;MYS
7372;Malaysia;MYS;2000;5.405598437;Asia;MYS
7373;Malaysia;MYS;2001;5.715353558;Asia;MYS
7374;Malaysia;MYS;2002;5.537623038;Asia;MYS
7375;Malaysia;MYS;2003;6.444308539;Asia;MYS
7376;Malaysia;MYS;2004;6.605572882;Asia;MYS
7377;Malaysia;MYS;2005;6.875947332;Asia;MYS
7378;Malaysia;MYS;2006;6.497627846;Asia;MYS
7379;Malaysia;MYS;2007;7.037791323;Asia;MYS
7380;Malaysia;MYS;2008;7.656532739;Asia;MYS
7381;Malaysia;MYS;2009;7.373235988;Asia;MYS
7382;Malaysia;MYS;2010;7.986951475;Asia;MYS
7383;Malaysia;MYS;2011;7.898823573;Asia;MYS
7414;Namibia;NAM;1990;0.018134907;Africa;NAM
7415;Namibia;NAM;1991;0.692806066;Africa;NAM
7416;Namibia;NAM;1992;0.74130287;Africa;NAM
7417;Namibia;NAM;1993;0.738347398;Africa;NAM
7418;Namibia;NAM;1994;0.822080572;Africa;NAM
7419;Namibia;NAM;1995;0.98645943;Africa;NAM
7420;Namibia;NAM;1996;1.025689756;Africa;NAM
7421;Namibia;NAM;1997;1.022031208;Africa;NAM
7422;Namibia;NAM;1998;1.053549328;Africa;NAM
7423;Namibia;NAM;1999;0.896354963;Africa;NAM
7424;Namibia;NAM;2000;0.865572541;Africa;NAM
7425;Namibia;NAM;2001;1.044456125;Africa;NAM
7426;Namibia;NAM;2002;0.899073375;Africa;NAM
7427;Namibia;NAM;2003;0.946128589;Africa;NAM
7428;Namibia;NAM;2004;0.979578029;Africa;NAM
7429;Namibia;NAM;2005;1.139704177;Africa;NAM
7430;Namibia;NAM;2006;1.133710499;Africa;NAM
7431;Namibia;NAM;2007;1.15651357;Africa;NAM
7432;Namibia;NAM;2008;1.691632521;Africa;NAM
7433;Namibia;NAM;2009;1.478823448;Africa;NAM
7434;Namibia;NAM;2010;1.449319237;Africa;NAM
7435;Namibia;NAM;2011;1.239160489;Africa;NAM
7436;New Caledonia;NCL;1960;10.90816456;Oceania;NCL
7437;New Caledonia;NCL;1961;10.92874384;Oceania;NCL
7438;New Caledonia;NCL;1962;6.771199041;Oceania;NCL
7439;New Caledonia;NCL;1963;7.231306884;Oceania;NCL
7440;New Caledonia;NCL;1964;12.48694665;Oceania;NCL
7441;New Caledonia;NCL;1965;13.61449724;Oceania;NCL
7442;New Caledonia;NCL;1966;16.15833155;Oceania;NCL
7443;New Caledonia;NCL;1967;15.276;Oceania;NCL
7444;New Caledonia;NCL;1968;18.50084422;Oceania;NCL
7445;New Caledonia;NCL;1969;14.98533654;Oceania;NCL
7446;New Caledonia;NCL;1970;21.37991964;Oceania;NCL
7447;New Caledonia;NCL;1971;20.1685;Oceania;NCL
7448;New Caledonia;NCL;1972;13.58689243;Oceania;NCL
7449;New Caledonia;NCL;1973;20.23270817;Oceania;NCL
7450;New Caledonia;NCL;1974;21.24620611;Oceania;NCL
7451;New Caledonia;NCL;1975;19.09607547;Oceania;NCL
7452;New Caledonia;NCL;1976;17.84241791;Oceania;NCL
7453;New Caledonia;NCL;1977;15.74652941;Oceania;NCL
7454;New Caledonia;NCL;1978;11.22768727;Oceania;NCL
7455;New Caledonia;NCL;1979;11.86148736;Oceania;NCL
7456;New Caledonia;NCL;1980;14.29619422;Oceania;NCL
7457;New Caledonia;NCL;1981;9.768384157;Oceania;NCL
7458;New Caledonia;NCL;1982;8.68301304;Oceania;NCL
7459;New Caledonia;NCL;1983;7.768022865;Oceania;NCL
7460;New Caledonia;NCL;1984;7.955443455;Oceania;NCL
7461;New Caledonia;NCL;1985;9.425697637;Oceania;NCL
7462;New Caledonia;NCL;1986;8.925713378;Oceania;NCL
7463;New Caledonia;NCL;1987;9.093246106;Oceania;NCL
7464;New Caledonia;NCL;1988;9.455997556;Oceania;NCL
7465;New Caledonia;NCL;1989;10.15083464;Oceania;NCL
7466;New Caledonia;NCL;1990;9.50550325;Oceania;NCL
7467;New Caledonia;NCL;1991;10.20458252;Oceania;NCL
7468;New Caledonia;NCL;1992;9.850783375;Oceania;NCL
7469;New Caledonia;NCL;1993;9.599996748;Oceania;NCL
7470;New Caledonia;NCL;1994;9.095798018;Oceania;NCL
7471;New Caledonia;NCL;1995;8.930243117;Oceania;NCL
7472;New Caledonia;NCL;1996;8.927876536;Oceania;NCL
7473;New Caledonia;NCL;1997;9.066548173;Oceania;NCL
7474;New Caledonia;NCL;1998;8.788838605;Oceania;NCL
7475;New Caledonia;NCL;1999;9.727766784;Oceania;NCL
7476;New Caledonia;NCL;2000;10.78276509;Oceania;NCL
7477;New Caledonia;NCL;2001;8.774180486;Oceania;NCL
7478;New Caledonia;NCL;2002;10.96010655;Oceania;NCL
7479;New Caledonia;NCL;2003;12.23050857;Oceania;NCL
7480;New Caledonia;NCL;2004;11.17943731;Oceania;NCL
7481;New Caledonia;NCL;2005;12.24553562;Oceania;NCL
7482;New Caledonia;NCL;2006;11.81224237;Oceania;NCL
7483;New Caledonia;NCL;2007;12.32556027;Oceania;NCL
7484;New Caledonia;NCL;2008;13.53130952;Oceania;NCL
7485;New Caledonia;NCL;2009;11.57082986;Oceania;NCL
7486;New Caledonia;NCL;2010;15.680092;Oceania;NCL
7487;New Caledonia;NCL;2011;15.17329528;Oceania;NCL
7488;Niger;NER;1960;0.008640403;Africa;NER
7489;Niger;NER;1961;0.015744342;Africa;NER
7490;Niger;NER;1962;0.018352266;Africa;NER
7491;Niger;NER;1963;0.023765655;Africa;NER
7492;Niger;NER;1964;0.025012245;Africa;NER
7493;Niger;NER;1965;0.023377051;Africa;NER
7494;Niger;NER;1966;0.033648793;Africa;NER
7495;Niger;NER;1967;0.031854348;Africa;NER
7496;Niger;NER;1968;0.037889215;Africa;NER
7497;Niger;NER;1969;0.043576577;Africa;NER
7498;Niger;NER;1970;0.048106721;Africa;NER
7499;Niger;NER;1971;0.049970788;Africa;NER
7500;Niger;NER;1972;0.053233773;Africa;NER
7501;Niger;NER;1973;0.067525541;Africa;NER
7502;Niger;NER;1974;0.057630347;Africa;NER
7503;Niger;NER;1975;0.06453203;Africa;NER
7504;Niger;NER;1976;0.062714756;Africa;NER
7505;Niger;NER;1977;0.066962419;Africa;NER
7506;Niger;NER;1978;0.074173423;Africa;NER
7507;Niger;NER;1979;0.082843846;Africa;NER
7508;Niger;NER;1980;0.095931033;Africa;NER
7509;Niger;NER;1981;0.111868781;Africa;NER
7510;Niger;NER;1982;0.118753337;Africa;NER
7511;Niger;NER;1983;0.148992016;Africa;NER
7512;Niger;NER;1984;0.149389743;Africa;NER
7513;Niger;NER;1985;0.145861247;Africa;NER
7514;Niger;NER;1986;0.128288352;Africa;NER
7515;Niger;NER;1987;0.138396833;Africa;NER
7516;Niger;NER;1988;0.132973165;Africa;NER
7517;Niger;NER;1989;0.135757576;Africa;NER
7518;Niger;NER;1990;0.10520996;Africa;NER
7519;Niger;NER;1991;0.100553886;Africa;NER
7520;Niger;NER;1992;0.092952775;Africa;NER
7521;Niger;NER;1993;0.100782136;Africa;NER
7522;Niger;NER;1994;0.09655244;Africa;NER
7523;Niger;NER;1995;0.098315066;Africa;NER
7524;Niger;NER;1996;0.10469875;Africa;NER
7525;Niger;NER;1997;0.100615968;Africa;NER
7526;Niger;NER;1998;0.102987283;Africa;NER
7527;Niger;NER;1999;0.097931845;Africa;NER
7528;Niger;NER;2000;0.070892901;Africa;NER
7529;Niger;NER;2001;0.065199186;Africa;NER
7530;Niger;NER;2002;0.067412604;Africa;NER
7531;Niger;NER;2003;0.070256192;Africa;NER
7532;Niger;NER;2004;0.074208996;Africa;NER
7533;Niger;NER;2005;0.061454594;Africa;NER
7534;Niger;NER;2006;0.05764269;Africa;NER
7535;Niger;NER;2007;0.056541084;Africa;NER
7536;Niger;NER;2008;0.060771767;Africa;NER
7537;Niger;NER;2009;0.073470122;Africa;NER
7538;Niger;NER;2010;0.083054495;Africa;NER
7539;Niger;NER;2011;0.083958178;Africa;NER
7540;Nigeria;NGA;1960;0.075348847;Africa;NGA
7541;Nigeria;NGA;1961;0.089163494;Africa;NGA
7542;Nigeria;NGA;1962;0.088721773;Africa;NGA
7543;Nigeria;NGA;1963;0.111164018;Africa;NGA
7544;Nigeria;NGA;1964;0.147963286;Africa;NGA
7545;Nigeria;NGA;1965;0.234157466;Africa;NGA
7546;Nigeria;NGA;1966;0.25143653;Africa;NGA
7547;Nigeria;NGA;1967;0.244682891;Africa;NGA
7548;Nigeria;NGA;1968;0.123667699;Africa;NGA
7549;Nigeria;NGA;1969;0.220785224;Africa;NGA
7550;Nigeria;NGA;1970;0.383738649;Africa;NGA
7551;Nigeria;NGA;1971;0.561853839;Africa;NGA
7552;Nigeria;NGA;1972;0.704174376;Africa;NGA
7553;Nigeria;NGA;1973;0.822384797;Africa;NGA
7554;Nigeria;NGA;1974;1.007021127;Africa;NGA
7555;Nigeria;NGA;1975;0.745623049;Africa;NGA
7556;Nigeria;NGA;1976;0.844407389;Africa;NGA
7557;Nigeria;NGA;1977;0.749983;Africa;NGA
7558;Nigeria;NGA;1978;0.694761021;Africa;NGA
7559;Nigeria;NGA;1979;0.981427331;Africa;NGA
7560;Nigeria;NGA;1980;0.92478457;Africa;NGA
7561;Nigeria;NGA;1981;0.870971897;Africa;NGA
7562;Nigeria;NGA;1982;0.843982981;Africa;NGA
7563;Nigeria;NGA;1983;0.751665608;Africa;NGA
7564;Nigeria;NGA;1984;0.851423368;Africa;NGA
7565;Nigeria;NGA;1985;0.833035901;Africa;NGA
7566;Nigeria;NGA;1986;0.853537917;Africa;NGA
7567;Nigeria;NGA;1987;0.671203519;Africa;NGA
7568;Nigeria;NGA;1988;0.779383222;Africa;NGA
7569;Nigeria;NGA;1989;0.455483683;Africa;NGA
7570;Nigeria;NGA;1990;0.474552582;Africa;NGA
7571;Nigeria;NGA;1991;0.461303073;Africa;NGA
7572;Nigeria;NGA;1992;0.645017522;Africa;NGA
7573;Nigeria;NGA;1993;0.58230393;Africa;NGA
7574;Nigeria;NGA;1994;0.441206105;Africa;NGA
7575;Nigeria;NGA;1995;0.322040409;Africa;NGA
7576;Nigeria;NGA;1996;0.363616857;Africa;NGA
7577;Nigeria;NGA;1997;0.352623826;Africa;NGA
7578;Nigeria;NGA;1998;0.343853743;Africa;NGA
7579;Nigeria;NGA;1999;0.373780746;Africa;NGA
7580;Nigeria;NGA;2000;0.644398134;Africa;NGA
7581;Nigeria;NGA;2001;0.661436757;Africa;NGA
7582;Nigeria;NGA;2002;0.759211412;Africa;NGA
7583;Nigeria;NGA;2003;0.702497288;Africa;NGA
7584;Nigeria;NGA;2004;0.713407232;Africa;NGA
7585;Nigeria;NGA;2005;0.749914332;Africa;NGA
7586;Nigeria;NGA;2006;0.687380144;Africa;NGA
7587;Nigeria;NGA;2007;0.647289878;Africa;NGA
7588;Nigeria;NGA;2008;0.613327639;Africa;NGA
7589;Nigeria;NGA;2009;0.462535787;Africa;NGA
7590;Nigeria;NGA;2010;0.534553664;Africa;NGA
7591;Nigeria;NGA;2011;0.53749756;Africa;NGA
7592;Nicaragua;NIC;1960;0.29960906;North America;NIC
7593;Nicaragua;NIC;1961;0.306518247;North America;NIC
7594;Nicaragua;NIC;1962;0.349874905;North America;NIC
7595;Nicaragua;NIC;1963;0.433944179;North America;NIC
7596;Nicaragua;NIC;1964;0.474373901;North America;NIC
7597;Nicaragua;NIC;1965;0.378676672;North America;NIC
7598;Nicaragua;NIC;1966;0.452069961;North America;NIC
7599;Nicaragua;NIC;1967;0.493983689;North America;NIC
7600;Nicaragua;NIC;1968;0.545960415;North America;NIC
7601;Nicaragua;NIC;1969;0.553328352;North America;NIC
7602;Nicaragua;NIC;1970;0.585656949;North America;NIC
7603;Nicaragua;NIC;1971;0.609521502;North America;NIC
7604;Nicaragua;NIC;1972;0.629915769;North America;NIC
7605;Nicaragua;NIC;1973;0.695885496;North America;NIC
7606;Nicaragua;NIC;1974;0.719378343;North America;NIC
7607;Nicaragua;NIC;1975;0.689673149;North America;NIC
7608;Nicaragua;NIC;1976;0.771757492;North America;NIC
7609;Nicaragua;NIC;1977;0.954419674;North America;NIC
7610;Nicaragua;NIC;1978;0.858990094;North America;NIC
7611;Nicaragua;NIC;1979;0.542380713;North America;NIC
7612;Nicaragua;NIC;1980;0.623971433;North America;NIC
7613;Nicaragua;NIC;1981;0.640664667;North America;NIC
7614;Nicaragua;NIC;1982;0.615876109;North America;NIC
7615;Nicaragua;NIC;1983;0.567522361;North America;NIC
7616;Nicaragua;NIC;1984;0.511662355;North America;NIC
7617;Nicaragua;NIC;1985;0.536838002;North America;NIC
7618;Nicaragua;NIC;1986;0.595888925;North America;NIC
7619;Nicaragua;NIC;1987;0.628017688;North America;NIC
7620;Nicaragua;NIC;1988;0.566435082;North America;NIC
7621;Nicaragua;NIC;1989;0.364415665;North America;NIC
7622;Nicaragua;NIC;1990;0.614917516;North America;NIC
7623;Nicaragua;NIC;1991;0.473434345;North America;NIC
7624;Nicaragua;NIC;1992;0.552851552;North America;NIC
7625;Nicaragua;NIC;1993;0.52023855;North America;NIC
7626;Nicaragua;NIC;1994;0.562128835;North America;NIC
7627;Nicaragua;NIC;1995;0.602655679;North America;NIC
7628;Nicaragua;NIC;1996;0.611585702;North America;NIC
7629;Nicaragua;NIC;1997;0.656539523;North America;NIC
7630;Nicaragua;NIC;1998;0.702581738;North America;NIC
7631;Nicaragua;NIC;1999;0.732709371;North America;NIC
7632;Nicaragua;NIC;2000;0.748457863;North America;NIC
7633;Nicaragua;NIC;2001;0.77714591;North America;NIC
7634;Nicaragua;NIC;2002;0.780659918;North America;NIC
7635;Nicaragua;NIC;2003;0.841729703;North America;NIC
7636;Nicaragua;NIC;2004;0.833581276;North America;NIC
7637;Nicaragua;NIC;2005;0.803023501;North America;NIC
7638;Nicaragua;NIC;2006;0.819491407;North America;NIC
7639;Nicaragua;NIC;2007;0.834055188;North America;NIC
7640;Nicaragua;NIC;2008;0.790487627;North America;NIC
7641;Nicaragua;NIC;2009;0.803730282;North America;NIC
7642;Nicaragua;NIC;2010;0.805909906;North America;NIC
7643;Nicaragua;NIC;2011;0.843541955;North America;NIC
7644;Netherlands;NLD;1960;6.39917962;Europe;NLD
7645;Netherlands;NLD;1961;6.520357665;Europe;NLD
7646;Netherlands;NLD;1962;7.060853797;Europe;NLD
7647;Netherlands;NLD;1963;7.623924888;Europe;NLD
7648;Netherlands;NLD;1964;7.987673248;Europe;NLD
7649;Netherlands;NLD;1965;8.174053896;Europe;NLD
7650;Netherlands;NLD;1966;8.321531816;Europe;NLD
7651;Netherlands;NLD;1967;8.476054637;Europe;NLD
7652;Netherlands;NLD;1968;8.920252219;Europe;NLD
7653;Netherlands;NLD;1969;9.00064816;Europe;NLD
7654;Netherlands;NLD;1970;10.88580887;Europe;NLD
7655;Netherlands;NLD;1971;10.67681011;Europe;NLD
7656;Netherlands;NLD;1972;11.83880977;Europe;NLD
7657;Netherlands;NLD;1973;12.32545243;Europe;NLD
7658;Netherlands;NLD;1974;11.84534918;Europe;NLD
7659;Netherlands;NLD;1975;11.19687488;Europe;NLD
7660;Netherlands;NLD;1976;12.31905294;Europe;NLD
7661;Netherlands;NLD;1977;11.85592809;Europe;NLD
7662;Netherlands;NLD;1978;12.23297754;Europe;NLD
7663;Netherlands;NLD;1979;13.37862422;Europe;NLD
7664;Netherlands;NLD;1980;12.54494544;Europe;NLD
7665;Netherlands;NLD;1981;11.57815117;Europe;NLD
7666;Netherlands;NLD;1982;9.384833319;Europe;NLD
7667;Netherlands;NLD;1983;9.623180022;Europe;NLD
7668;Netherlands;NLD;1984;10.05639192;Europe;NLD
7669;Netherlands;NLD;1985;10.20925607;Europe;NLD
7670;Netherlands;NLD;1986;9.956978312;Europe;NLD
7671;Netherlands;NLD;1987;10.40360157;Europe;NLD
7672;Netherlands;NLD;1988;9.953506258;Europe;NLD
7673;Netherlands;NLD;1989;10.98402906;Europe;NLD
7674;Netherlands;NLD;1990;10.59447501;Europe;NLD
7675;Netherlands;NLD;1991;10.95929395;Europe;NLD
7676;Netherlands;NLD;1992;10.68378816;Europe;NLD
7677;Netherlands;NLD;1993;10.77817839;Europe;NLD
7678;Netherlands;NLD;1994;10.7465233;Europe;NLD
7679;Netherlands;NLD;1995;10.88713589;Europe;NLD
7680;Netherlands;NLD;1996;11.2778475;Europe;NLD
7681;Netherlands;NLD;1997;10.7529534;Europe;NLD
7682;Netherlands;NLD;1998;10.74801679;Europe;NLD
7683;Netherlands;NLD;1999;10.36596596;Europe;NLD
7684;Netherlands;NLD;2000;10.38308976;Europe;NLD
7685;Netherlands;NLD;2001;10.47389123;Europe;NLD
7686;Netherlands;NLD;2002;10.65248996;Europe;NLD
7687;Netherlands;NLD;2003;10.77366018;Europe;NLD
7688;Netherlands;NLD;2004;10.85205296;Europe;NLD
7689;Netherlands;NLD;2005;10.54068801;Europe;NLD
7690;Netherlands;NLD;2006;10.22316313;Europe;NLD
7691;Netherlands;NLD;2007;10.46844735;Europe;NLD
7692;Netherlands;NLD;2008;10.52945151;Europe;NLD
7693;Netherlands;NLD;2009;10.24561928;Europe;NLD
7694;Netherlands;NLD;2010;10.94931628;Europe;NLD
7695;Netherlands;NLD;2011;10.06448974;Europe;NLD
7696;Norway;NOR;1960;3.658563698;Europe;NOR
7697;Norway;NOR;1961;3.698694388;Europe;NOR
7698;Norway;NOR;1962;3.868626059;Europe;NOR
7699;Norway;NOR;1963;4.086515969;Europe;NOR
7700;Norway;NOR;1964;4.382327935;Europe;NOR
7701;Norway;NOR;1965;4.407489804;Europe;NOR
7702;Norway;NOR;1966;5.2127318;Europe;NOR
7703;Norway;NOR;1967;5.10729497;Europe;NOR
7704;Norway;NOR;1968;5.539193646;Europe;NOR
7705;Norway;NOR;1969;5.775392981;Europe;NOR
7706;Norway;NOR;1970;7.227535069;Europe;NOR
7707;Norway;NOR;1971;6.968451763;Europe;NOR
7708;Norway;NOR;1972;7.482238767;Europe;NOR
7709;Norway;NOR;1973;7.706917012;Europe;NOR
7710;Norway;NOR;1974;6.948906194;Europe;NOR
7711;Norway;NOR;1975;7.402973015;Europe;NOR
7712;Norway;NOR;1976;7.25721632;Europe;NOR
7713;Norway;NOR;1977;7.717269592;Europe;NOR
7714;Norway;NOR;1978;8.022156267;Europe;NOR
7715;Norway;NOR;1979;8.296524729;Europe;NOR
7716;Norway;NOR;1980;8.956533647;Europe;NOR
7717;Norway;NOR;1981;8.398934849;Europe;NOR
7718;Norway;NOR;1982;8.298632226;Europe;NOR
7719;Norway;NOR;1983;7.728495225;Europe;NOR
7720;Norway;NOR;1984;8.323182368;Europe;NOR
7721;Norway;NOR;1985;8.887307839;Europe;NOR
7722;Norway;NOR;1986;9.027251585;Europe;NOR
7723;Norway;NOR;1987;9.202303133;Europe;NOR
7724;Norway;NOR;1988;8.922957139;Europe;NOR
7725;Norway;NOR;1989;9.885602951;Europe;NOR
7726;Norway;NOR;1990;7.399753105;Europe;NOR
7727;Norway;NOR;1991;7.448040374;Europe;NOR
7728;Norway;NOR;1992;6.918398209;Europe;NOR
7729;Norway;NOR;1993;7.413104295;Europe;NOR
7730;Norway;NOR;1994;7.050535983;Europe;NOR
7731;Norway;NOR;1995;7.143576412;Europe;NOR
7732;Norway;NOR;1996;7.150980432;Europe;NOR
7733;Norway;NOR;1997;7.824041913;Europe;NOR
7734;Norway;NOR;1998;8.26333284;Europe;NOR
7735;Norway;NOR;1999;9.184115647;Europe;NOR
7736;Norway;NOR;2000;8.624168024;Europe;NOR
7737;Norway;NOR;2001;9.111949684;Europe;NOR
7738;Norway;NOR;2002;8.26217746;Europe;NOR
7739;Norway;NOR;2003;9.339298181;Europe;NOR
7740;Norway;NOR;2004;9.287466436;Europe;NOR
7741;Norway;NOR;2005;9.179216926;Europe;NOR
7742;Norway;NOR;2006;9.495835691;Europe;NOR
7743;Norway;NOR;2007;9.57484966;Europe;NOR
7744;Norway;NOR;2008;10.55446109;Europe;NOR
7745;Norway;NOR;2009;10.81860557;Europe;NOR
7746;Norway;NOR;2010;11.61619323;Europe;NOR
7747;Norway;NOR;2011;9.192879069;Europe;NOR
7748;Nepal;NPL;1960;0.00802172;Asia;NPL
7749;Nepal;NPL;1961;0.007897483;Asia;NPL
7750;Nepal;NPL;1962;0.008481014;Asia;NPL
7751;Nepal;NPL;1963;0.009389558;Asia;NPL
7752;Nepal;NPL;1964;0.014024922;Asia;NPL
7753;Nepal;NPL;1965;0.016477112;Asia;NPL
7754;Nepal;NPL;1966;0.017177699;Asia;NPL
7755;Nepal;NPL;1967;0.018809886;Asia;NPL
7756;Nepal;NPL;1968;0.021955927;Asia;NPL
7757;Nepal;NPL;1969;0.034014631;Asia;NPL
7758;Nepal;NPL;1970;0.018966755;Asia;NPL
7759;Nepal;NPL;1971;0.016187921;Asia;NPL
7760;Nepal;NPL;1972;0.021436227;Asia;NPL
7761;Nepal;NPL;1973;0.033067049;Asia;NPL
7762;Nepal;NPL;1974;0.032649977;Asia;NPL
7763;Nepal;NPL;1975;0.026441758;Asia;NPL
7764;Nepal;NPL;1976;0.020748464;Asia;NPL
7765;Nepal;NPL;1977;0.024246763;Asia;NPL
7766;Nepal;NPL;1978;0.023194277;Asia;NPL
7767;Nepal;NPL;1979;0.035273289;Asia;NPL
7768;Nepal;NPL;1980;0.036448159;Asia;NPL
7769;Nepal;NPL;1981;0.029841766;Asia;NPL
7770;Nepal;NPL;1982;0.028450029;Asia;NPL
7771;Nepal;NPL;1983;0.031010579;Asia;NPL
7772;Nepal;NPL;1984;0.043095976;Asia;NPL
7773;Nepal;NPL;1985;0.040587615;Asia;NPL
7774;Nepal;NPL;1986;0.041192704;Asia;NPL
7775;Nepal;NPL;1987;0.049950727;Asia;NPL
7776;Nepal;NPL;1988;0.055625176;Asia;NPL
7777;Nepal;NPL;1989;0.049934992;Asia;NPL
7778;Nepal;NPL;1990;0.033849192;Asia;NPL
7779;Nepal;NPL;1991;0.04994219;Asia;NPL
7780;Nepal;NPL;1992;0.06734544;Asia;NPL
7781;Nepal;NPL;1993;0.072211028;Asia;NPL
7782;Nepal;NPL;1994;0.081393486;Asia;NPL
7783;Nepal;NPL;1995;0.095142538;Asia;NPL
7784;Nepal;NPL;1996;0.113513167;Asia;NPL
7785;Nepal;NPL;1997;0.124278736;Asia;NPL
7786;Nepal;NPL;1998;0.098464496;Asia;NPL
7787;Nepal;NPL;1999;0.138092159;Asia;NPL
7788;Nepal;NPL;2000;0.136237331;Asia;NPL
7789;Nepal;NPL;2001;0.143089451;Asia;NPL
7790;Nepal;NPL;2002;0.110532138;Asia;NPL
7791;Nepal;NPL;2003;0.118699862;Asia;NPL
7792;Nepal;NPL;2004;0.109872637;Asia;NPL
7793;Nepal;NPL;2005;0.127088542;Asia;NPL
7794;Nepal;NPL;2006;0.103210301;Asia;NPL
7795;Nepal;NPL;2007;0.105098567;Asia;NPL
7796;Nepal;NPL;2008;0.11450154;Asia;NPL
7797;Nepal;NPL;2009;0.136102525;Asia;NPL
7798;Nepal;NPL;2010;0.161137874;Asia;NPL
7799;Nepal;NPL;2011;0.159474455;Asia;NPL
7800;New Zealand;NZL;1960;4.867069736;Oceania;NZL
7801;New Zealand;NZL;1961;4.863166095;Oceania;NZL
7802;New Zealand;NZL;1962;4.516526591;Oceania;NZL
7803;New Zealand;NZL;1963;4.830336124;Oceania;NZL
7804;New Zealand;NZL;1964;5.069180011;Oceania;NZL
7805;New Zealand;NZL;1965;5.212262974;Oceania;NZL
7806;New Zealand;NZL;1966;5.237592586;Oceania;NZL
7807;New Zealand;NZL;1967;5.007613524;Oceania;NZL
7808;New Zealand;NZL;1968;4.907836687;Oceania;NZL
7809;New Zealand;NZL;1969;5.147130698;Oceania;NZL
7810;New Zealand;NZL;1970;5.050328032;Oceania;NZL
7811;New Zealand;NZL;1971;5.278783386;Oceania;NZL
7812;New Zealand;NZL;1972;5.577719274;Oceania;NZL
7813;New Zealand;NZL;1973;6.14695843;Oceania;NZL
7814;New Zealand;NZL;1974;6.203229487;Oceania;NZL
7815;New Zealand;NZL;1975;5.923148779;Oceania;NZL
7816;New Zealand;NZL;1976;6.184562611;Oceania;NZL
7817;New Zealand;NZL;1977;6.506157298;Oceania;NZL
7818;New Zealand;NZL;1978;5.769779892;Oceania;NZL
7819;New Zealand;NZL;1979;5.299398842;Oceania;NZL
7820;New Zealand;NZL;1980;5.608463812;Oceania;NZL
7821;New Zealand;NZL;1981;5.288863324;Oceania;NZL
7822;New Zealand;NZL;1982;5.779176198;Oceania;NZL
7823;New Zealand;NZL;1983;5.615176132;Oceania;NZL
7824;New Zealand;NZL;1984;5.979286046;Oceania;NZL
7825;New Zealand;NZL;1985;6.714909304;Oceania;NZL
7826;New Zealand;NZL;1986;7.052053415;Oceania;NZL
7827;New Zealand;NZL;1987;7.363341376;Oceania;NZL
7828;New Zealand;NZL;1988;7.735165377;Oceania;NZL
7829;New Zealand;NZL;1989;7.700344326;Oceania;NZL
7830;New Zealand;NZL;1990;7.106478167;Oceania;NZL
7831;New Zealand;NZL;1991;6.917264456;Oceania;NZL
7832;New Zealand;NZL;1992;7.115539542;Oceania;NZL
7833;New Zealand;NZL;1993;7.53171127;Oceania;NZL
7834;New Zealand;NZL;1994;7.289428729;Oceania;NZL
7835;New Zealand;NZL;1995;7.390102085;Oceania;NZL
7836;New Zealand;NZL;1996;7.708364148;Oceania;NZL
7837;New Zealand;NZL;1997;8.19069685;Oceania;NZL
7838;New Zealand;NZL;1998;7.851128702;Oceania;NZL
7839;New Zealand;NZL;1999;8.530931136;Oceania;NZL
7840;New Zealand;NZL;2000;8.527531171;Oceania;NZL
7841;New Zealand;NZL;2001;8.893219173;Oceania;NZL
7842;New Zealand;NZL;2002;8.408514119;Oceania;NZL
7843;New Zealand;NZL;2003;8.42721618;Oceania;NZL
7844;New Zealand;NZL;2004;8.503851498;Oceania;NZL
7845;New Zealand;NZL;2005;8.205266214;Oceania;NZL
7846;New Zealand;NZL;2006;8.018221574;Oceania;NZL
7847;New Zealand;NZL;2007;7.96637909;Oceania;NZL
7848;New Zealand;NZL;2008;8.044536128;Oceania;NZL
7849;New Zealand;NZL;2009;7.511955097;Oceania;NZL
7850;New Zealand;NZL;2010;7.297420185;Oceania;NZL
7851;New Zealand;NZL;2011;7.124050867;Oceania;NZL
7856;Oman;OMN;1964;0.018067332;Asia;OMN
7857;Oman;OMN;1965;0.04106994;Asia;OMN
7858;Oman;OMN;1966;0.045694348;Asia;OMN
7859;Oman;OMN;1967;0.205537806;Asia;OMN
7860;Oman;OMN;1968;0.237418573;Asia;OMN
7861;Oman;OMN;1969;0.334919776;Asia;OMN
7862;Oman;OMN;1970;0.324221869;Asia;OMN
7863;Oman;OMN;1971;2.795644958;Asia;OMN
7864;Oman;OMN;1972;2.692228924;Asia;OMN
7865;Oman;OMN;1973;2.617373967;Asia;OMN
7866;Oman;OMN;1974;2.774377722;Asia;OMN
7867;Oman;OMN;1975;8.227472779;Asia;OMN
7868;Oman;OMN;1976;8.979304299;Asia;OMN
7869;Oman;OMN;1977;8.70053978;Asia;OMN
7870;Oman;OMN;1978;7.548460059;Asia;OMN
7871;Oman;OMN;1979;7.07301061;Asia;OMN
7872;Oman;OMN;1980;5.238231077;Asia;OMN
7873;Oman;OMN;1981;4.930201024;Asia;OMN
7874;Oman;OMN;1982;4.445858046;Asia;OMN
7875;Oman;OMN;1983;5.534500533;Asia;OMN
7876;Oman;OMN;1984;5.632762281;Asia;OMN
7877;Oman;OMN;1985;5.780406776;Asia;OMN
7878;Oman;OMN;1986;6.324223676;Asia;OMN
7879;Oman;OMN;1987;5.840234905;Asia;OMN
7880;Oman;OMN;1988;6.304983833;Asia;OMN
7881;Oman;OMN;1989;5.77848292;Asia;OMN
7882;Oman;OMN;1990;6.28313244;Asia;OMN
7883;Oman;OMN;1991;6.220361509;Asia;OMN
7884;Oman;OMN;1992;6.100819531;Asia;OMN
7885;Oman;OMN;1993;6.513151272;Asia;OMN
7886;Oman;OMN;1994;7.15390465;Asia;OMN
7887;Oman;OMN;1995;7.2524778;Asia;OMN
7888;Oman;OMN;1996;6.804482721;Asia;OMN
7889;Oman;OMN;1997;6.951772673;Asia;OMN
7890;Oman;OMN;1998;7.443034857;Asia;OMN
7891;Oman;OMN;1999;9.304752096;Asia;OMN
7892;Oman;OMN;2000;9.777452741;Asia;OMN
7893;Oman;OMN;2001;8.926479408;Asia;OMN
7894;Oman;OMN;2002;10.96373498;Asia;OMN
7895;Oman;OMN;2003;13.58054191;Asia;OMN
7896;Oman;OMN;2004;11.43150584;Asia;OMN
7897;Oman;OMN;2005;11.92448495;Asia;OMN
7898;Oman;OMN;2006;15.51028912;Asia;OMN
7899;Oman;OMN;2007;17.19160289;Asia;OMN
7900;Oman;OMN;2008;14.4797972;Asia;OMN
7901;Oman;OMN;2009;13.92679701;Asia;OMN
7902;Oman;OMN;2010;19.122607;Asia;OMN
7903;Oman;OMN;2011;20.20389451;Asia;OMN
7904;Pakistan;PAK;1960;0.315164764;Asia;PAK
7905;Pakistan;PAK;1961;0.318710458;Asia;PAK
7906;Pakistan;PAK;1962;0.341775515;Asia;PAK
7907;Pakistan;PAK;1963;0.383224514;Asia;PAK
7908;Pakistan;PAK;1964;0.384123009;Asia;PAK
7909;Pakistan;PAK;1965;0.392814753;Asia;PAK
7910;Pakistan;PAK;1966;0.38943051;Asia;PAK
7911;Pakistan;PAK;1967;0.402522332;Asia;PAK
7912;Pakistan;PAK;1968;0.449399199;Asia;PAK
7913;Pakistan;PAK;1969;0.424313183;Asia;PAK
7914;Pakistan;PAK;1970;0.418937909;Asia;PAK
7915;Pakistan;PAK;1971;0.386601616;Asia;PAK
7916;Pakistan;PAK;1972;0.308586024;Asia;PAK
7917;Pakistan;PAK;1973;0.317725781;Asia;PAK
7918;Pakistan;PAK;1974;0.33016377;Asia;PAK
7919;Pakistan;PAK;1975;0.347640724;Asia;PAK
7920;Pakistan;PAK;1976;0.331859683;Asia;PAK
7921;Pakistan;PAK;1977;0.343733879;Asia;PAK
7922;Pakistan;PAK;1978;0.357061703;Asia;PAK
7923;Pakistan;PAK;1979;0.373803524;Asia;PAK
7924;Pakistan;PAK;1980;0.410748048;Asia;PAK
7925;Pakistan;PAK;1981;0.426315551;Asia;PAK
7926;Pakistan;PAK;1982;0.448114293;Asia;PAK
7927;Pakistan;PAK;1983;0.467213517;Asia;PAK
7928;Pakistan;PAK;1984;0.480541724;Asia;PAK
7929;Pakistan;PAK;1985;0.511863741;Asia;PAK
7930;Pakistan;PAK;1986;0.519427069;Asia;PAK
7931;Pakistan;PAK;1987;0.544594466;Asia;PAK
7932;Pakistan;PAK;1988;0.573981177;Asia;PAK
7933;Pakistan;PAK;1989;0.583144927;Asia;PAK
7934;Pakistan;PAK;1990;0.637181214;Asia;PAK
7935;Pakistan;PAK;1991;0.616832293;Asia;PAK
7936;Pakistan;PAK;1992;0.640665437;Asia;PAK
7937;Pakistan;PAK;1993;0.669140121;Asia;PAK
7938;Pakistan;PAK;1994;0.709570236;Asia;PAK
7939;Pakistan;PAK;1995;0.68910429;Asia;PAK
7940;Pakistan;PAK;1996;0.751384383;Asia;PAK
7941;Pakistan;PAK;1997;0.735075225;Asia;PAK
7942;Pakistan;PAK;1998;0.739796141;Asia;PAK
7943;Pakistan;PAK;1999;0.742716132;Asia;PAK
7944;Pakistan;PAK;2000;0.769974452;Asia;PAK
7945;Pakistan;PAK;2001;0.766430147;Asia;PAK
7946;Pakistan;PAK;2002;0.790758875;Asia;PAK
7947;Pakistan;PAK;2003;0.807428901;Asia;PAK
7948;Pakistan;PAK;2004;0.875777315;Asia;PAK
7949;Pakistan;PAK;2005;0.890970981;Asia;PAK
7950;Pakistan;PAK;2006;0.933241986;Asia;PAK
7951;Pakistan;PAK;2007;0.994536473;Asia;PAK
7952;Pakistan;PAK;2008;0.975314124;Asia;PAK
7953;Pakistan;PAK;2009;0.962548786;Asia;PAK
7954;Pakistan;PAK;2010;0.957357369;Asia;PAK
7955;Pakistan;PAK;2011;0.941171125;Asia;PAK
7956;Panama;PAN;1960;0.880397979;North America;PAN
7957;Panama;PAN;1961;0.945782539;North America;PAN
7958;Panama;PAN;1962;0.991186588;North America;PAN
7959;Panama;PAN;1963;0.956101109;North America;PAN
7960;Panama;PAN;1964;0.974017335;North America;PAN
7961;Panama;PAN;1965;1.16317328;North America;PAN
7962;Panama;PAN;1966;1.224315171;North America;PAN
7963;Panama;PAN;1967;1.218123834;North America;PAN
7964;Panama;PAN;1968;1.408359472;North America;PAN
7965;Panama;PAN;1969;1.390823297;North America;PAN
7966;Panama;PAN;1970;1.450587214;North America;PAN
7967;Panama;PAN;1971;1.66563134;North America;PAN
7968;Panama;PAN;1972;1.742459892;North America;PAN
7969;Panama;PAN;1973;1.960752623;North America;PAN
7970;Panama;PAN;1974;1.778343301;North America;PAN
7971;Panama;PAN;1975;2.099082229;North America;PAN
7972;Panama;PAN;1976;2.016230905;North America;PAN
7973;Panama;PAN;1977;1.883493381;North America;PAN
7974;Panama;PAN;1978;1.508042931;North America;PAN
7975;Panama;PAN;1979;1.653706418;North America;PAN
7976;Panama;PAN;1980;1.579057655;North America;PAN
7977;Panama;PAN;1981;1.648836632;North America;PAN
7978;Panama;PAN;1982;1.587869956;North America;PAN
7979;Panama;PAN;1983;1.646927949;North America;PAN
7980;Panama;PAN;1984;1.327992665;North America;PAN
7981;Panama;PAN;1985;1.184728263;North America;PAN
7982;Panama;PAN;1986;1.213917806;North America;PAN
7983;Panama;PAN;1987;1.380792894;North America;PAN
7984;Panama;PAN;1988;1.236899541;North America;PAN
7985;Panama;PAN;1989;1.042683597;North America;PAN
7986;Panama;PAN;1990;1.120426465;North America;PAN
7987;Panama;PAN;1991;1.28633466;North America;PAN
7988;Panama;PAN;1992;1.64887063;North America;PAN
7989;Panama;PAN;1993;1.499717901;North America;PAN
7990;Panama;PAN;1994;1.617038304;North America;PAN
7991;Panama;PAN;1995;1.09013942;North America;PAN
7992;Panama;PAN;1996;1.654505706;North America;PAN
7993;Panama;PAN;1997;1.979564201;North America;PAN
7994;Panama;PAN;1998;2.042972017;North America;PAN
7995;Panama;PAN;1999;1.908691455;North America;PAN
7996;Panama;PAN;2000;1.911742827;North America;PAN
7997;Panama;PAN;2001;2.270130717;North America;PAN
7998;Panama;PAN;2002;1.866891827;North America;PAN
7999;Panama;PAN;2003;1.921375446;North America;PAN
8000;Panama;PAN;2004;1.780298539;North America;PAN
8001;Panama;PAN;2005;2.060359997;North America;PAN
8002;Panama;PAN;2006;2.181575209;North America;PAN
8003;Panama;PAN;2007;2.093510117;North America;PAN
8004;Panama;PAN;2008;2.107748953;North America;PAN
8005;Panama;PAN;2009;2.415888235;North America;PAN
8006;Panama;PAN;2010;2.449051597;North America;PAN
8007;Panama;PAN;2011;2.625276244;North America;PAN
8008;Peru;PER;1960;0.81237664;South America;PER
8009;Peru;PER;1961;0.835064678;South America;PER
8010;Peru;PER;1962;0.936144968;South America;PER
8011;Peru;PER;1963;0.933682487;South America;PER
8012;Peru;PER;1964;1.087323703;South America;PER
8013;Peru;PER;1965;1.030818982;South America;PER
8014;Peru;PER;1966;1.110111548;South America;PER
8015;Peru;PER;1967;1.111856207;South America;PER
8016;Peru;PER;1968;1.148357162;South America;PER
8017;Peru;PER;1969;1.178698787;South America;PER
8018;Peru;PER;1970;1.33309762;South America;PER
8019;Peru;PER;1971;1.358234071;South America;PER
8020;Peru;PER;1972;1.291432439;South America;PER
8021;Peru;PER;1973;1.36754402;South America;PER
8022;Peru;PER;1974;1.440066531;South America;PER
8023;Peru;PER;1975;1.442245612;South America;PER
8024;Peru;PER;1976;1.434922402;South America;PER
8025;Peru;PER;1977;1.453208381;South America;PER
8026;Peru;PER;1978;1.36197056;South America;PER
8027;Peru;PER;1979;1.316022244;South America;PER
8028;Peru;PER;1980;1.389559423;South America;PER
8029;Peru;PER;1981;1.354678764;South America;PER
8030;Peru;PER;1982;1.298740237;South America;PER
8031;Peru;PER;1983;1.095947133;South America;PER
8032;Peru;PER;1984;1.083421019;South America;PER
8033;Peru;PER;1985;0.998319617;South America;PER
8034;Peru;PER;1986;1.092604163;South America;PER
8035;Peru;PER;1987;1.260661063;South America;PER
8036;Peru;PER;1988;1.20076866;South America;PER
8037;Peru;PER;1989;1.022078674;South America;PER
8038;Peru;PER;1990;0.969896124;South America;PER
8039;Peru;PER;1991;0.916292101;South America;PER
8040;Peru;PER;1992;0.896708879;South America;PER
8041;Peru;PER;1993;1.016070671;South America;PER
8042;Peru;PER;1994;0.983534142;South America;PER
8043;Peru;PER;1995;0.993527537;South America;PER
8044;Peru;PER;1996;0.996827963;South America;PER
8045;Peru;PER;1997;1.103907299;South America;PER
8046;Peru;PER;1998;1.103458075;South America;PER
8047;Peru;PER;1999;1.148533347;South America;PER
8048;Peru;PER;2000;1.169087406;South America;PER
8049;Peru;PER;2001;1.03441455;South America;PER
8050;Peru;PER;2002;1.022016646;South America;PER
8051;Peru;PER;2003;0.979310103;South America;PER
8052;Peru;PER;2004;1.16948433;South America;PER
8053;Peru;PER;2005;1.344989603;South America;PER
8054;Peru;PER;2006;1.254522601;South America;PER
8055;Peru;PER;2007;1.527183943;South America;PER
8056;Peru;PER;2008;1.441345465;South America;PER
8057;Peru;PER;2009;1.771065546;South America;PER
8058;Peru;PER;2010;1.969722449;South America;PER
8059;Peru;PER;2011;1.783233144;South America;PER
8060;Philippines;PHL;1960;0.317249028;Asia;PHL
8061;Philippines;PHL;1961;0.321145433;Asia;PHL
8062;Philippines;PHL;1962;0.368512082;Asia;PHL
8063;Philippines;PHL;1963;0.395807114;Asia;PHL
8064;Philippines;PHL;1964;0.428469102;Asia;PHL
8065;Philippines;PHL;1965;0.452296765;Asia;PHL
8066;Philippines;PHL;1966;0.505962693;Asia;PHL
8067;Philippines;PHL;1967;0.555413076;Asia;PHL
8068;Philippines;PHL;1968;0.65838178;Asia;PHL
8069;Philippines;PHL;1969;0.657133171;Asia;PHL
8070;Philippines;PHL;1970;0.692131607;Asia;PHL
8071;Philippines;PHL;1971;0.748603832;Asia;PHL
8072;Philippines;PHL;1972;0.697230273;Asia;PHL
8073;Philippines;PHL;1973;0.808268019;Asia;PHL
8074;Philippines;PHL;1974;0.760435197;Asia;PHL
8075;Philippines;PHL;1975;0.787654399;Asia;PHL
8076;Philippines;PHL;1976;0.827340468;Asia;PHL
8077;Philippines;PHL;1977;0.842017425;Asia;PHL
8078;Philippines;PHL;1978;0.835298599;Asia;PHL
8079;Philippines;PHL;1979;0.827011463;Asia;PHL
8080;Philippines;PHL;1980;0.780641318;Asia;PHL
8081;Philippines;PHL;1981;0.711561732;Asia;PHL
8082;Philippines;PHL;1982;0.698999429;Asia;PHL
8083;Philippines;PHL;1983;0.688288029;Asia;PHL
8084;Philippines;PHL;1984;0.586176501;Asia;PHL
8085;Philippines;PHL;1985;0.516329122;Asia;PHL
8086;Philippines;PHL;1986;0.523397955;Asia;PHL
8087;Philippines;PHL;1987;0.570273559;Asia;PHL
8088;Philippines;PHL;1988;0.641178568;Asia;PHL
8089;Philippines;PHL;1989;0.648133813;Asia;PHL
8090;Philippines;PHL;1990;0.674176857;Asia;PHL
8091;Philippines;PHL;1991;0.69171314;Asia;PHL
8092;Philippines;PHL;1992;0.749133194;Asia;PHL
8093;Philippines;PHL;1993;0.742367897;Asia;PHL
8094;Philippines;PHL;1994;0.80304133;Asia;PHL
8095;Philippines;PHL;1995;0.869338185;Asia;PHL
8096;Philippines;PHL;1996;0.870174454;Asia;PHL
8097;Philippines;PHL;1997;0.9742004;Asia;PHL
8098;Philippines;PHL;1998;0.927455028;Asia;PHL
8099;Philippines;PHL;1999;0.906592594;Asia;PHL
8100;Philippines;PHL;2000;0.94065037;Asia;PHL
8101;Philippines;PHL;2001;0.892559534;Asia;PHL
8102;Philippines;PHL;2002;0.877524618;Asia;PHL
8103;Philippines;PHL;2003;0.862126962;Asia;PHL
8104;Philippines;PHL;2004;0.875524233;Asia;PHL
8105;Philippines;PHL;2005;0.868716929;Asia;PHL
8106;Philippines;PHL;2006;0.772811732;Asia;PHL
8107;Philippines;PHL;2007;0.783104987;Asia;PHL
8108;Philippines;PHL;2008;0.841040935;Asia;PHL
8109;Philippines;PHL;2009;0.816054812;Asia;PHL
8110;Philippines;PHL;2010;0.878135471;Asia;PHL
8111;Philippines;PHL;2011;0.867845343;Asia;PHL
8112;Palau;PLW;1960;1.521892509;Oceania;PLW
8113;Palau;PLW;1961;5.185132815;Oceania;PLW
8114;Palau;PLW;1962;5.057931034;Oceania;PLW
8115;Palau;PLW;1963;5.298622483;Oceania;PLW
8116;Palau;PLW;1964;5.538752006;Oceania;PLW
8117;Palau;PLW;1965;6.121869783;Oceania;PLW
8118;Palau;PLW;1966;6.030698949;Oceania;PLW
8119;Palau;PLW;1967;6.618536233;Oceania;PLW
8120;Palau;PLW;1968;6.871943602;Oceania;PLW
8121;Palau;PLW;1969;11.64640494;Oceania;PLW
8122;Palau;PLW;1970;11.81769881;Oceania;PLW
8123;Palau;PLW;1971;14.15708648;Oceania;PLW
8124;Palau;PLW;1972;14.54053826;Oceania;PLW
8125;Palau;PLW;1973;14.6132005;Oceania;PLW
8126;Palau;PLW;1974;15.93694137;Oceania;PLW
8127;Palau;PLW;1975;15.82662866;Oceania;PLW
8128;Palau;PLW;1976;9.254070335;Oceania;PLW
8129;Palau;PLW;1977;14.99795501;Oceania;PLW
8130;Palau;PLW;1978;9.053575837;Oceania;PLW
8131;Palau;PLW;1979;10.28102581;Oceania;PLW
8132;Palau;PLW;1980;12.92785111;Oceania;PLW
8133;Palau;PLW;1981;12.73366712;Oceania;PLW
8134;Palau;PLW;1982;12.44817242;Oceania;PLW
8135;Palau;PLW;1983;12.11532847;Oceania;PLW
8136;Palau;PLW;1984;11.79276045;Oceania;PLW
8137;Palau;PLW;1985;11.77894583;Oceania;PLW
8138;Palau;PLW;1986;11.53969389;Oceania;PLW
8139;Palau;PLW;1987;11.33300555;Oceania;PLW
8140;Palau;PLW;1988;12.65792199;Oceania;PLW
8141;Palau;PLW;1989;15.40130064;Oceania;PLW
8142;Palau;PLW;1990;15.55358208;Oceania;PLW
8143;Palau;PLW;1991;15.16954302;Oceania;PLW
8144;Palau;PLW;1992;7.152195797;Oceania;PLW
8145;Palau;PLW;1993;6.730498623;Oceania;PLW
8146;Palau;PLW;1994;6.546265992;Oceania;PLW
8147;Palau;PLW;1995;6.588061431;Oceania;PLW
8148;Palau;PLW;1996;6.631477819;Oceania;PLW
8149;Palau;PLW;1997;6.474866192;Oceania;PLW
8150;Palau;PLW;1998;6.334700929;Oceania;PLW
8151;Palau;PLW;1999;6.215912703;Oceania;PLW
8152;Palau;PLW;2000;6.119954105;Oceania;PLW
8153;Palau;PLW;2001;9.449082663;Oceania;PLW
8154;Palau;PLW;2002;9.366538953;Oceania;PLW
8155;Palau;PLW;2003;9.679390863;Oceania;PLW
8156;Palau;PLW;2004;9.442918455;Oceania;PLW
8157;Palau;PLW;2005;9.578741146;Oceania;PLW
8158;Palau;PLW;2006;10.07820308;Oceania;PLW
8159;Palau;PLW;2007;10.38965106;Oceania;PLW
8160;Palau;PLW;2008;10.33366293;Oceania;PLW
8161;Palau;PLW;2009;10.27423319;Oceania;PLW
8162;Palau;PLW;2010;10.56927211;Oceania;PLW
8163;Palau;PLW;2011;10.85543046;Oceania;PLW
8164;Papua New Guinea;PNG;1960;0.091350751;Oceania;PNG
8165;Papua New Guinea;PNG;1961;0.100789686;Oceania;PNG
8166;Papua New Guinea;PNG;1962;0.09720273;Oceania;PNG
8167;Papua New Guinea;PNG;1963;0.123668477;Oceania;PNG
8168;Papua New Guinea;PNG;1964;0.126458311;Oceania;PNG
8169;Papua New Guinea;PNG;1965;0.140835953;Oceania;PNG
8170;Papua New Guinea;PNG;1966;0.154422932;Oceania;PNG
8171;Papua New Guinea;PNG;1967;0.193181391;Oceania;PNG
8172;Papua New Guinea;PNG;1968;0.217196415;Oceania;PNG
8173;Papua New Guinea;PNG;1969;0.23503288;Oceania;PNG
8174;Papua New Guinea;PNG;1970;0.284654103;Oceania;PNG
8175;Papua New Guinea;PNG;1971;0.329624693;Oceania;PNG
8176;Papua New Guinea;PNG;1972;0.492521815;Oceania;PNG
8177;Papua New Guinea;PNG;1973;0.507349809;Oceania;PNG
8178;Papua New Guinea;PNG;1974;0.581432802;Oceania;PNG
8179;Papua New Guinea;PNG;1975;0.545542358;Oceania;PNG
8180;Papua New Guinea;PNG;1976;0.544621118;Oceania;PNG
8181;Papua New Guinea;PNG;1977;0.532573914;Oceania;PNG
8182;Papua New Guinea;PNG;1978;0.549851055;Oceania;PNG
8183;Papua New Guinea;PNG;1979;0.574044168;Oceania;PNG
8184;Papua New Guinea;PNG;1980;0.569069406;Oceania;PNG
8185;Papua New Guinea;PNG;1981;0.584866539;Oceania;PNG
8186;Papua New Guinea;PNG;1982;0.573407782;Oceania;PNG
8187;Papua New Guinea;PNG;1983;0.575891227;Oceania;PNG
8188;Papua New Guinea;PNG;1984;0.570969111;Oceania;PNG
8189;Papua New Guinea;PNG;1985;0.578288317;Oceania;PNG
8190;Papua New Guinea;PNG;1986;0.547389183;Oceania;PNG
8191;Papua New Guinea;PNG;1987;0.604304287;Oceania;PNG
8192;Papua New Guinea;PNG;1988;0.555571969;Oceania;PNG
8193;Papua New Guinea;PNG;1989;0.501597572;Oceania;PNG
8194;Papua New Guinea;PNG;1990;0.515050014;Oceania;PNG
8195;Papua New Guinea;PNG;1991;0.484409539;Oceania;PNG
8196;Papua New Guinea;PNG;1992;0.469976818;Oceania;PNG
8197;Papua New Guinea;PNG;1993;0.445210101;Oceania;PNG
8198;Papua New Guinea;PNG;1994;0.474717757;Oceania;PNG
8199;Papua New Guinea;PNG;1995;0.436998521;Oceania;PNG
8200;Papua New Guinea;PNG;1996;0.452284781;Oceania;PNG
8201;Papua New Guinea;PNG;1997;0.518784629;Oceania;PNG
8202;Papua New Guinea;PNG;1998;0.561374564;Oceania;PNG
8203;Papua New Guinea;PNG;1999;0.467052317;Oceania;PNG
8204;Papua New Guinea;PNG;2000;0.496070655;Oceania;PNG
8205;Papua New Guinea;PNG;2001;0.582028122;Oceania;PNG
8206;Papua New Guinea;PNG;2002;0.616865701;Oceania;PNG
8207;Papua New Guinea;PNG;2003;0.680811606;Oceania;PNG
8208;Papua New Guinea;PNG;2004;0.755618136;Oceania;PNG
8209;Papua New Guinea;PNG;2005;0.720519213;Oceania;PNG
8210;Papua New Guinea;PNG;2006;0.690926208;Oceania;PNG
8211;Papua New Guinea;PNG;2007;0.958160743;Oceania;PNG
8212;Papua New Guinea;PNG;2008;0.73337006;Oceania;PNG
8213;Papua New Guinea;PNG;2009;0.760922609;Oceania;PNG
8214;Papua New Guinea;PNG;2010;0.681184727;Oceania;PNG
8215;Papua New Guinea;PNG;2011;0.746895234;Oceania;PNG
8216;Poland;POL;1960;6.740362582;Europe;POL
8217;Poland;POL;1961;6.922802563;Europe;POL
8218;Poland;POL;1962;7.15360516;Europe;POL
8219;Poland;POL;1963;7.528621321;Europe;POL
8220;Poland;POL;1964;7.807291587;Europe;POL
8221;Poland;POL;1965;7.862051172;Europe;POL
8222;Poland;POL;1966;7.975704744;Europe;POL
8223;Poland;POL;1967;8.105834014;Europe;POL
8224;Poland;POL;1968;8.548589914;Europe;POL
8225;Poland;POL;1969;9.022079801;Europe;POL
8226;Poland;POL;1970;9.320318329;Europe;POL
8227;Poland;POL;1971;9.554993854;Europe;POL
8228;Poland;POL;1972;9.981742698;Europe;POL
8229;Poland;POL;1973;10.07663176;Europe;POL
8230;Poland;POL;1974;10.29951122;Europe;POL
8231;Poland;POL;1975;11.0409312;Europe;POL
8232;Poland;POL;1976;11.6146269;Europe;POL
8233;Poland;POL;1977;12.0794436;Europe;POL
8234;Poland;POL;1978;12.35662883;Europe;POL
8235;Poland;POL;1979;12.55388634;Europe;POL
8236;Poland;POL;1980;13.05936746;Europe;POL
8237;Poland;POL;1981;11.42279709;Europe;POL
8238;Poland;POL;1982;11.65347614;Europe;POL
8239;Poland;POL;1983;11.54822291;Europe;POL
8240;Poland;POL;1984;11.75733071;Europe;POL
8241;Poland;POL;1985;11.98594819;Europe;POL
8242;Poland;POL;1986;12.10401817;Europe;POL
8243;Poland;POL;1987;12.35406034;Europe;POL
8244;Poland;POL;1988;11.79069191;Europe;POL
8245;Poland;POL;1989;11.16361398;Europe;POL
8246;Poland;POL;1990;9.666498604;Europe;POL
8247;Poland;POL;1991;9.455281968;Europe;POL
8248;Poland;POL;1992;9.246724147;Europe;POL
8249;Poland;POL;1993;9.184326013;Europe;POL
8250;Poland;POL;1994;8.664237453;Europe;POL
8251;Poland;POL;1995;8.918045649;Europe;POL
8252;Poland;POL;1996;9.210325088;Europe;POL
8253;Poland;POL;1997;9.042911037;Europe;POL
8254;Poland;POL;1998;8.416742947;Europe;POL
8255;Poland;POL;1999;8.166368829;Europe;POL
8256;Poland;POL;2000;7.822510786;Europe;POL
8257;Poland;POL;2001;7.876824602;Europe;POL
8258;Poland;POL;2002;7.711753228;Europe;POL
8259;Poland;POL;2003;7.911134034;Europe;POL
8260;Poland;POL;2004;7.973580165;Europe;POL
8261;Poland;POL;2005;7.929044401;Europe;POL
8262;Poland;POL;2006;8.364404885;Europe;POL
8263;Poland;POL;2007;8.250051626;Europe;POL
8264;Poland;POL;2008;8.273068216;Europe;POL
8265;Poland;POL;2009;7.81735027;Europe;POL
8266;Poland;POL;2010;8.334872118;Europe;POL
8267;Poland;POL;2011;8.335786706;Europe;POL
8358;Korea, Dem. People_s Rep.;PRK;1998;2.892757518;Asia;PRK
8359;Korea, Dem. People_s Rep.;PRK;1999;3.140031377;Asia;PRK
8360;Korea, Dem. People_s Rep.;PRK;2000;3.358066547;Asia;PRK
8361;Korea, Dem. People_s Rep.;PRK;2001;3.448915941;Asia;PRK
8362;Korea, Dem. People_s Rep.;PRK;2002;3.273761678;Asia;PRK
8363;Korea, Dem. People_s Rep.;PRK;2003;3.316836376;Asia;PRK
8364;Korea, Dem. People_s Rep.;PRK;2004;3.362292388;Asia;PRK
8365;Korea, Dem. People_s Rep.;PRK;2005;3.486012537;Asia;PRK
8366;Korea, Dem. People_s Rep.;PRK;2006;3.527647741;Asia;PRK
8367;Korea, Dem. People_s Rep.;PRK;2007;2.918459295;Asia;PRK
8368;Korea, Dem. People_s Rep.;PRK;2008;3.220672403;Asia;PRK
8369;Korea, Dem. People_s Rep.;PRK;2009;3.08670211;Asia;PRK
8370;Korea, Dem. People_s Rep.;PRK;2010;2.958833707;Asia;PRK
8371;Korea, Dem. People_s Rep.;PRK;2011;2.987182112;Asia;PRK
8372;Portugal;PRT;1960;0.928578089;Europe;PRT
8373;Portugal;PRT;1961;1.018050319;Europe;PRT
8374;Portugal;PRT;1962;1.034377865;Europe;PRT
8375;Portugal;PRT;1963;1.110208624;Europe;PRT
8376;Portugal;PRT;1964;1.21998414;Europe;PRT
8377;Portugal;PRT;1965;1.288947997;Europe;PRT
8378;Portugal;PRT;1966;1.327035861;Europe;PRT
8379;Portugal;PRT;1967;1.398287231;Europe;PRT
8380;Portugal;PRT;1968;1.472335783;Europe;PRT
8381;Portugal;PRT;1969;1.668587261;Europe;PRT
8382;Portugal;PRT;1970;1.757791405;Europe;PRT
8383;Portugal;PRT;1971;1.898035761;Europe;PRT
8384;Portugal;PRT;1972;2.126159183;Europe;PRT
8385;Portugal;PRT;1973;2.317068608;Europe;PRT
8386;Portugal;PRT;1974;2.366234787;Europe;PRT
8387;Portugal;PRT;1975;2.348565289;Europe;PRT
8388;Portugal;PRT;1976;2.396767891;Europe;PRT
8389;Portugal;PRT;1977;2.403642892;Europe;PRT
8390;Portugal;PRT;1978;2.379382628;Europe;PRT
8391;Portugal;PRT;1979;2.590855545;Europe;PRT
8392;Portugal;PRT;1980;2.763116005;Europe;PRT
8393;Portugal;PRT;1981;2.763828494;Europe;PRT
8394;Portugal;PRT;1982;2.951574043;Europe;PRT
8395;Portugal;PRT;1983;3.0307109;Europe;PRT
8396;Portugal;PRT;1984;2.907559769;Europe;PRT
8397;Portugal;PRT;1985;2.734259393;Europe;PRT
8398;Portugal;PRT;1986;3.042086135;Europe;PRT
8399;Portugal;PRT;1987;3.14417772;Europe;PRT
8400;Portugal;PRT;1988;3.28615515;Europe;PRT
8401;Portugal;PRT;1989;4.118915142;Europe;PRT
8402;Portugal;PRT;1990;4.226710165;Europe;PRT
8403;Portugal;PRT;1991;4.410972934;Europe;PRT
8404;Portugal;PRT;1992;4.842543085;Europe;PRT
8405;Portugal;PRT;1993;4.697887488;Europe;PRT
8406;Portugal;PRT;1994;4.760867235;Europe;PRT
8407;Portugal;PRT;1995;5.17891567;Europe;PRT
8408;Portugal;PRT;1996;5.041059445;Europe;PRT
8409;Portugal;PRT;1997;5.265996648;Europe;PRT
8410;Portugal;PRT;1998;5.714057485;Europe;PRT
8411;Portugal;PRT;1999;6.331046774;Europe;PRT
8412;Portugal;PRT;2000;6.119210997;Europe;PRT
8413;Portugal;PRT;2001;6.066300051;Europe;PRT
8414;Portugal;PRT;2002;6.412902146;Europe;PRT
8415;Portugal;PRT;2003;5.858745455;Europe;PRT
8416;Portugal;PRT;2004;6.025936055;Europe;PRT
8417;Portugal;PRT;2005;6.217958495;Europe;PRT
8418;Portugal;PRT;2006;5.617444894;Europe;PRT
8419;Portugal;PRT;2007;5.773031758;Europe;PRT
8420;Portugal;PRT;2008;5.24374293;Europe;PRT
8421;Portugal;PRT;2009;5.158593379;Europe;PRT
8422;Portugal;PRT;2010;4.690094769;Europe;PRT
8423;Portugal;PRT;2011;4.709849624;Europe;PRT
8424;Paraguay;PRY;1960;0.15994831;South America;PRY
8425;Paraguay;PRY;1961;0.185853294;South America;PRY
8426;Paraguay;PRY;1962;0.195662375;South America;PRY
8427;Paraguay;PRY;1963;0.199475841;South America;PRY
8428;Paraguay;PRY;1964;0.204676706;South America;PRY
8429;Paraguay;PRY;1965;0.253379662;South America;PRY
8430;Paraguay;PRY;1966;0.230279994;South America;PRY
8431;Paraguay;PRY;1967;0.213013397;South America;PRY
8432;Paraguay;PRY;1968;0.251132332;South America;PRY
8433;Paraguay;PRY;1969;0.215834185;South America;PRY
8434;Paraguay;PRY;1970;0.300877248;South America;PRY
8435;Paraguay;PRY;1971;0.25021782;South America;PRY
8436;Paraguay;PRY;1972;0.275370166;South America;PRY
8437;Paraguay;PRY;1973;0.326833977;South America;PRY
8438;Paraguay;PRY;1974;0.350068643;South America;PRY
8439;Paraguay;PRY;1975;0.300879194;South America;PRY
8440;Paraguay;PRY;1976;0.369060191;South America;PRY
8441;Paraguay;PRY;1977;0.403505855;South America;PRY
8442;Paraguay;PRY;1978;0.494153509;South America;PRY
8443;Paraguay;PRY;1979;0.442010109;South America;PRY
8444;Paraguay;PRY;1980;0.481919294;South America;PRY
8445;Paraguay;PRY;1981;0.441637877;South America;PRY
8446;Paraguay;PRY;1982;0.417159282;South America;PRY
8447;Paraguay;PRY;1983;0.420047516;South America;PRY
8448;Paraguay;PRY;1984;0.432711653;South America;PRY
8449;Paraguay;PRY;1985;0.437424322;South America;PRY
8450;Paraguay;PRY;1986;0.463014365;South America;PRY
8451;Paraguay;PRY;1987;0.508698258;South America;PRY
8452;Paraguay;PRY;1988;0.564601855;South America;PRY
8453;Paraguay;PRY;1989;0.570970994;South America;PRY
8454;Paraguay;PRY;1990;0.536943191;South America;PRY
8455;Paraguay;PRY;1991;0.516538365;South America;PRY
8456;Paraguay;PRY;1992;0.591486571;South America;PRY
8457;Paraguay;PRY;1993;0.649933662;South America;PRY
8458;Paraguay;PRY;1994;0.752128795;South America;PRY
8459;Paraguay;PRY;1995;0.832629573;South America;PRY
8460;Paraguay;PRY;1996;0.77018598;South America;PRY
8461;Paraguay;PRY;1997;0.842320594;South America;PRY
8462;Paraguay;PRY;1998;0.884811407;South America;PRY
8463;Paraguay;PRY;1999;0.866486881;South America;PRY
8464;Paraguay;PRY;2000;0.695683315;South America;PRY
8465;Paraguay;PRY;2001;0.706728134;South America;PRY
8466;Paraguay;PRY;2002;0.707622696;South America;PRY
8467;Paraguay;PRY;2003;0.725821637;South America;PRY
8468;Paraguay;PRY;2004;0.716846064;South America;PRY
8469;Paraguay;PRY;2005;0.661206044;South America;PRY
8470;Paraguay;PRY;2006;0.67757378;South America;PRY
8471;Paraguay;PRY;2007;0.693306247;South America;PRY
8472;Paraguay;PRY;2008;0.719800679;South America;PRY
8473;Paraguay;PRY;2009;0.737248172;South America;PRY
8474;Paraguay;PRY;2010;0.817267073;South America;PRY
8475;Paraguay;PRY;2011;0.841915242;South America;PRY
8513;West Bank and Gaza;PSE;1997;0.146326756;Asia;PSE
8514;West Bank and Gaza;PSE;1998;0.216594011;Asia;PSE
8515;West Bank and Gaza;PSE;1999;0.227865446;Asia;PSE
8516;West Bank and Gaza;PSE;2000;0.271057676;Asia;PSE
8517;West Bank and Gaza;PSE;2001;0.450151178;Asia;PSE
8518;West Bank and Gaza;PSE;2002;0.375598342;Asia;PSE
8519;West Bank and Gaza;PSE;2003;0.405640436;Asia;PSE
8520;West Bank and Gaza;PSE;2004;0.576681705;Asia;PSE
8521;West Bank and Gaza;PSE;2005;0.826080986;Asia;PSE
8522;West Bank and Gaza;PSE;2006;0.665291777;Asia;PSE
8523;West Bank and Gaza;PSE;2007;0.665297084;Asia;PSE
8524;West Bank and Gaza;PSE;2008;0.570947494;Asia;PSE
8525;West Bank and Gaza;PSE;2009;0.564577775;Asia;PSE
8526;West Bank and Gaza;PSE;2010;0.534014834;Asia;PSE
8527;West Bank and Gaza;PSE;2011;0.572406877;Asia;PSE
8528;French Polynesia;PYF;1960;0.469628472;Oceania;PYF
8529;French Polynesia;PYF;1961;0.726984363;Oceania;PYF
8530;French Polynesia;PYF;1962;0.569859182;Oceania;PYF
8531;French Polynesia;PYF;1963;0.76009627;Oceania;PYF
8532;French Polynesia;PYF;1964;0.732325922;Oceania;PYF
8533;French Polynesia;PYF;1965;0.902622003;Oceania;PYF
8534;French Polynesia;PYF;1966;1.251018298;Oceania;PYF
8535;French Polynesia;PYF;1967;1.393028161;Oceania;PYF
8536;French Polynesia;PYF;1968;1.489713208;Oceania;PYF
8537;French Polynesia;PYF;1969;1.509929065;Oceania;PYF
8538;French Polynesia;PYF;1970;1.75889625;Oceania;PYF
8539;French Polynesia;PYF;1971;1.988907454;Oceania;PYF
8540;French Polynesia;PYF;1972;1.829175086;Oceania;PYF
8541;French Polynesia;PYF;1973;1.70829962;Oceania;PYF
8542;French Polynesia;PYF;1974;1.710530269;Oceania;PYF
8543;French Polynesia;PYF;1975;1.628292974;Oceania;PYF
8544;French Polynesia;PYF;1976;1.959463571;Oceania;PYF
8545;French Polynesia;PYF;1977;1.980492126;Oceania;PYF
8546;French Polynesia;PYF;1978;2.179182426;Oceania;PYF
8547;French Polynesia;PYF;1979;1.916910502;Oceania;PYF
8548;French Polynesia;PYF;1980;1.933791249;Oceania;PYF
8549;French Polynesia;PYF;1981;2.112327189;Oceania;PYF
8550;French Polynesia;PYF;1982;2.096952444;Oceania;PYF
8551;French Polynesia;PYF;1983;2.546358636;Oceania;PYF
8552;French Polynesia;PYF;1984;2.690041491;Oceania;PYF
8553;French Polynesia;PYF;1985;3.348705539;Oceania;PYF
8554;French Polynesia;PYF;1986;3.360128617;Oceania;PYF
8555;French Polynesia;PYF;1987;3.291136366;Oceania;PYF
8556;French Polynesia;PYF;1988;3.014893909;Oceania;PYF
8557;French Polynesia;PYF;1989;3.133720122;Oceania;PYF
8558;French Polynesia;PYF;1990;3.179533196;Oceania;PYF
8559;French Polynesia;PYF;1991;3.158390258;Oceania;PYF
8560;French Polynesia;PYF;1992;3.144127949;Oceania;PYF
8561;French Polynesia;PYF;1993;2.956846445;Oceania;PYF
8562;French Polynesia;PYF;1994;2.54768319;Oceania;PYF
8563;French Polynesia;PYF;1995;2.658234201;Oceania;PYF
8564;French Polynesia;PYF;1996;2.642195894;Oceania;PYF
8565;French Polynesia;PYF;1997;2.671569811;Oceania;PYF
8566;French Polynesia;PYF;1998;2.601164725;Oceania;PYF
8567;French Polynesia;PYF;1999;2.502846031;Oceania;PYF
8568;French Polynesia;PYF;2000;2.65828792;Oceania;PYF
8569;French Polynesia;PYF;2001;3.05487077;Oceania;PYF
8570;French Polynesia;PYF;2002;3.008043847;Oceania;PYF
8571;French Polynesia;PYF;2003;3.216459587;Oceania;PYF
8572;French Polynesia;PYF;2004;3.130939474;Oceania;PYF
8573;French Polynesia;PYF;2005;3.337769338;Oceania;PYF
8574;French Polynesia;PYF;2006;3.300898999;Oceania;PYF
8575;French Polynesia;PYF;2007;3.239386851;Oceania;PYF
8576;French Polynesia;PYF;2008;3.306029055;Oceania;PYF
8577;French Polynesia;PYF;2009;3.288268805;Oceania;PYF
8578;French Polynesia;PYF;2010;3.296763845;Oceania;PYF
8579;French Polynesia;PYF;2011;3.167952684;Oceania;PYF
8580;Qatar;QAT;1960;3.72056057;Asia;QAT
8581;Qatar;QAT;1961;3.141816766;Asia;QAT
8582;Qatar;QAT;1962;3.393738765;Asia;QAT
8583;Qatar;QAT;1963;99.57594044;Asia;QAT
8584;Qatar;QAT;1964;92.96956451;Asia;QAT
8585;Qatar;QAT;1965;85.56316713;Asia;QAT
8586;Qatar;QAT;1966;78.73460839;Asia;QAT
8587;Qatar;QAT;1967;77.62918258;Asia;QAT
8588;Qatar;QAT;1968;76.1043496;Asia;QAT
8589;Qatar;QAT;1969;71.23004658;Asia;QAT
8590;Qatar;QAT;1970;69.22854869;Asia;QAT
8591;Qatar;QAT;1971;76.7558828;Asia;QAT
8592;Qatar;QAT;1972;82.71893816;Asia;QAT
8593;Qatar;QAT;1973;87.73282856;Asia;QAT
8594;Qatar;QAT;1974;68.28188785;Asia;QAT
8595;Qatar;QAT;1975;66.67556729;Asia;QAT
8596;Qatar;QAT;1976;59.76636606;Asia;QAT
8597;Qatar;QAT;1977;54.43093162;Asia;QAT
8598;Qatar;QAT;1978;54.84706642;Asia;QAT
8599;Qatar;QAT;1979;69.96536805;Asia;QAT
8600;Qatar;QAT;1980;58.55004805;Asia;QAT
8601;Qatar;QAT;1981;51.8444405;Asia;QAT
8602;Qatar;QAT;1982;44.56079165;Asia;QAT
8603;Qatar;QAT;1983;36.43571114;Asia;QAT
8604;Qatar;QAT;1984;36.13427155;Asia;QAT
8605;Qatar;QAT;1985;33.43150233;Asia;QAT
8606;Qatar;QAT;1986;33.38105471;Asia;QAT
8607;Qatar;QAT;1987;27.16508042;Asia;QAT
8608;Qatar;QAT;1988;26.79395916;Asia;QAT
8609;Qatar;QAT;1989;30.93963443;Asia;QAT
8610;Qatar;QAT;1990;24.71202658;Asia;QAT
8611;Qatar;QAT;1991;36.43461125;Asia;QAT
8612;Qatar;QAT;1992;54.73525532;Asia;QAT
8613;Qatar;QAT;1993;62.42811916;Asia;QAT
8614;Qatar;QAT;1994;61.03533066;Asia;QAT
8615;Qatar;QAT;1995;61.52421764;Asia;QAT
8616;Qatar;QAT;1996;62.17646289;Asia;QAT
8617;Qatar;QAT;1997;68.70075519;Asia;QAT
8618;Qatar;QAT;1998;59.06042456;Asia;QAT
8619;Qatar;QAT;1999;55.03941168;Asia;QAT
8620;Qatar;QAT;2000;58.52216941;Asia;QAT
8621;Qatar;QAT;2001;49.4733103;Asia;QAT
8622;Qatar;QAT;2002;44.89616607;Asia;QAT
8623;Qatar;QAT;2003;54.11331034;Asia;QAT
8624;Qatar;QAT;2004;60.63781526;Asia;QAT
8625;Qatar;QAT;2005;61.98975773;Asia;QAT
8626;Qatar;QAT;2006;57.39889605;Asia;QAT
8627;Qatar;QAT;2007;55.33679996;Asia;QAT
8628;Qatar;QAT;2008;48.60161977;Asia;QAT
8629;Qatar;QAT;2009;44.83640145;Asia;QAT
8630;Qatar;QAT;2010;42.63907601;Asia;QAT
8631;Qatar;QAT;2011;44.01892637;Asia;QAT
8632;Romania;ROU;1960;2.903812021;Europe;ROU
8633;Romania;ROU;1961;3.005891594;Europe;ROU
8634;Romania;ROU;1962;3.420285867;Europe;ROU
8635;Romania;ROU;1963;3.698826568;Europe;ROU
8636;Romania;ROU;1964;3.811762869;Europe;ROU
8637;Romania;ROU;1965;4.136449656;Europe;ROU
8638;Romania;ROU;1966;4.381022511;Europe;ROU
8639;Romania;ROU;1967;4.716318555;Europe;ROU
8640;Romania;ROU;1968;5.060132786;Europe;ROU
8641;Romania;ROU;1969;5.579907153;Europe;ROU
8642;Romania;ROU;1970;5.931369102;Europe;ROU
8643;Romania;ROU;1971;6.149550423;Europe;ROU
8644;Romania;ROU;1972;6.410251701;Europe;ROU
8645;Romania;ROU;1973;6.957304491;Europe;ROU
8646;Romania;ROU;1974;7.177785046;Europe;ROU
8647;Romania;ROU;1975;7.620014725;Europe;ROU
8648;Romania;ROU;1976;8.109155575;Europe;ROU
8649;Romania;ROU;1977;8.199979904;Europe;ROU
8650;Romania;ROU;1978;8.833289023;Europe;ROU
8651;Romania;ROU;1979;8.87596915;Europe;ROU
8652;Romania;ROU;1980;8.839647231;Europe;ROU
8653;Romania;ROU;1981;8.840159938;Europe;ROU
8654;Romania;ROU;1982;8.695110531;Europe;ROU
8655;Romania;ROU;1983;8.878868589;Europe;ROU
8656;Romania;ROU;1984;8.35419784;Europe;ROU
8657;Romania;ROU;1985;8.540541384;Europe;ROU
8658;Romania;ROU;1986;8.843110512;Europe;ROU
8659;Romania;ROU;1987;9.244904383;Europe;ROU
8660;Romania;ROU;1988;9.228068093;Europe;ROU
8661;Romania;ROU;1989;9.245609624;Europe;ROU
8662;Romania;ROU;1990;6.8469487;Europe;ROU
8663;Romania;ROU;1991;5.979301257;Europe;ROU
8664;Romania;ROU;1992;5.407607363;Europe;ROU
8665;Romania;ROU;1993;5.302368771;Europe;ROU
8666;Romania;ROU;1994;5.077610498;Europe;ROU
8667;Romania;ROU;1995;5.603084737;Europe;ROU
8668;Romania;ROU;1996;5.601094681;Europe;ROU
8669;Romania;ROU;1997;5.074362935;Europe;ROU
8670;Romania;ROU;1998;4.542174901;Europe;ROU
8671;Romania;ROU;1999;3.988948711;Europe;ROU
8672;Romania;ROU;2000;4.009474191;Europe;ROU
8673;Romania;ROU;2001;4.322797745;Europe;ROU
8674;Romania;ROU;2002;4.241675478;Europe;ROU
8675;Romania;ROU;2003;4.446939432;Europe;ROU
8676;Romania;ROU;2004;4.447221364;Europe;ROU
8677;Romania;ROU;2005;4.487669353;Europe;ROU
8678;Romania;ROU;2006;4.840827017;Europe;ROU
8679;Romania;ROU;2007;4.866509869;Europe;ROU
8680;Romania;ROU;2008;4.658143211;Europe;ROU
8681;Romania;ROU;2009;3.997649195;Europe;ROU
8682;Romania;ROU;2010;3.918410158;Europe;ROU
8683;Romania;ROU;2011;4.210560124;Europe;ROU
8748;Russian Federation;RUS;1992;14.00130636;Europe;RUS
8749;Russian Federation;RUS;1992;14.00130636;Asia;RUS
8750;Russian Federation;RUS;1993;13.07031684;Europe;RUS
8751;Russian Federation;RUS;1993;13.07031684;Asia;RUS
8752;Russian Federation;RUS;1994;11.46810148;Europe;RUS
8753;Russian Federation;RUS;1994;11.46810148;Asia;RUS
8754;Russian Federation;RUS;1995;11.01468731;Europe;RUS
8755;Russian Federation;RUS;1995;11.01468731;Asia;RUS
8756;Russian Federation;RUS;1996;10.90580737;Europe;RUS
8757;Russian Federation;RUS;1996;10.90580737;Asia;RUS
8758;Russian Federation;RUS;1997;10.33597765;Europe;RUS
8759;Russian Federation;RUS;1997;10.33597765;Asia;RUS
8760;Russian Federation;RUS;1998;10.14651935;Europe;RUS
8761;Russian Federation;RUS;1998;10.14651935;Asia;RUS
8762;Russian Federation;RUS;1999;10.41996247;Europe;RUS
8763;Russian Federation;RUS;1999;10.41996247;Asia;RUS
8764;Russian Federation;RUS;2000;10.62857136;Europe;RUS
8765;Russian Federation;RUS;2000;10.62857136;Asia;RUS
8766;Russian Federation;RUS;2001;10.67299468;Europe;RUS
8767;Russian Federation;RUS;2001;10.67299468;Asia;RUS
8768;Russian Federation;RUS;2002;10.71986314;Europe;RUS
8769;Russian Federation;RUS;2002;10.71986314;Asia;RUS
8770;Russian Federation;RUS;2003;11.09566701;Europe;RUS
8771;Russian Federation;RUS;2003;11.09566701;Asia;RUS
8772;Russian Federation;RUS;2004;11.12645581;Europe;RUS
8773;Russian Federation;RUS;2004;11.12645581;Asia;RUS
8774;Russian Federation;RUS;2005;11.25769343;Europe;RUS
8775;Russian Federation;RUS;2005;11.25769343;Asia;RUS
8776;Russian Federation;RUS;2006;11.67160861;Europe;RUS
8777;Russian Federation;RUS;2006;11.67160861;Asia;RUS
8778;Russian Federation;RUS;2007;11.67743817;Europe;RUS
8779;Russian Federation;RUS;2007;11.67743817;Asia;RUS
8780;Russian Federation;RUS;2008;12.01913064;Europe;RUS
8781;Russian Federation;RUS;2008;12.01913064;Asia;RUS
8782;Russian Federation;RUS;2009;11.02611624;Europe;RUS
8783;Russian Federation;RUS;2009;11.02611624;Asia;RUS
8784;Russian Federation;RUS;2010;12.19843743;Europe;RUS
8785;Russian Federation;RUS;2010;12.19843743;Asia;RUS
8786;Russian Federation;RUS;2011;12.64732823;Europe;RUS
8787;Russian Federation;RUS;2011;12.64732823;Asia;RUS
8788;Rwanda;RWA;1960;0.036252175;Africa;RWA
8789;Rwanda;RWA;1961;0.046509268;Africa;RWA
8790;Rwanda;RWA;1962;0.027647384;Africa;RWA
8791;Rwanda;RWA;1963;0.027180751;Africa;RWA
8792;Rwanda;RWA;1964;0.011598121;Africa;RWA
8793;Rwanda;RWA;1965;0.014745416;Africa;RWA
8794;Rwanda;RWA;1966;0.013257903;Africa;RWA
8795;Rwanda;RWA;1967;0.011800265;Africa;RWA
8796;Rwanda;RWA;1968;0.015594257;Africa;RWA
8797;Rwanda;RWA;1969;0.016116065;Africa;RWA
8798;Rwanda;RWA;1970;0.015626923;Africa;RWA
8799;Rwanda;RWA;1971;0.01611516;Africa;RWA
8800;Rwanda;RWA;1972;0.01656899;Africa;RWA
8801;Rwanda;RWA;1973;0.016983738;Africa;RWA
8802;Rwanda;RWA;1974;0.01735104;Africa;RWA
8803;Rwanda;RWA;1975;0.040378366;Africa;RWA
8804;Rwanda;RWA;1976;0.059490591;Africa;RWA
8805;Rwanda;RWA;1977;0.057591861;Africa;RWA
8806;Rwanda;RWA;1978;0.060297749;Africa;RWA
8807;Rwanda;RWA;1979;0.059780487;Africa;RWA
8808;Rwanda;RWA;1980;0.096297531;Africa;RWA
8809;Rwanda;RWA;1981;0.113172452;Africa;RWA
8810;Rwanda;RWA;1982;0.110950452;Africa;RWA
8811;Rwanda;RWA;1983;0.122896305;Africa;RWA
8812;Rwanda;RWA;1984;0.107934488;Africa;RWA
8813;Rwanda;RWA;1985;0.100696212;Africa;RWA
8814;Rwanda;RWA;1986;0.093239566;Africa;RWA
8815;Rwanda;RWA;1987;0.091370567;Africa;RWA
8816;Rwanda;RWA;1988;0.098853942;Africa;RWA
8817;Rwanda;RWA;1989;0.09523232;Africa;RWA
8818;Rwanda;RWA;1990;0.074756947;Africa;RWA
8819;Rwanda;RWA;1991;0.068969579;Africa;RWA
8820;Rwanda;RWA;1992;0.072652543;Africa;RWA
8821;Rwanda;RWA;1993;0.078574106;Africa;RWA
8822;Rwanda;RWA;1994;0.078893266;Africa;RWA
8823;Rwanda;RWA;1995;0.078143268;Africa;RWA
8824;Rwanda;RWA;1996;0.078780187;Africa;RWA
8825;Rwanda;RWA;1997;0.076652775;Africa;RWA
8826;Rwanda;RWA;1998;0.069206391;Africa;RWA
8827;Rwanda;RWA;1999;0.067198865;Africa;RWA
8828;Rwanda;RWA;2000;0.065826007;Africa;RWA
8829;Rwanda;RWA;2001;0.06383813;Africa;RWA
8830;Rwanda;RWA;2002;0.06226879;Africa;RWA
8831;Rwanda;RWA;2003;0.059945416;Africa;RWA
8832;Rwanda;RWA;2004;0.059808657;Africa;RWA
8833;Rwanda;RWA;2005;0.058618397;Africa;RWA
8834;Rwanda;RWA;2006;0.057203516;Africa;RWA
8835;Rwanda;RWA;2007;0.058789064;Africa;RWA
8836;Rwanda;RWA;2008;0.055661387;Africa;RWA
8837;Rwanda;RWA;2009;0.057430655;Africa;RWA
8838;Rwanda;RWA;2010;0.05735438;Africa;RWA
8839;Rwanda;RWA;2011;0.062874197;Africa;RWA
8840;Saudi Arabia;SAU;1960;0.655055537;Asia;SAU
8841;Saudi Arabia;SAU;1961;0.846589343;Asia;SAU
8842;Saudi Arabia;SAU;1962;1.433898337;Asia;SAU
8843;Saudi Arabia;SAU;1963;1.537705603;Asia;SAU
8844;Saudi Arabia;SAU;1964;1.50681157;Asia;SAU
8845;Saudi Arabia;SAU;1965;0.871394521;Asia;SAU
8846;Saudi Arabia;SAU;1966;1.278708616;Asia;SAU
8847;Saudi Arabia;SAU;1967;4.908764211;Asia;SAU
8848;Saudi Arabia;SAU;1968;5.399962856;Asia;SAU
8849;Saudi Arabia;SAU;1969;6.302110146;Asia;SAU
8850;Saudi Arabia;SAU;1970;7.760119862;Asia;SAU
8851;Saudi Arabia;SAU;1971;9.810979337;Asia;SAU
8852;Saudi Arabia;SAU;1972;11.02207657;Asia;SAU
8853;Saudi Arabia;SAU;1973;14.20482969;Asia;SAU
8854;Saudi Arabia;SAU;1974;14.02161699;Asia;SAU
8855;Saudi Arabia;SAU;1975;11.21813856;Asia;SAU
8856;Saudi Arabia;SAU;1976;12.94408512;Asia;SAU
8857;Saudi Arabia;SAU;1977;14.24604443;Asia;SAU
8858;Saudi Arabia;SAU;1978;13.10512541;Asia;SAU
8859;Saudi Arabia;SAU;1979;14.81621724;Asia;SAU
8860;Saudi Arabia;SAU;1980;17.08925829;Asia;SAU
8861;Saudi Arabia;SAU;1981;16.62334782;Asia;SAU
8862;Saudi Arabia;SAU;1982;14.05623804;Asia;SAU
8863;Saudi Arabia;SAU;1983;13.46327437;Asia;SAU
8864;Saudi Arabia;SAU;1984;12.28612865;Asia;SAU
8865;Saudi Arabia;SAU;1985;12.92191387;Asia;SAU
8866;Saudi Arabia;SAU;1986;14.6169121;Asia;SAU
8867;Saudi Arabia;SAU;1987;13.02427205;Asia;SAU
8868;Saudi Arabia;SAU;1988;13.29167047;Asia;SAU
8869;Saudi Arabia;SAU;1989;12.88588816;Asia;SAU
8870;Saudi Arabia;SAU;1990;13.32083067;Asia;SAU
8871;Saudi Arabia;SAU;1991;15.85312069;Asia;SAU
8872;Saudi Arabia;SAU;1992;16.41142883;Asia;SAU
8873;Saudi Arabia;SAU;1993;17.54102369;Asia;SAU
8874;Saudi Arabia;SAU;1994;16.81876453;Asia;SAU
8875;Saudi Arabia;SAU;1995;12.53091886;Asia;SAU
8876;Saudi Arabia;SAU;1996;13.38506499;Asia;SAU
8877;Saudi Arabia;SAU;1997;10.91586719;Asia;SAU
8878;Saudi Arabia;SAU;1998;10.22946363;Asia;SAU
8879;Saudi Arabia;SAU;1999;10.87389519;Asia;SAU
8880;Saudi Arabia;SAU;2000;13.88049437;Asia;SAU
8881;Saudi Arabia;SAU;2001;13.50485586;Asia;SAU
8882;Saudi Arabia;SAU;2002;14.39939718;Asia;SAU
8883;Saudi Arabia;SAU;2003;14.01121668;Asia;SAU
8884;Saudi Arabia;SAU;2004;16.45499423;Asia;SAU
8885;Saudi Arabia;SAU;2005;16.06944635;Asia;SAU
8886;Saudi Arabia;SAU;2006;17.02356826;Asia;SAU
8887;Saudi Arabia;SAU;2007;15.08749877;Asia;SAU
8888;Saudi Arabia;SAU;2008;15.63931332;Asia;SAU
8889;Saudi Arabia;SAU;2009;17.69022548;Asia;SAU
8890;Saudi Arabia;SAU;2010;18.97762597;Asia;SAU
8891;Saudi Arabia;SAU;2011;18.07245072;Asia;SAU
8892;Sudan;SDN;1960;0.129783714;Africa;SDN
8893;Sudan;SDN;1961;0.128810196;Africa;SDN
8894;Sudan;SDN;1962;0.134379626;Africa;SDN
8895;Sudan;SDN;1963;0.147903283;Africa;SDN
8896;Sudan;SDN;1964;0.159284213;Africa;SDN
8897;Sudan;SDN;1965;0.202254536;Africa;SDN
8898;Sudan;SDN;1966;0.214127207;Africa;SDN
8899;Sudan;SDN;1967;0.250771073;Africa;SDN
8900;Sudan;SDN;1968;0.237411935;Africa;SDN
8901;Sudan;SDN;1969;0.310545184;Africa;SDN
8902;Sudan;SDN;1970;0.349795297;Africa;SDN
8903;Sudan;SDN;1971;0.348436322;Africa;SDN
8904;Sudan;SDN;1972;0.364915422;Africa;SDN
8905;Sudan;SDN;1973;0.357025948;Africa;SDN
8906;Sudan;SDN;1974;0.362399256;Africa;SDN
8907;Sudan;SDN;1975;0.261780729;Africa;SDN
8908;Sudan;SDN;1976;0.224473193;Africa;SDN
8909;Sudan;SDN;1977;0.220178108;Africa;SDN
8910;Sudan;SDN;1978;0.192456248;Africa;SDN
8911;Sudan;SDN;1979;0.193238285;Africa;SDN
8912;Sudan;SDN;1980;0.19601397;Africa;SDN
8913;Sudan;SDN;1981;0.184043369;Africa;SDN
8914;Sudan;SDN;1982;0.186953328;Africa;SDN
8915;Sudan;SDN;1983;0.184555471;Africa;SDN
8916;Sudan;SDN;1984;0.160268905;Africa;SDN
8917;Sudan;SDN;1985;0.18072673;Africa;SDN
8918;Sudan;SDN;1986;0.183360631;Africa;SDN
8919;Sudan;SDN;1987;0.140880448;Africa;SDN
8920;Sudan;SDN;1988;0.198644125;Africa;SDN
8921;Sudan;SDN;1989;0.150011347;Africa;SDN
8922;Sudan;SDN;1990;0.215714303;Africa;SDN
8923;Sudan;SDN;1991;0.202816253;Africa;SDN
8924;Sudan;SDN;1992;0.173492021;Africa;SDN
8925;Sudan;SDN;1993;0.102704393;Africa;SDN
8926;Sudan;SDN;1994;0.152046098;Africa;SDN
8927;Sudan;SDN;1995;0.152666264;Africa;SDN
8928;Sudan;SDN;1996;0.137465512;Africa;SDN
8929;Sudan;SDN;1997;0.169602368;Africa;SDN
8930;Sudan;SDN;1998;0.142910349;Africa;SDN
8931;Sudan;SDN;1999;0.150670884;Africa;SDN
8932;Sudan;SDN;2000;0.159133714;Africa;SDN
8933;Sudan;SDN;2001;0.178055693;Africa;SDN
8934;Sudan;SDN;2002;0.220598608;Africa;SDN
8935;Sudan;SDN;2003;0.239590405;Africa;SDN
8936;Sudan;SDN;2004;0.29215001;Africa;SDN
8937;Sudan;SDN;2005;0.26709064;Africa;SDN
8938;Sudan;SDN;2006;0.278837922;Africa;SDN
8939;Sudan;SDN;2007;0.308883977;Africa;SDN
8940;Sudan;SDN;2008;0.318940846;Africa;SDN
8941;Sudan;SDN;2009;0.343430682;Africa;SDN
8942;Sudan;SDN;2010;0.341750839;Africa;SDN
8943;Sudan;SDN;2011;0.349548724;Africa;SDN
8944;Senegal;SEN;1960;0.260810811;Africa;SEN
8945;Senegal;SEN;1961;0.249290933;Africa;SEN
8946;Senegal;SEN;1962;0.242542279;Africa;SEN
8947;Senegal;SEN;1963;0.2497509;Africa;SEN
8948;Senegal;SEN;1964;0.260456564;Africa;SEN
8949;Senegal;SEN;1965;0.464239796;Africa;SEN
8950;Senegal;SEN;1966;0.45809809;Africa;SEN
8951;Senegal;SEN;1967;0.181319272;Africa;SEN
8953;Senegal;SEN;1969;0.120030886;Africa;SEN
8954;Senegal;SEN;1970;0.310382967;Africa;SEN
8955;Senegal;SEN;1971;0.31117013;Africa;SEN
8956;Senegal;SEN;1972;0.324568115;Africa;SEN
8957;Senegal;SEN;1973;0.335354502;Africa;SEN
8958;Senegal;SEN;1974;0.388663489;Africa;SEN
8959;Senegal;SEN;1975;0.526797825;Africa;SEN
8960;Senegal;SEN;1976;0.352718851;Africa;SEN
8961;Senegal;SEN;1977;0.434896875;Africa;SEN
8962;Senegal;SEN;1978;0.497072755;Africa;SEN
8963;Senegal;SEN;1979;0.534741356;Africa;SEN
8964;Senegal;SEN;1980;0.60187611;Africa;SEN
8965;Senegal;SEN;1981;0.575977878;Africa;SEN
8966;Senegal;SEN;1982;0.51876284;Africa;SEN
8967;Senegal;SEN;1983;0.434280736;Africa;SEN
8968;Senegal;SEN;1984;0.529548489;Africa;SEN
8969;Senegal;SEN;1985;0.415796835;Africa;SEN
8970;Senegal;SEN;1986;0.401049624;Africa;SEN
8971;Senegal;SEN;1987;0.358314896;Africa;SEN
8972;Senegal;SEN;1988;0.388375287;Africa;SEN
8973;Senegal;SEN;1989;0.507363654;Africa;SEN
8974;Senegal;SEN;1990;0.423592076;Africa;SEN
8975;Senegal;SEN;1991;0.441957794;Africa;SEN
8976;Senegal;SEN;1992;0.435502187;Africa;SEN
8977;Senegal;SEN;1993;0.436433792;Africa;SEN
8978;Senegal;SEN;1994;0.460368778;Africa;SEN
8979;Senegal;SEN;1995;0.401188486;Africa;SEN
8980;Senegal;SEN;1996;0.418408853;Africa;SEN
8981;Senegal;SEN;1997;0.356167681;Africa;SEN
8982;Senegal;SEN;1998;0.365257604;Africa;SEN
8983;Senegal;SEN;1999;0.384710034;Africa;SEN
8984;Senegal;SEN;2000;0.399404376;Africa;SEN
8985;Senegal;SEN;2001;0.42801874;Africa;SEN
8986;Senegal;SEN;2002;0.437662912;Africa;SEN
8987;Senegal;SEN;2003;0.469656021;Africa;SEN
8988;Senegal;SEN;2004;0.481487398;Africa;SEN
8989;Senegal;SEN;2005;0.519999035;Africa;SEN
8990;Senegal;SEN;2006;0.413622745;Africa;SEN
8991;Senegal;SEN;2007;0.448464475;Africa;SEN
8992;Senegal;SEN;2008;0.444968124;Africa;SEN
8993;Senegal;SEN;2009;0.464873613;Africa;SEN
8994;Senegal;SEN;2010;0.638487724;Africa;SEN
8995;Senegal;SEN;2011;0.58833415;Africa;SEN
8996;Singapore;SGP;1960;0.846367833;Asia;SGP
8997;Singapore;SGP;1961;1.229944196;Asia;SGP
8998;Singapore;SGP;1962;1.472917952;Asia;SGP
8999;Singapore;SGP;1963;1.89376546;Asia;SGP
9000;Singapore;SGP;1964;2.011115334;Asia;SGP
9001;Singapore;SGP;1965;1.340945466;Asia;SGP
9002;Singapore;SGP;1966;0.348804797;Asia;SGP
9003;Singapore;SGP;1967;1.546459345;Asia;SGP
9004;Singapore;SGP;1968;2.693750497;Asia;SGP
9005;Singapore;SGP;1969;3.527860465;Asia;SGP
9006;Singapore;SGP;1970;8.778174018;Asia;SGP
9007;Singapore;SGP;1971;7.853270387;Asia;SGP
9008;Singapore;SGP;1972;10.33281686;Asia;SGP
9009;Singapore;SGP;1973;9.676666211;Asia;SGP
9010;Singapore;SGP;1974;9.852451789;Asia;SGP
9011;Singapore;SGP;1975;10.84735746;Asia;SGP
9012;Singapore;SGP;1976;13.0974565;Asia;SGP
9013;Singapore;SGP;1977;12.17444631;Asia;SGP
9014;Singapore;SGP;1978;14.09090245;Asia;SGP
9015;Singapore;SGP;1979;15.15570254;Asia;SGP
9016;Singapore;SGP;1980;13.02164051;Asia;SGP
9017;Singapore;SGP;1981;10.60068027;Asia;SGP
9018;Singapore;SGP;1982;11.24154665;Asia;SGP
9019;Singapore;SGP;1983;13.05373059;Asia;SGP
9020;Singapore;SGP;1984;12.22547627;Asia;SGP
9021;Singapore;SGP;1985;12.21414335;Asia;SGP
9022;Singapore;SGP;1986;12.81463745;Asia;SGP
9023;Singapore;SGP;1987;11.74850772;Asia;SGP
9024;Singapore;SGP;1988;12.68584397;Asia;SGP
9025;Singapore;SGP;1989;14.29189898;Asia;SGP
9026;Singapore;SGP;1990;15.40506516;Asia;SGP
9027;Singapore;SGP;1991;15.12729041;Asia;SGP
9028;Singapore;SGP;1992;15.55924943;Asia;SGP
9029;Singapore;SGP;1993;16.48642737;Asia;SGP
9030;Singapore;SGP;1994;19.11875528;Asia;SGP
9031;Singapore;SGP;1995;13.36639773;Asia;SGP
9032;Singapore;SGP;1996;15.0667812;Asia;SGP
9033;Singapore;SGP;1997;18.24014775;Asia;SGP
9034;Singapore;SGP;1998;14.5887702;Asia;SGP
9035;Singapore;SGP;1999;12.64782052;Asia;SGP
9036;Singapore;SGP;2000;12.16662434;Asia;SGP
9037;Singapore;SGP;2001;11.97221516;Asia;SGP
9038;Singapore;SGP;2002;11.3102312;Asia;SGP
9039;Singapore;SGP;2003;7.566013727;Asia;SGP
9040;Singapore;SGP;2004;6.833825574;Asia;SGP
9041;Singapore;SGP;2005;7.116921432;Asia;SGP
9042;Singapore;SGP;2006;6.997632098;Asia;SGP
9043;Singapore;SGP;2007;3.965405127;Asia;SGP
9044;Singapore;SGP;2008;4.927577946;Asia;SGP
9045;Singapore;SGP;2009;4.778242444;Asia;SGP
9046;Singapore;SGP;2010;2.655230176;Asia;SGP
9047;Singapore;SGP;2011;4.320161437;Asia;SGP
9048;Solomon Islands;SLB;1960;0.093332428;Oceania;SLB
9049;Solomon Islands;SLB;1961;0.120820738;Oceania;SLB
9050;Solomon Islands;SLB;1962;0.1172802;Oceania;SLB
9051;Solomon Islands;SLB;1963;0.113826312;Oceania;SLB
9052;Solomon Islands;SLB;1964;0.138078276;Oceania;SLB
9053;Solomon Islands;SLB;1965;0.187574444;Oceania;SLB
9054;Solomon Islands;SLB;1966;0.182014791;Oceania;SLB
9055;Solomon Islands;SLB;1967;0.227052575;Oceania;SLB
9056;Solomon Islands;SLB;1968;0.24458733;Oceania;SLB
9057;Solomon Islands;SLB;1969;0.236770061;Oceania;SLB
9058;Solomon Islands;SLB;1970;0.251646994;Oceania;SLB
9059;Solomon Islands;SLB;1971;0.286804962;Oceania;SLB
9060;Solomon Islands;SLB;1972;0.318686667;Oceania;SLB
9061;Solomon Islands;SLB;1973;0.368020786;Oceania;SLB
9062;Solomon Islands;SLB;1974;0.354227264;Oceania;SLB
9063;Solomon Islands;SLB;1975;0.303297544;Oceania;SLB
9064;Solomon Islands;SLB;1976;0.310697661;Oceania;SLB
9065;Solomon Islands;SLB;1977;0.387963951;Oceania;SLB
9066;Solomon Islands;SLB;1978;0.289473562;Oceania;SLB
9067;Solomon Islands;SLB;1979;0.493528633;Oceania;SLB
9068;Solomon Islands;SLB;1980;0.445228824;Oceania;SLB
9069;Solomon Islands;SLB;1981;0.568913321;Oceania;SLB
9070;Solomon Islands;SLB;1982;0.490912853;Oceania;SLB
9071;Solomon Islands;SLB;1983;0.561712005;Oceania;SLB
9072;Solomon Islands;SLB;1984;0.544357279;Oceania;SLB
9073;Solomon Islands;SLB;1985;0.555177265;Oceania;SLB
9074;Solomon Islands;SLB;1986;0.552326374;Oceania;SLB
9075;Solomon Islands;SLB;1987;0.56244684;Oceania;SLB
9076;Solomon Islands;SLB;1988;0.534580726;Oceania;SLB
9077;Solomon Islands;SLB;1989;0.532048619;Oceania;SLB
9078;Solomon Islands;SLB;1990;0.51739143;Oceania;SLB
9079;Solomon Islands;SLB;1991;0.50301156;Oceania;SLB
9080;Solomon Islands;SLB;1992;0.48895704;Oceania;SLB
9081;Solomon Islands;SLB;1993;0.464464344;Oceania;SLB
9082;Solomon Islands;SLB;1994;0.440984968;Oceania;SLB
9083;Solomon Islands;SLB;1995;0.449142068;Oceania;SLB
9084;Solomon Islands;SLB;1996;0.436739047;Oceania;SLB
9085;Solomon Islands;SLB;1997;0.424757607;Oceania;SLB
9086;Solomon Islands;SLB;1998;0.413194738;Oceania;SLB
9087;Solomon Islands;SLB;1999;0.411181629;Oceania;SLB
9088;Solomon Islands;SLB;2000;0.400195472;Oceania;SLB
9089;Solomon Islands;SLB;2001;0.40692977;Oceania;SLB
9090;Solomon Islands;SLB;2002;0.396302079;Oceania;SLB
9091;Solomon Islands;SLB;2003;0.402558967;Oceania;SLB
9092;Solomon Islands;SLB;2004;0.392457207;Oceania;SLB
9093;Solomon Islands;SLB;2005;0.382869599;Oceania;SLB
9094;Solomon Islands;SLB;2006;0.373782025;Oceania;SLB
9095;Solomon Islands;SLB;2007;0.387510034;Oceania;SLB
9096;Solomon Islands;SLB;2008;0.378784688;Oceania;SLB
9097;Solomon Islands;SLB;2009;0.377551397;Oceania;SLB
9098;Solomon Islands;SLB;2010;0.376333439;Oceania;SLB
9099;Solomon Islands;SLB;2011;0.368304169;Oceania;SLB
9100;Sierra Leone;SLE;1960;0.327755728;Africa;SLE
9101;Sierra Leone;SLE;1961;0.131072782;Africa;SLE
9102;Sierra Leone;SLE;1962;0.145725026;Africa;SLE
9103;Sierra Leone;SLE;1963;0.163165175;Africa;SLE
9104;Sierra Leone;SLE;1964;0.132272037;Africa;SLE
9105;Sierra Leone;SLE;1965;0.121028342;Africa;SLE
9106;Sierra Leone;SLE;1966;0.127100293;Africa;SLE
9107;Sierra Leone;SLE;1967;0.10544088;Africa;SLE
9108;Sierra Leone;SLE;1968;0.158112465;Africa;SLE
9109;Sierra Leone;SLE;1969;0.447780071;Africa;SLE
9110;Sierra Leone;SLE;1970;0.347133486;Africa;SLE
9111;Sierra Leone;SLE;1971;0.313897189;Africa;SLE
9112;Sierra Leone;SLE;1972;0.260336698;Africa;SLE
9113;Sierra Leone;SLE;1973;0.202926163;Africa;SLE
9114;Sierra Leone;SLE;1974;0.192159782;Africa;SLE
9115;Sierra Leone;SLE;1975;0.189586878;Africa;SLE
9116;Sierra Leone;SLE;1976;0.159670309;Africa;SLE
9117;Sierra Leone;SLE;1977;0.177848942;Africa;SLE
9118;Sierra Leone;SLE;1978;0.241070064;Africa;SLE
9119;Sierra Leone;SLE;1979;0.22480755;Africa;SLE
9120;Sierra Leone;SLE;1980;0.197226807;Africa;SLE
9121;Sierra Leone;SLE;1981;0.219645696;Africa;SLE
9122;Sierra Leone;SLE;1982;0.171730019;Africa;SLE
9123;Sierra Leone;SLE;1983;0.20912778;Africa;SLE
9124;Sierra Leone;SLE;1984;0.182460991;Africa;SLE
9125;Sierra Leone;SLE;1985;0.191494107;Africa;SLE
9126;Sierra Leone;SLE;1986;0.189046993;Africa;SLE
9127;Sierra Leone;SLE;1987;0.135447977;Africa;SLE
9128;Sierra Leone;SLE;1988;0.120908881;Africa;SLE
9129;Sierra Leone;SLE;1989;0.096444985;Africa;SLE
9130;Sierra Leone;SLE;1990;0.098875969;Africa;SLE
9131;Sierra Leone;SLE;1991;0.118952867;Africa;SLE
9132;Sierra Leone;SLE;1992;0.074661851;Africa;SLE
9133;Sierra Leone;SLE;1993;0.074396792;Africa;SLE
9134;Sierra Leone;SLE;1994;0.090283704;Africa;SLE
9135;Sierra Leone;SLE;1995;0.091727385;Africa;SLE
9136;Sierra Leone;SLE;1996;0.100451259;Africa;SLE
9137;Sierra Leone;SLE;1997;0.102087123;Africa;SLE
9138;Sierra Leone;SLE;1998;0.09454747;Africa;SLE
9139;Sierra Leone;SLE;1999;0.089149109;Africa;SLE
9140;Sierra Leone;SLE;2000;0.104753135;Africa;SLE
9141;Sierra Leone;SLE;2001;0.134682069;Africa;SLE
9142;Sierra Leone;SLE;2002;0.137652827;Africa;SLE
9143;Sierra Leone;SLE;2003;0.140440618;Africa;SLE
9144;Sierra Leone;SLE;2004;0.131758412;Africa;SLE
9145;Sierra Leone;SLE;2005;0.107740841;Africa;SLE
9146;Sierra Leone;SLE;2006;0.139876038;Africa;SLE
9147;Sierra Leone;SLE;2007;0.119033972;Africa;SLE
9148;Sierra Leone;SLE;2008;0.120200375;Africa;SLE
9149;Sierra Leone;SLE;2009;0.115584129;Africa;SLE
9150;Sierra Leone;SLE;2010;0.12570608;Africa;SLE
9151;Sierra Leone;SLE;2011;0.152044168;Africa;SLE
9152;El Salvador;SLV;1960;0.224301883;North America;SLV
9153;El Salvador;SLV;1961;0.20506597;North America;SLV
9154;El Salvador;SLV;1962;0.22168368;North America;SLV
9155;El Salvador;SLV;1963;0.373279817;North America;SLV
9156;El Salvador;SLV;1964;0.396663947;North America;SLV
9157;El Salvador;SLV;1965;0.325663529;North America;SLV
9158;El Salvador;SLV;1966;0.396746046;North America;SLV
9159;El Salvador;SLV;1967;0.342459705;North America;SLV
9160;El Salvador;SLV;1968;0.362724581;North America;SLV
9161;El Salvador;SLV;1969;0.333581327;North America;SLV
9162;El Salvador;SLV;1970;0.389830758;North America;SLV
9163;El Salvador;SLV;1971;0.401249106;North America;SLV
9164;El Salvador;SLV;1972;0.434859813;North America;SLV
9165;El Salvador;SLV;1973;0.497441277;North America;SLV
9166;El Salvador;SLV;1974;0.486646877;North America;SLV
9167;El Salvador;SLV;1975;0.508381505;North America;SLV
9168;El Salvador;SLV;1976;0.521607471;North America;SLV
9169;El Salvador;SLV;1977;0.528598922;North America;SLV
9170;El Salvador;SLV;1978;0.541459929;North America;SLV
9171;El Salvador;SLV;1979;0.531454355;North America;SLV
9172;El Salvador;SLV;1980;0.46621708;North America;SLV
9173;El Salvador;SLV;1981;0.394126642;North America;SLV
9174;El Salvador;SLV;1982;0.374288902;North America;SLV
9175;El Salvador;SLV;1983;0.397365931;North America;SLV
9176;El Salvador;SLV;1984;0.330803991;North America;SLV
9177;El Salvador;SLV;1985;0.403889751;North America;SLV
9178;El Salvador;SLV;1986;0.399312107;North America;SLV
9179;El Salvador;SLV;1987;0.484879604;North America;SLV
9180;El Salvador;SLV;1988;0.482954726;North America;SLV
9181;El Salvador;SLV;1989;0.499381103;North America;SLV
9182;El Salvador;SLV;1990;0.498514303;North America;SLV
9183;El Salvador;SLV;1991;0.607080872;North America;SLV
9184;El Salvador;SLV;1992;0.635859553;North America;SLV
9185;El Salvador;SLV;1993;0.712340763;North America;SLV
9186;El Salvador;SLV;1994;0.801325323;North America;SLV
9187;El Salvador;SLV;1995;0.944842159;North America;SLV
9188;El Salvador;SLV;1996;0.86746945;North America;SLV
9189;El Salvador;SLV;1997;1.012043814;North America;SLV
9190;El Salvador;SLV;1998;1.013270398;North America;SLV
9191;El Salvador;SLV;1999;0.986643604;North America;SLV
9192;El Salvador;SLV;2000;0.988073648;North America;SLV
9193;El Salvador;SLV;2001;1.017645958;North America;SLV
9194;El Salvador;SLV;2002;1.028130666;North America;SLV
9195;El Salvador;SLV;2003;1.110491077;North America;SLV
9196;El Salvador;SLV;2004;1.074399389;North America;SLV
9197;El Salvador;SLV;2005;1.085202026;North America;SLV
9198;El Salvador;SLV;2006;1.147251739;North America;SLV
9199;El Salvador;SLV;2007;1.165689677;North America;SLV
9200;El Salvador;SLV;2008;1.090169563;North America;SLV
9201;El Salvador;SLV;2009;1.070009174;North America;SLV
9202;El Salvador;SLV;2010;1.044537988;North America;SLV
9203;El Salvador;SLV;2011;1.103998574;North America;SLV
9256;Somalia;SOM;1960;0.030598466;Africa;SOM
9257;Somalia;SOM;1961;0.031267464;Africa;SOM
9258;Somalia;SOM;1962;0.03698959;Africa;SOM
9259;Somalia;SOM;1963;0.034955198;Africa;SOM
9260;Somalia;SOM;1964;0.045193598;Africa;SOM
9261;Somalia;SOM;1965;0.043006843;Africa;SOM
9262;Somalia;SOM;1966;0.044317807;Africa;SOM
9263;Somalia;SOM;1967;0.070448324;Africa;SOM
9264;Somalia;SOM;1968;0.046514297;Africa;SOM
9265;Somalia;SOM;1969;0.047659754;Africa;SOM
9266;Somalia;SOM;1970;0.062794376;Africa;SOM
9267;Somalia;SOM;1971;0.0537781;Africa;SOM
9268;Somalia;SOM;1972;0.067240162;Africa;SOM
9269;Somalia;SOM;1973;0.074867993;Africa;SOM
9270;Somalia;SOM;1974;0.090553843;Africa;SOM
9271;Somalia;SOM;1975;0.129447262;Africa;SOM
9272;Somalia;SOM;1976;0.11277419;Africa;SOM
9273;Somalia;SOM;1977;0.168149126;Africa;SOM
9274;Somalia;SOM;1978;0.105384541;Africa;SOM
9275;Somalia;SOM;1979;0.084687325;Africa;SOM
9276;Somalia;SOM;1980;0.133680323;Africa;SOM
9277;Somalia;SOM;1981;0.043991823;Africa;SOM
9278;Somalia;SOM;1982;0.114602192;Africa;SOM
9279;Somalia;SOM;1983;0.150828165;Africa;SOM
9280;Somalia;SOM;1984;0.116969659;Africa;SOM
9281;Somalia;SOM;1985;0.141400446;Africa;SOM
9282;Somalia;SOM;1986;0.151919461;Africa;SOM
9283;Somalia;SOM;1987;0.161878491;Africa;SOM
9284;Somalia;SOM;1988;0.162195804;Africa;SOM
9285;Somalia;SOM;1989;0.152270098;Africa;SOM
9286;Somalia;SOM;1990;0.002900366;Africa;SOM
9287;Somalia;SOM;1991;0.000580265;Africa;SOM
9288;Somalia;SOM;1992;0.00174785;Africa;SOM
9289;Somalia;SOM;1993;0.001754757;Africa;SOM
9290;Somalia;SOM;1994;0.001752055;Africa;SOM
9291;Somalia;SOM;1995;0.001733413;Africa;SOM
9296;Somalia;SOM;2000;0.070009191;Africa;SOM
9297;Somalia;SOM;2001;0.066015178;Africa;SOM
9298;Somalia;SOM;2002;0.074959088;Africa;SOM
9299;Somalia;SOM;2003;0.073895549;Africa;SOM
9300;Somalia;SOM;2004;0.071997347;Africa;SOM
9301;Somalia;SOM;2005;0.07016161;Africa;SOM
9302;Somalia;SOM;2006;0.068384733;Africa;SOM
9303;Somalia;SOM;2007;0.068326521;Africa;SOM
9304;Somalia;SOM;2008;0.065850768;Africa;SOM
9305;Somalia;SOM;2009;0.063880736;Africa;SOM
9306;Somalia;SOM;2010;0.06391226;Africa;SOM
9307;Somalia;SOM;2011;0.05870688;Africa;SOM
9354;Serbia;SRB;2006;7.25427423;Europe;SRB
9355;Serbia;SRB;2007;7.078578039;Europe;SRB
9356;Serbia;SRB;2008;7.058387624;Europe;SRB
9357;Serbia;SRB;2009;6.300834457;Europe;SRB
9358;Serbia;SRB;2010;6.292016689;Europe;SRB
9359;Serbia;SRB;2011;6.799114997;Europe;SRB
9412;Sao Tome and Principe;STP;1960;0.171208466;Africa;STP
9413;Sao Tome and Principe;STP;1961;0.170428667;Africa;STP
9414;Sao Tome and Principe;STP;1962;0.170746093;Africa;STP
9415;Sao Tome and Principe;STP;1963;0.114270579;Africa;STP
9416;Sao Tome and Principe;STP;1964;0.171331122;Africa;STP
9417;Sao Tome and Principe;STP;1965;0.169776379;Africa;STP
9418;Sao Tome and Principe;STP;1966;0.16653799;Africa;STP
9419;Sao Tome and Principe;STP;1967;0.162079736;Africa;STP
9420;Sao Tome and Principe;STP;1968;0.209423187;Africa;STP
9421;Sao Tome and Principe;STP;1969;0.203045404;Africa;STP
9422;Sao Tome and Principe;STP;1970;0.197546161;Africa;STP
9423;Sao Tome and Principe;STP;1971;0.144770954;Africa;STP
9424;Sao Tome and Principe;STP;1972;0.14188248;Africa;STP
9425;Sao Tome and Principe;STP;1973;0.185609799;Africa;STP
9426;Sao Tome and Principe;STP;1974;0.227283997;Africa;STP
9427;Sao Tome and Principe;STP;1975;0.221954556;Africa;STP
9428;Sao Tome and Principe;STP;1976;0.3455807;Africa;STP
9429;Sao Tome and Principe;STP;1977;0.335513976;Africa;STP
9430;Sao Tome and Principe;STP;1978;0.366313336;Africa;STP
9431;Sao Tome and Principe;STP;1979;0.35620386;Africa;STP
9432;Sao Tome and Principe;STP;1980;0.424810169;Africa;STP
9433;Sao Tome and Principe;STP;1981;0.45389749;Africa;STP
9434;Sao Tome and Principe;STP;1982;0.483028006;Africa;STP
9435;Sao Tome and Principe;STP;1983;0.548486813;Africa;STP
9436;Sao Tome and Principe;STP;1984;0.503951075;Africa;STP
9437;Sao Tome and Principe;STP;1985;0.531156754;Africa;STP
9438;Sao Tome and Principe;STP;1986;0.48724422;Africa;STP
9439;Sao Tome and Principe;STP;1987;0.478613514;Africa;STP
9440;Sao Tome and Principe;STP;1988;0.436275945;Africa;STP
9441;Sao Tome and Principe;STP;1989;0.428030133;Africa;STP
9442;Sao Tome and Principe;STP;1990;0.419731455;Africa;STP
9443;Sao Tome and Principe;STP;1991;0.411311475;Africa;STP
9444;Sao Tome and Principe;STP;1992;0.402810403;Africa;STP
9445;Sao Tome and Principe;STP;1993;0.394467476;Africa;STP
9446;Sao Tome and Principe;STP;1994;0.386569682;Africa;STP
9447;Sao Tome and Principe;STP;1995;0.379262336;Africa;STP
9448;Sao Tome and Principe;STP;1996;0.372586873;Africa;STP
9449;Sao Tome and Principe;STP;1997;0.366389978;Africa;STP
9450;Sao Tome and Principe;STP;1998;0.360368601;Africa;STP
9451;Sao Tome and Principe;STP;1999;0.354162642;Africa;STP
9452;Sao Tome and Principe;STP;2000;0.347547461;Africa;STP
9453;Sao Tome and Principe;STP;2001;0.366692142;Africa;STP
9454;Sao Tome and Principe;STP;2002;0.41004997;Africa;STP
9455;Sao Tome and Principe;STP;2003;0.45099312;Africa;STP
9456;Sao Tome and Principe;STP;2004;0.489808458;Africa;STP
9457;Sao Tome and Principe;STP;2005;0.502833897;Africa;STP
9458;Sao Tome and Principe;STP;2006;0.538631022;Africa;STP
9459;Sao Tome and Principe;STP;2007;0.526920482;Africa;STP
9460;Sao Tome and Principe;STP;2008;0.515547541;Africa;STP
9461;Sao Tome and Principe;STP;2009;0.548308572;Africa;STP
9462;Sao Tome and Principe;STP;2010;0.579406601;Africa;STP
9463;Sao Tome and Principe;STP;2011;0.587909256;Africa;STP
9464;Suriname;SUR;1960;1.492233733;South America;SUR
9465;Suriname;SUR;1961;1.438810825;South America;SUR
9466;Suriname;SUR;1962;1.616051317;South America;SUR
9467;Suriname;SUR;1963;1.69050647;South America;SUR
9468;Suriname;SUR;1964;1.873264292;South America;SUR
9469;Suriname;SUR;1965;2.398256173;South America;SUR
9470;Suriname;SUR;1966;3.214054764;South America;SUR
9471;Suriname;SUR;1967;3.805471055;South America;SUR
9472;Suriname;SUR;1968;4.036671439;South America;SUR
9473;Suriname;SUR;1969;4.148359661;South America;SUR
9474;Suriname;SUR;1970;4.335986403;South America;SUR
9475;Suriname;SUR;1971;4.605658863;South America;SUR
9476;Suriname;SUR;1972;4.700800931;South America;SUR
9477;Suriname;SUR;1973;5.724367571;South America;SUR
9478;Suriname;SUR;1974;4.389102831;South America;SUR
9479;Suriname;SUR;1975;5.571519174;South America;SUR
9480;Suriname;SUR;1976;5.530414979;South America;SUR
9481;Suriname;SUR;1977;5.261017081;South America;SUR
9482;Suriname;SUR;1978;6.624608881;South America;SUR
9483;Suriname;SUR;1979;6.338877276;South America;SUR
9484;Suriname;SUR;1980;6.539965323;South America;SUR
9485;Suriname;SUR;1981;5.591708436;South America;SUR
9486;Suriname;SUR;1982;5.148002846;South America;SUR
9487;Suriname;SUR;1983;3.764969527;South America;SUR
9488;Suriname;SUR;1984;4.229492589;South America;SUR
9489;Suriname;SUR;1985;4.30402537;South America;SUR
9490;Suriname;SUR;1986;4.669193815;South America;SUR
9491;Suriname;SUR;1987;4.584752915;South America;SUR
9492;Suriname;SUR;1988;4.791372231;South America;SUR
9493;Suriname;SUR;1989;4.637213127;South America;SUR
9494;Suriname;SUR;1990;4.436944616;South America;SUR
9495;Suriname;SUR;1991;5.050114404;South America;SUR
9496;Suriname;SUR;1992;4.986618568;South America;SUR
9497;Suriname;SUR;1993;5.003924335;South America;SUR
9498;Suriname;SUR;1994;4.936410514;South America;SUR
9499;Suriname;SUR;1995;4.893939394;South America;SUR
9500;Suriname;SUR;1996;4.696380273;South America;SUR
9501;Suriname;SUR;1997;4.639670342;South America;SUR
9502;Suriname;SUR;1998;4.612008322;South America;SUR
9503;Suriname;SUR;1999;4.525570971;South America;SUR
9504;Suriname;SUR;2000;4.424036559;South America;SUR
9505;Suriname;SUR;2001;4.695359451;South America;SUR
9506;Suriname;SUR;2002;4.645294496;South America;SUR
9507;Suriname;SUR;2003;4.609684173;South America;SUR
9508;Suriname;SUR;2004;4.69886085;South America;SUR
9509;Suriname;SUR;2005;4.852076935;South America;SUR
9510;Suriname;SUR;2006;4.939088986;South America;SUR
9511;Suriname;SUR;2007;4.897112104;South America;SUR
9512;Suriname;SUR;2008;4.84197988;South America;SUR
9513;Suriname;SUR;2009;4.829500002;South America;SUR
9514;Suriname;SUR;2010;4.621427372;South America;SUR
9515;Suriname;SUR;2011;3.649913361;South America;SUR
9548;Slovak Republic;SVK;1992;8.328661591;Europe;SVK
9549;Slovak Republic;SVK;1993;8.05247737;Europe;SVK
9550;Slovak Republic;SVK;1994;7.560575842;Europe;SVK
9551;Slovak Republic;SVK;1995;7.854439175;Europe;SVK
9552;Slovak Republic;SVK;1996;7.688376418;Europe;SVK
9553;Slovak Republic;SVK;1997;7.625149374;Europe;SVK
9554;Slovak Republic;SVK;1998;7.509487589;Europe;SVK
9555;Slovak Republic;SVK;1999;7.272131497;Europe;SVK
9556;Slovak Republic;SVK;2000;6.659329488;Europe;SVK
9557;Slovak Republic;SVK;2001;7.317137791;Europe;SVK
9558;Slovak Republic;SVK;2002;7.300020532;Europe;SVK
9559;Slovak Republic;SVK;2003;7.349868072;Europe;SVK
9560;Slovak Republic;SVK;2004;7.212801455;Europe;SVK
9561;Slovak Republic;SVK;2005;7.325390806;Europe;SVK
9562;Slovak Republic;SVK;2006;7.277962961;Europe;SVK
9563;Slovak Republic;SVK;2007;6.843273815;Europe;SVK
9564;Slovak Republic;SVK;2008;7.010558568;Europe;SVK
9565;Slovak Republic;SVK;2009;6.319073237;Europe;SVK
9566;Slovak Republic;SVK;2010;6.721959562;Europe;SVK
9567;Slovak Republic;SVK;2011;6.367545917;Europe;SVK
9600;Slovenia;SVN;1992;6.250344854;Europe;SVN
9601;Slovenia;SVN;1993;6.609542582;Europe;SVN
9602;Slovenia;SVN;1994;6.705668873;Europe;SVN
9603;Slovenia;SVN;1995;7.238644496;Europe;SVN
9604;Slovenia;SVN;1996;7.519770415;Europe;SVN
9605;Slovenia;SVN;1997;7.985964946;Europe;SVN
9606;Slovenia;SVN;1998;7.666612166;Europe;SVN
9607;Slovenia;SVN;1999;7.703668853;Europe;SVN
9608;Slovenia;SVN;2000;7.23840366;Europe;SVN
9609;Slovenia;SVN;2001;7.611741112;Europe;SVN
9610;Slovenia;SVN;2002;7.731011817;Europe;SVN
9611;Slovenia;SVN;2003;7.772287175;Europe;SVN
9612;Slovenia;SVN;2004;7.884828934;Europe;SVN
9613;Slovenia;SVN;2005;7.931674693;Europe;SVN
9614;Slovenia;SVN;2006;8.094608116;Europe;SVN
9615;Slovenia;SVN;2007;8.049468764;Europe;SVN
9616;Slovenia;SVN;2008;8.532016271;Europe;SVN
9617;Slovenia;SVN;2009;7.547335376;Europe;SVN
9618;Slovenia;SVN;2010;7.530604813;Europe;SVN
9619;Slovenia;SVN;2011;7.504259702;Europe;SVN
9620;Sweden;SWE;1960;6.576406584;Europe;SWE
9621;Sweden;SWE;1961;6.49624827;Europe;SWE
9622;Sweden;SWE;1962;6.787859772;Europe;SWE
9623;Sweden;SWE;1963;7.281603319;Europe;SWE
9624;Sweden;SWE;1964;7.887921639;Europe;SWE
9625;Sweden;SWE;1965;8.097993717;Europe;SWE
9626;Sweden;SWE;1966;9.29736416;Europe;SWE
9627;Sweden;SWE;1967;8.770023403;Europe;SWE
9628;Sweden;SWE;1968;9.818341076;Europe;SWE
9629;Sweden;SWE;1969;10.851792;Europe;SWE
9630;Sweden;SWE;1970;11.48593183;Europe;SWE
9631;Sweden;SWE;1971;10.44540223;Europe;SWE
9632;Sweden;SWE;1972;10.43805819;Europe;SWE
9633;Sweden;SWE;1973;10.73782262;Europe;SWE
9634;Sweden;SWE;1974;9.790404726;Europe;SWE
9635;Sweden;SWE;1975;9.865727011;Europe;SWE
9636;Sweden;SWE;1976;10.74016326;Europe;SWE
9637;Sweden;SWE;1977;10.39855991;Europe;SWE
9638;Sweden;SWE;1978;9.610611026;Europe;SWE
9639;Sweden;SWE;1979;10.24005514;Europe;SWE
9640;Sweden;SWE;1980;8.634769908;Europe;SWE
9641;Sweden;SWE;1981;8.344564986;Europe;SWE
9642;Sweden;SWE;1982;7.482205547;Europe;SWE
9643;Sweden;SWE;1983;6.999367874;Europe;SWE
9644;Sweden;SWE;1984;6.877325362;Europe;SWE
9645;Sweden;SWE;1985;7.471990516;Europe;SWE
9646;Sweden;SWE;1986;7.412135421;Europe;SWE
9647;Sweden;SWE;1987;7.111037004;Europe;SWE
9648;Sweden;SWE;1988;6.808940899;Europe;SWE
9649;Sweden;SWE;1989;6.53871228;Europe;SWE
9650;Sweden;SWE;1990;6.069368319;Europe;SWE
9651;Sweden;SWE;1991;5.979200975;Europe;SWE
9652;Sweden;SWE;1992;5.886699422;Europe;SWE
9653;Sweden;SWE;1993;5.936305085;Europe;SWE
9654;Sweden;SWE;1994;6.251746293;Europe;SWE
9655;Sweden;SWE;1995;6.248524772;Europe;SWE
9656;Sweden;SWE;1996;6.324031405;Europe;SWE
9657;Sweden;SWE;1997;5.89509852;Europe;SWE
9658;Sweden;SWE;1998;5.985459792;Europe;SWE
9659;Sweden;SWE;1999;5.769666514;Europe;SWE
9660;Sweden;SWE;2000;5.562430083;Europe;SWE
9661;Sweden;SWE;2001;5.747026066;Europe;SWE
9662;Sweden;SWE;2002;6.434228598;Europe;SWE
9663;Sweden;SWE;2003;6.115194532;Europe;SWE
9664;Sweden;SWE;2004;6.062241404;Europe;SWE
9665;Sweden;SWE;2005;5.710313512;Europe;SWE
9666;Sweden;SWE;2006;5.459003216;Europe;SWE
9667;Sweden;SWE;2007;5.253521937;Europe;SWE
9668;Sweden;SWE;2008;5.326109585;Europe;SWE
9669;Sweden;SWE;2009;4.704368708;Europe;SWE
9670;Sweden;SWE;2010;5.606000495;Europe;SWE
9671;Sweden;SWE;2011;5.518421481;Europe;SWE
9672;Swaziland;SWZ;1960;0.094501379;Africa;SWZ
9673;Swaziland;SWZ;1961;0.010256711;Africa;SWZ
9676;Swaziland;SWZ;1964;0.028755146;Africa;SWZ
9677;Swaziland;SWZ;1965;0.205980202;Africa;SWZ
9678;Swaziland;SWZ;1966;0.50258538;Africa;SWZ
9679;Swaziland;SWZ;1967;0.552530147;Africa;SWZ
9680;Swaziland;SWZ;1968;0.659991569;Africa;SWZ
9681;Swaziland;SWZ;1969;0.701763164;Africa;SWZ
9682;Swaziland;SWZ;1970;0.822484995;Africa;SWZ
9683;Swaziland;SWZ;1971;0.871349874;Africa;SWZ
9684;Swaziland;SWZ;1972;0.807406576;Africa;SWZ
9685;Swaziland;SWZ;1973;0.761044763;Africa;SWZ
9686;Swaziland;SWZ;1974;0.621406471;Africa;SWZ
9687;Swaziland;SWZ;1975;0.652415394;Africa;SWZ
9688;Swaziland;SWZ;1976;0.625763224;Africa;SWZ
9689;Swaziland;SWZ;1977;0.619904205;Africa;SWZ
9690;Swaziland;SWZ;1978;0.775318909;Africa;SWZ
9691;Swaziland;SWZ;1979;0.764304202;Africa;SWZ
9692;Swaziland;SWZ;1980;0.771842625;Africa;SWZ
9693;Swaziland;SWZ;1981;0.702338914;Africa;SWZ
9694;Swaziland;SWZ;1982;0.682544151;Africa;SWZ
9695;Swaziland;SWZ;1983;0.412087545;Africa;SWZ
9696;Swaziland;SWZ;1984;0.49054837;Africa;SWZ
9697;Swaziland;SWZ;1985;0.623734925;Africa;SWZ
9698;Swaziland;SWZ;1986;0.623817689;Africa;SWZ
9699;Swaziland;SWZ;1987;0.568625662;Africa;SWZ
9700;Swaziland;SWZ;1988;0.544547326;Africa;SWZ
9701;Swaziland;SWZ;1989;0.523362681;Africa;SWZ
9702;Swaziland;SWZ;1990;0.49305459;Africa;SWZ
9703;Swaziland;SWZ;1991;0.367837403;Africa;SWZ
9704;Swaziland;SWZ;1992;0.290792304;Africa;SWZ
9705;Swaziland;SWZ;1993;0.142527078;Africa;SWZ
9706;Swaziland;SWZ;1994;0.512637375;Africa;SWZ
9707;Swaziland;SWZ;1995;0.471968845;Africa;SWZ
9708;Swaziland;SWZ;1996;0.346398092;Africa;SWZ
9709;Swaziland;SWZ;1997;1.194699829;Africa;SWZ
9710;Swaziland;SWZ;1998;1.179920365;Africa;SWZ
9711;Swaziland;SWZ;1999;1.182507101;Africa;SWZ
9712;Swaziland;SWZ;2000;1.116942038;Africa;SWZ
9713;Swaziland;SWZ;2001;1.064515499;Africa;SWZ
9714;Swaziland;SWZ;2002;1.040264463;Africa;SWZ
9715;Swaziland;SWZ;2003;0.957239724;Africa;SWZ
9716;Swaziland;SWZ;2004;0.941222626;Africa;SWZ
9717;Swaziland;SWZ;2005;0.922856455;Africa;SWZ
9718;Swaziland;SWZ;2006;0.908384338;Africa;SWZ
9719;Swaziland;SWZ;2007;0.937064096;Africa;SWZ
9720;Swaziland;SWZ;2008;0.950321127;Africa;SWZ
9721;Swaziland;SWZ;2009;0.890557455;Africa;SWZ
9722;Swaziland;SWZ;2010;0.869767204;Africa;SWZ
9723;Swaziland;SWZ;2011;0.864988313;Africa;SWZ
9779;Seychelles;SYC;1963;0.162342837;Africa;SYC
9780;Seychelles;SYC;1964;0.158326497;Africa;SYC
9781;Seychelles;SYC;1965;0.1544;Africa;SYC
9782;Seychelles;SYC;1966;0.150598575;Africa;SYC
9783;Seychelles;SYC;1967;0.146941556;Africa;SYC
9784;Seychelles;SYC;1968;0.143427074;Africa;SYC
9785;Seychelles;SYC;1969;0.140055381;Africa;SYC
9786;Seychelles;SYC;1970;0.547313433;Africa;SYC
9787;Seychelles;SYC;1971;0.601860126;Africa;SYC
9788;Seychelles;SYC;1972;0.784832703;Africa;SYC
9789;Seychelles;SYC;1973;0.832186998;Africa;SYC
9790;Seychelles;SYC;1974;0.940803202;Africa;SYC
9791;Seychelles;SYC;1975;0.98442953;Africa;SYC
9792;Seychelles;SYC;1976;1.328973379;Africa;SYC
9793;Seychelles;SYC;1977;1.366023129;Africa;SYC
9794;Seychelles;SYC;1978;1.228044716;Africa;SYC
9795;Seychelles;SYC;1979;1.902868195;Africa;SYC
9796;Seychelles;SYC;1980;1.480465839;Africa;SYC
9797;Seychelles;SYC;1981;1.520221717;Africa;SYC
9798;Seychelles;SYC;1982;1.282167832;Africa;SYC
9799;Seychelles;SYC;1983;1.491840825;Africa;SYC
9800;Seychelles;SYC;1984;1.479910914;Africa;SYC
9801;Seychelles;SYC;1985;2.230667656;Africa;SYC
9802;Seychelles;SYC;1986;2.431088587;Africa;SYC
9803;Seychelles;SYC;1987;2.950681765;Africa;SYC
9804;Seychelles;SYC;1988;2.87616198;Africa;SYC
9805;Seychelles;SYC;1989;3.382256298;Africa;SYC
9806;Seychelles;SYC;1990;1.623957143;Africa;SYC
9807;Seychelles;SYC;1991;2.021242315;Africa;SYC
9808;Seychelles;SYC;1992;2.3028455;Africa;SYC
9809;Seychelles;SYC;1993;2.219031508;Africa;SYC
9810;Seychelles;SYC;1994;2.529820764;Africa;SYC
9811;Seychelles;SYC;1995;2.483493573;Africa;SYC
9812;Seychelles;SYC;1996;2.54329534;Africa;SYC
9813;Seychelles;SYC;1997;5.264385209;Africa;SYC
9814;Seychelles;SYC;1998;5.487989245;Africa;SYC
9815;Seychelles;SYC;1999;6.293321726;Africa;SYC
9816;Seychelles;SYC;2000;6.87017293;Africa;SYC
9817;Seychelles;SYC;2001;7.812504618;Africa;SYC
9818;Seychelles;SYC;2002;6.440250896;Africa;SYC
9819;Seychelles;SYC;2003;6.643115942;Africa;SYC
9820;Seychelles;SYC;2004;8.934145455;Africa;SYC
9821;Seychelles;SYC;2005;8.315995175;Africa;SYC
9822;Seychelles;SYC;2006;8.669030733;Africa;SYC
9823;Seychelles;SYC;2007;7.546775958;Africa;SYC
9824;Seychelles;SYC;2008;7.970272322;Africa;SYC
9825;Seychelles;SYC;2009;8.485119934;Africa;SYC
9826;Seychelles;SYC;2010;7.679581152;Africa;SYC
9827;Seychelles;SYC;2011;6.835706362;Africa;SYC
9828;Syrian Arab Republic;SYR;1960;0.701817876;Asia;SYR
9829;Syrian Arab Republic;SYR;1961;0.646399567;Asia;SYR
9830;Syrian Arab Republic;SYR;1962;0.654416563;Asia;SYR
9831;Syrian Arab Republic;SYR;1963;0.714139971;Asia;SYR
9832;Syrian Arab Republic;SYR;1964;0.835932809;Asia;SYR
9833;Syrian Arab Republic;SYR;1965;0.681321623;Asia;SYR
9834;Syrian Arab Republic;SYR;1966;0.881376155;Asia;SYR
9835;Syrian Arab Republic;SYR;1967;0.79920877;Asia;SYR
9836;Syrian Arab Republic;SYR;1968;0.999881608;Asia;SYR
9837;Syrian Arab Republic;SYR;1969;1.174380361;Asia;SYR
9838;Syrian Arab Republic;SYR;1970;1.043969071;Asia;SYR
9839;Syrian Arab Republic;SYR;1971;1.346362817;Asia;SYR
9840;Syrian Arab Republic;SYR;1972;1.137351483;Asia;SYR
9841;Syrian Arab Republic;SYR;1973;1.117254659;Asia;SYR
9842;Syrian Arab Republic;SYR;1974;1.322022489;Asia;SYR
9843;Syrian Arab Republic;SYR;1975;1.478629032;Asia;SYR
9844;Syrian Arab Republic;SYR;1976;1.758822695;Asia;SYR
9845;Syrian Arab Republic;SYR;1977;1.813064375;Asia;SYR
9846;Syrian Arab Republic;SYR;1978;1.82005109;Asia;SYR
9847;Syrian Arab Republic;SYR;1979;2.60617582;Asia;SYR
9848;Syrian Arab Republic;SYR;1980;2.322747728;Asia;SYR
9849;Syrian Arab Republic;SYR;1981;2.871222687;Asia;SYR
9850;Syrian Arab Republic;SYR;1982;2.547270265;Asia;SYR
9851;Syrian Arab Republic;SYR;1983;2.807081998;Asia;SYR
9852;Syrian Arab Republic;SYR;1984;3.208518556;Asia;SYR
9853;Syrian Arab Republic;SYR;1985;2.779664478;Asia;SYR
9854;Syrian Arab Republic;SYR;1986;2.844900849;Asia;SYR
9855;Syrian Arab Republic;SYR;1987;3.184792891;Asia;SYR
9856;Syrian Arab Republic;SYR;1988;3.149560234;Asia;SYR
9857;Syrian Arab Republic;SYR;1989;2.859290244;Asia;SYR
9858;Syrian Arab Republic;SYR;1990;3.007746352;Asia;SYR
9859;Syrian Arab Republic;SYR;1991;3.369871672;Asia;SYR
9860;Syrian Arab Republic;SYR;1992;3.369943563;Asia;SYR
9861;Syrian Arab Republic;SYR;1993;3.474817624;Asia;SYR
9862;Syrian Arab Republic;SYR;1994;3.481289575;Asia;SYR
9863;Syrian Arab Republic;SYR;1995;3.069828541;Asia;SYR
9864;Syrian Arab Republic;SYR;1996;3.00278647;Asia;SYR
9865;Syrian Arab Republic;SYR;1997;2.703790044;Asia;SYR
9866;Syrian Arab Republic;SYR;1998;3.229658913;Asia;SYR
9867;Syrian Arab Republic;SYR;1999;3.279365006;Asia;SYR
9868;Syrian Arab Republic;SYR;2000;3.121447409;Asia;SYR
9869;Syrian Arab Republic;SYR;2001;2.92228095;Asia;SYR
9870;Syrian Arab Republic;SYR;2002;2.298465641;Asia;SYR
9871;Syrian Arab Republic;SYR;2003;3.137147741;Asia;SYR
9872;Syrian Arab Republic;SYR;2004;2.892196561;Asia;SYR
9873;Syrian Arab Republic;SYR;2005;2.792388308;Asia;SYR
9874;Syrian Arab Republic;SYR;2006;2.861435589;Asia;SYR
9875;Syrian Arab Republic;SYR;2007;3.421673064;Asia;SYR
9876;Syrian Arab Republic;SYR;2008;3.360814123;Asia;SYR
9877;Syrian Arab Republic;SYR;2009;3.012318451;Asia;SYR
9878;Syrian Arab Republic;SYR;2010;2.971741072;Asia;SYR
9879;Syrian Arab Republic;SYR;2011;2.736990943;Asia;SYR
9915;Turks and Caicos Islands;TCA;1995;0.717425329;North America;TCA
9916;Turks and Caicos Islands;TCA;1996;0.688983529;North America;TCA
9917;Turks and Caicos Islands;TCA;1997;0.665638047;North America;TCA
9918;Turks and Caicos Islands;TCA;1998;0.857076078;North America;TCA
9919;Turks and Caicos Islands;TCA;1999;0.821000784;North America;TCA
9920;Turks and Caicos Islands;TCA;2000;0.777071413;North America;TCA
9921;Turks and Caicos Islands;TCA;2001;0.726642227;North America;TCA
9922;Turks and Caicos Islands;TCA;2002;4.554231831;North America;TCA
9923;Turks and Caicos Islands;TCA;2003;4.385614215;North America;TCA
9924;Turks and Caicos Islands;TCA;2004;4.102937063;North America;TCA
9925;Turks and Caicos Islands;TCA;2005;4.575085066;North America;TCA
9926;Turks and Caicos Islands;TCA;2006;5.173757326;North America;TCA
9927;Turks and Caicos Islands;TCA;2007;5.762099309;North America;TCA
9928;Turks and Caicos Islands;TCA;2008;6.094874665;North America;TCA
9929;Turks and Caicos Islands;TCA;2009;5.940523027;North America;TCA
9930;Turks and Caicos Islands;TCA;2010;6.152486045;North America;TCA
9931;Turks and Caicos Islands;TCA;2011;6.010149084;North America;TCA
9932;Chad;TCD;1960;0.018319148;Africa;TCD
9933;Chad;TCD;1961;0.016769326;Africa;TCD
9934;Chad;TCD;1962;0.027011966;Africa;TCD
9935;Chad;TCD;1963;0.028785393;Africa;TCD
9936;Chad;TCD;1964;0.030484962;Africa;TCD
9937;Chad;TCD;1965;0.032118858;Africa;TCD
9938;Chad;TCD;1966;0.025000571;Africa;TCD
9939;Chad;TCD;1967;0.034149083;Africa;TCD
9940;Chad;TCD;1968;0.035614369;Africa;TCD
9941;Chad;TCD;1969;0.045198329;Africa;TCD
9942;Chad;TCD;1970;0.034206048;Africa;TCD
9943;Chad;TCD;1971;0.040335817;Africa;TCD
9944;Chad;TCD;1972;0.031708993;Africa;TCD
9945;Chad;TCD;1973;0.041278891;Africa;TCD
9946;Chad;TCD;1974;0.037581949;Africa;TCD
9947;Chad;TCD;1975;0.044841371;Africa;TCD
9948;Chad;TCD;1976;0.043936478;Africa;TCD
9949;Chad;TCD;1977;0.046540236;Africa;TCD
9950;Chad;TCD;1978;0.044818627;Africa;TCD
9951;Chad;TCD;1979;0.045615147;Africa;TCD
9952;Chad;TCD;1980;0.046316972;Africa;TCD
9953;Chad;TCD;1981;0.045330868;Africa;TCD
9954;Chad;TCD;1982;0.043543007;Africa;TCD
9955;Chad;TCD;1983;0.042515458;Africa;TCD
9956;Chad;TCD;1984;0.043662797;Africa;TCD
9957;Chad;TCD;1985;0.03528281;Africa;TCD
9958;Chad;TCD;1986;0.035661969;Africa;TCD
9959;Chad;TCD;1987;0.036607124;Africa;TCD
9960;Chad;TCD;1988;0.011817325;Africa;TCD
9961;Chad;TCD;1989;0.017797043;Africa;TCD
9962;Chad;TCD;1990;0.024618909;Africa;TCD
9963;Chad;TCD;1991;0.011326709;Africa;TCD
9964;Chad;TCD;1992;0.013859148;Africa;TCD
9965;Chad;TCD;1993;0.015100597;Africa;TCD
9966;Chad;TCD;1994;0.015159372;Africa;TCD
9967;Chad;TCD;1995;0.014664577;Africa;TCD
9968;Chad;TCD;1996;0.014684167;Africa;TCD
9969;Chad;TCD;1997;0.015168779;Africa;TCD
9970;Chad;TCD;1998;0.014648802;Africa;TCD
9971;Chad;TCD;1999;0.015046042;Africa;TCD
9972;Chad;TCD;2000;0.021096635;Africa;TCD
9973;Chad;TCD;2001;0.019893465;Africa;TCD
9974;Chad;TCD;2002;0.018738068;Africa;TCD
9975;Chad;TCD;2003;0.040772689;Africa;TCD
9976;Chad;TCD;2004;0.038896151;Africa;TCD
9977;Chad;TCD;2005;0.039700606;Africa;TCD
9978;Chad;TCD;2006;0.039049501;Africa;TCD
9979;Chad;TCD;2007;0.042863011;Africa;TCD
9980;Chad;TCD;2008;0.045756274;Africa;TCD
9981;Chad;TCD;2009;0.042689415;Africa;TCD
9982;Chad;TCD;2010;0.043462549;Africa;TCD
9983;Chad;TCD;2011;0.043830424;Africa;TCD
9984;Togo;TGO;1960;0.04176239;Africa;TGO
9985;Togo;TGO;1961;0.057385536;Africa;TGO
9986;Togo;TGO;1962;0.054569873;Africa;TGO
9987;Togo;TGO;1963;0.065170616;Africa;TGO
9988;Togo;TGO;1964;0.079426162;Africa;TGO
9989;Togo;TGO;1965;0.077261809;Africa;TGO
9990;Togo;TGO;1966;0.101285266;Africa;TGO
9991;Togo;TGO;1967;0.106722646;Africa;TGO
9992;Togo;TGO;1968;0.099883286;Africa;TGO
9993;Togo;TGO;1969;0.118935048;Africa;TGO
9994;Togo;TGO;1970;0.130003437;Africa;TGO
9995;Togo;TGO;1971;0.144286786;Africa;TGO
9996;Togo;TGO;1972;0.177837447;Africa;TGO
9997;Togo;TGO;1973;0.17512357;Africa;TGO
9998;Togo;TGO;1974;0.160272135;Africa;TGO
9999;Togo;TGO;1975;0.129310094;Africa;TGO
10000;Togo;TGO;1976;0.13094;Africa;TGO
10001;Togo;TGO;1977;0.183454394;Africa;TGO
10002;Togo;TGO;1978;0.138056828;Africa;TGO
10003;Togo;TGO;1979;0.523094998;Africa;TGO
10004;Togo;TGO;1980;0.264158322;Africa;TGO
10005;Togo;TGO;1981;0.222987613;Africa;TGO
10006;Togo;TGO;1982;0.251582424;Africa;TGO
10007;Togo;TGO;1983;0.180540237;Africa;TGO
10008;Togo;TGO;1984;0.193838595;Africa;TGO
10009;Togo;TGO;1985;0.169090331;Africa;TGO
10010;Togo;TGO;1986;0.210418297;Africa;TGO
10011;Togo;TGO;1987;0.220709013;Africa;TGO
10012;Togo;TGO;1988;0.221280747;Africa;TGO
10013;Togo;TGO;1989;0.226928849;Africa;TGO
10014;Togo;TGO;1990;0.204317098;Africa;TGO
10015;Togo;TGO;1991;0.216990176;Africa;TGO
10016;Togo;TGO;1992;0.209839683;Africa;TGO
10017;Togo;TGO;1993;0.21203813;Africa;TGO
10018;Togo;TGO;1994;0.19910809;Africa;TGO
10019;Togo;TGO;1995;0.222538831;Africa;TGO
10020;Togo;TGO;1996;0.241242257;Africa;TGO
10021;Togo;TGO;1997;0.218890638;Africa;TGO
10022;Togo;TGO;1998;0.252140513;Africa;TGO
10023;Togo;TGO;1999;0.323627088;Africa;TGO
10024;Togo;TGO;2000;0.278331027;Africa;TGO
10025;Togo;TGO;2001;0.232198805;Africa;TGO
10026;Togo;TGO;2002;0.239597746;Africa;TGO
10027;Togo;TGO;2003;0.276938269;Africa;TGO
10028;Togo;TGO;2004;0.257366421;Africa;TGO
10029;Togo;TGO;2005;0.239943071;Africa;TGO
10030;Togo;TGO;2006;0.213027516;Africa;TGO
10031;Togo;TGO;2007;0.239676702;Africa;TGO
10032;Togo;TGO;2008;0.285947797;Africa;TGO
10033;Togo;TGO;2009;0.270613774;Africa;TGO
10034;Togo;TGO;2010;0.269107041;Africa;TGO
10035;Togo;TGO;2011;0.319443622;Africa;TGO
10036;Thailand;THA;1960;0.135585899;Asia;THA
10037;Thailand;THA;1961;0.146943964;Asia;THA
10038;Thailand;THA;1962;0.173129693;Asia;THA
10039;Thailand;THA;1963;0.185876631;Asia;THA
10040;Thailand;THA;1964;0.242239551;Asia;THA
10041;Thailand;THA;1965;0.234151126;Asia;THA
10042;Thailand;THA;1966;0.289095946;Asia;THA
10043;Thailand;THA;1967;0.360202673;Asia;THA
10044;Thailand;THA;1968;0.49148481;Asia;THA
10045;Thailand;THA;1969;0.406445895;Asia;THA
10046;Thailand;THA;1970;0.416856903;Asia;THA
10047;Thailand;THA;1971;0.506996471;Asia;THA
10048;Thailand;THA;1972;0.559033986;Asia;THA
10049;Thailand;THA;1973;0.60886946;Asia;THA
10050;Thailand;THA;1974;0.58765087;Asia;THA
10051;Thailand;THA;1975;0.576534275;Asia;THA
10052;Thailand;THA;1976;0.66330279;Asia;THA
10053;Thailand;THA;1977;0.724054056;Asia;THA
10054;Thailand;THA;1978;0.772013732;Asia;THA
10055;Thailand;THA;1979;0.791514277;Asia;THA
10056;Thailand;THA;1980;0.846998833;Asia;THA
10057;Thailand;THA;1981;0.787158397;Asia;THA
10058;Thailand;THA;1982;0.769491254;Asia;THA
10059;Thailand;THA;1983;0.845959176;Asia;THA
10060;Thailand;THA;1984;0.89957509;Asia;THA
10061;Thailand;THA;1985;0.935255919;Asia;THA
10062;Thailand;THA;1986;0.93773426;Asia;THA
10063;Thailand;THA;1987;1.054934555;Asia;THA
10064;Thailand;THA;1988;1.219717469;Asia;THA
10065;Thailand;THA;1989;1.413508129;Asia;THA
10066;Thailand;THA;1990;1.693683193;Asia;THA
10067;Thailand;THA;1991;1.838947637;Asia;THA
10068;Thailand;THA;1992;1.994194341;Asia;THA
10069;Thailand;THA;1993;2.244867961;Asia;THA
10070;Thailand;THA;1994;2.477231531;Asia;THA
10071;Thailand;THA;1995;2.827680548;Asia;THA
10072;Thailand;THA;1996;3.122393535;Asia;THA
10073;Thailand;THA;1997;3.189315169;Asia;THA
10074;Thailand;THA;1998;2.792862527;Asia;THA
10075;Thailand;THA;1999;2.949802786;Asia;THA
10076;Thailand;THA;2000;3.004394232;Asia;THA
10077;Thailand;THA;2001;3.187444917;Asia;THA
10078;Thailand;THA;2002;3.367423073;Asia;THA
10079;Thailand;THA;2003;3.582350264;Asia;THA
10080;Thailand;THA;2004;3.858213428;Asia;THA
10081;Thailand;THA;2005;3.889368866;Asia;THA
10082;Thailand;THA;2006;3.992198458;Asia;THA
10083;Thailand;THA;2007;3.994687144;Asia;THA
10084;Thailand;THA;2008;3.984059667;Asia;THA
10085;Thailand;THA;2009;4.198511915;Asia;THA
10086;Thailand;THA;2010;4.470426149;Asia;THA
10087;Thailand;THA;2011;4.534491734;Asia;THA
10120;Tajikistan;TJK;1992;1.307270034;Asia;TJK
10121;Tajikistan;TJK;1993;0.920537096;Asia;TJK
10122;Tajikistan;TJK;1994;0.412830894;Asia;TJK
10123;Tajikistan;TJK;1995;0.423481371;Asia;TJK
10124;Tajikistan;TJK;1996;0.482284027;Asia;TJK
10125;Tajikistan;TJK;1997;0.362575167;Asia;TJK
10126;Tajikistan;TJK;1998;0.415352474;Asia;TJK
10127;Tajikistan;TJK;1999;0.413386431;Asia;TJK
10128;Tajikistan;TJK;2000;0.36159312;Asia;TJK
10129;Tajikistan;TJK;2001;0.364344122;Asia;TJK
10130;Tajikistan;TJK;2002;0.293633921;Asia;TJK
10131;Tajikistan;TJK;2003;0.317704421;Asia;TJK
10132;Tajikistan;TJK;2004;0.38448718;Asia;TJK
10133;Tajikistan;TJK;2005;0.358851867;Asia;TJK
10134;Tajikistan;TJK;2006;0.382552666;Asia;TJK
10135;Tajikistan;TJK;2007;0.463345439;Asia;TJK
10136;Tajikistan;TJK;2008;0.409462437;Asia;TJK
10137;Tajikistan;TJK;2009;0.382774553;Asia;TJK
10138;Tajikistan;TJK;2010;0.373872943;Asia;TJK
10139;Tajikistan;TJK;2011;0.35894763;Asia;TJK
10172;Turkmenistan;TKM;1992;7.464408949;Asia;TKM
10173;Turkmenistan;TKM;1993;7.125628865;Asia;TKM
10174;Turkmenistan;TKM;1994;8.350223855;Asia;TKM
10175;Turkmenistan;TKM;1995;8.266491006;Asia;TKM
10176;Turkmenistan;TKM;1996;7.349139933;Asia;TKM
10177;Turkmenistan;TKM;1997;6.955136208;Asia;TKM
10178;Turkmenistan;TKM;1998;6.026994787;Asia;TKM
10179;Turkmenistan;TKM;1999;7.812127944;Asia;TKM
10180;Turkmenistan;TKM;2000;7.856311088;Asia;TKM
10181;Turkmenistan;TKM;2001;8.618545082;Asia;TKM
10182;Turkmenistan;TKM;2002;8.727930825;Asia;TKM
10183;Turkmenistan;TKM;2003;9.054611238;Asia;TKM
10184;Turkmenistan;TKM;2004;9.206388246;Asia;TKM
10185;Turkmenistan;TKM;2005;9.584880616;Asia;TKM
10186;Turkmenistan;TKM;2006;9.722724787;Asia;TKM
10187;Turkmenistan;TKM;2007;11.53562168;Asia;TKM
10188;Turkmenistan;TKM;2008;11.55757176;Asia;TKM
10189;Turkmenistan;TKM;2009;10.11066086;Asia;TKM
10190;Turkmenistan;TKM;2010;11.35811103;Asia;TKM
10191;Turkmenistan;TKM;2011;12.18366658;Asia;TKM
10234;Timor-Leste;TLS;2002;0.180309934;Asia;TLS
10235;Timor-Leste;TLS;2003;0.173598686;Asia;TLS
10236;Timor-Leste;TLS;2004;0.18284831;Asia;TLS
10237;Timor-Leste;TLS;2005;0.179754718;Asia;TLS
10238;Timor-Leste;TLS;2006;0.1803952;Asia;TLS
10239;Timor-Leste;TLS;2007;0.180962382;Asia;TLS
10240;Timor-Leste;TLS;2008;0.185016931;Asia;TLS
10241;Timor-Leste;TLS;2009;0.174891045;Asia;TLS
10242;Timor-Leste;TLS;2010;0.171932157;Asia;TLS
10243;Timor-Leste;TLS;2011;0.16364808;Asia;TLS
10244;Tonga;TON;1960;0.178587662;Oceania;TON
10245;Tonga;TON;1961;0.172591779;Oceania;TON
10246;Tonga;TON;1962;0.166040299;Oceania;TON
10247;Tonga;TON;1963;0.159434783;Oceania;TON
10248;Tonga;TON;1964;0.153309085;Oceania;TON
10249;Tonga;TON;1965;0.147936474;Oceania;TON
10250;Tonga;TON;1966;0.143266438;Oceania;TON
10251;Tonga;TON;1967;0.185558142;Oceania;TON
10252;Tonga;TON;1968;0.180872053;Oceania;TON
10253;Tonga;TON;1969;0.132735675;Oceania;TON
10254;Tonga;TON;1970;0.304243214;Oceania;TON
10255;Tonga;TON;1971;0.214394294;Oceania;TON
10256;Tonga;TON;1972;0.254803182;Oceania;TON
10257;Tonga;TON;1973;0.295096856;Oceania;TON
10258;Tonga;TON;1974;0.251138582;Oceania;TON
10259;Tonga;TON;1975;0.373561072;Oceania;TON
10260;Tonga;TON;1976;0.328665218;Oceania;TON
10261;Tonga;TON;1977;0.324887038;Oceania;TON
10262;Tonga;TON;1978;0.401379159;Oceania;TON
10263;Tonga;TON;1979;0.43702532;Oceania;TON
10264;Tonga;TON;1980;0.433698539;Oceania;TON
10265;Tonga;TON;1981;0.510112143;Oceania;TON
10266;Tonga;TON;1982;0.469711687;Oceania;TON
10267;Tonga;TON;1983;0.508355105;Oceania;TON
10268;Tonga;TON;1984;0.508013811;Oceania;TON
10269;Tonga;TON;1985;0.507391994;Oceania;TON
10270;Tonga;TON;1986;0.506346458;Oceania;TON
10271;Tonga;TON;1987;0.582686257;Oceania;TON
10272;Tonga;TON;1988;0.735878749;Oceania;TON
10273;Tonga;TON;1989;0.733840304;Oceania;TON
10274;Tonga;TON;1990;0.809305112;Oceania;TON
10275;Tonga;TON;1991;1.000398724;Oceania;TON
10276;Tonga;TON;1992;0.73016422;Oceania;TON
10277;Tonga;TON;1993;0.882856006;Oceania;TON
10278;Tonga;TON;1994;0.958161751;Oceania;TON
10279;Tonga;TON;1995;0.994295487;Oceania;TON
10280;Tonga;TON;1996;0.800704972;Oceania;TON
10281;Tonga;TON;1997;1.025723639;Oceania;TON
10282;Tonga;TON;1998;0.907888629;Oceania;TON
10283;Tonga;TON;1999;1.129489312;Oceania;TON
10284;Tonga;TON;2000;0.973891193;Oceania;TON
10285;Tonga;TON;2001;0.894081313;Oceania;TON
10286;Tonga;TON;2002;1.037078935;Oceania;TON
10287;Tonga;TON;2003;1.178081642;Oceania;TON
10288;Tonga;TON;2004;1.09761938;Oceania;TON
10289;Tonga;TON;2005;1.127099486;Oceania;TON
10290;Tonga;TON;2006;1.264395559;Oceania;TON
10291;Tonga;TON;2007;1.112636906;Oceania;TON
10292;Tonga;TON;2008;1.17696662;Oceania;TON
10293;Tonga;TON;2009;1.276514272;Oceania;TON
10294;Tonga;TON;2010;1.128882988;Oceania;TON
10295;Tonga;TON;2011;0.983561959;Oceania;TON
10296;Trinidad and Tobago;TTO;1960;3.042576086;North America;TTO
10297;Trinidad and Tobago;TTO;1961;5.318140742;North America;TTO
10298;Trinidad and Tobago;TTO;1962;8.22557013;North America;TTO
10299;Trinidad and Tobago;TTO;1963;1.466683323;North America;TTO
10300;Trinidad and Tobago;TTO;1964;4.201774216;North America;TTO
10301;Trinidad and Tobago;TTO;1965;5.694904424;North America;TTO
10302;Trinidad and Tobago;TTO;1966;4.408841377;North America;TTO
10303;Trinidad and Tobago;TTO;1967;5.009898285;North America;TTO
10304;Trinidad and Tobago;TTO;1968;4.338359103;North America;TTO
10305;Trinidad and Tobago;TTO;1969;4.164175142;North America;TTO
10306;Trinidad and Tobago;TTO;1970;9.512532823;North America;TTO
10307;Trinidad and Tobago;TTO;1971;8.47383423;North America;TTO
10308;Trinidad and Tobago;TTO;1972;8.509402916;North America;TTO
10309;Trinidad and Tobago;TTO;1973;9.565009556;North America;TTO
10310;Trinidad and Tobago;TTO;1974;10.08096569;North America;TTO
10311;Trinidad and Tobago;TTO;1975;9.512932939;North America;TTO
10312;Trinidad and Tobago;TTO;1976;15.52742491;North America;TTO
10313;Trinidad and Tobago;TTO;1977;15.55665122;North America;TTO
10314;Trinidad and Tobago;TTO;1978;14.54124763;North America;TTO
10315;Trinidad and Tobago;TTO;1979;15.642726;North America;TTO
10316;Trinidad and Tobago;TTO;1980;15.60651262;North America;TTO
10317;Trinidad and Tobago;TTO;1981;15.65496453;North America;TTO
10318;Trinidad and Tobago;TTO;1982;16.44343259;North America;TTO
10319;Trinidad and Tobago;TTO;1983;14.31796662;North America;TTO
10320;Trinidad and Tobago;TTO;1984;15.1731235;North America;TTO
10321;Trinidad and Tobago;TTO;1985;17.72533915;North America;TTO
10322;Trinidad and Tobago;TTO;1986;14.68282839;North America;TTO
10323;Trinidad and Tobago;TTO;1987;14.65888192;North America;TTO
10324;Trinidad and Tobago;TTO;1988;13.16892745;North America;TTO
10325;Trinidad and Tobago;TTO;1989;13.3007593;North America;TTO
10326;Trinidad and Tobago;TTO;1990;13.87987518;North America;TTO
10327;Trinidad and Tobago;TTO;1991;17.11397456;North America;TTO
10328;Trinidad and Tobago;TTO;1992;16.95877044;North America;TTO
10329;Trinidad and Tobago;TTO;1993;13.51687065;North America;TTO
10330;Trinidad and Tobago;TTO;1994;15.87849632;North America;TTO
10331;Trinidad and Tobago;TTO;1995;16.70748151;North America;TTO
10332;Trinidad and Tobago;TTO;1996;17.30974717;North America;TTO
10333;Trinidad and Tobago;TTO;1997;15.25350903;North America;TTO
10334;Trinidad and Tobago;TTO;1998;15.30065962;North America;TTO
10335;Trinidad and Tobago;TTO;1999;18.03954519;North America;TTO
10336;Trinidad and Tobago;TTO;2000;18.84428146;North America;TTO
10337;Trinidad and Tobago;TTO;2001;19.76183193;North America;TTO
10338;Trinidad and Tobago;TTO;2002;21.30455143;North America;TTO
10339;Trinidad and Tobago;TTO;2003;21.72980767;North America;TTO
10340;Trinidad and Tobago;TTO;2004;23.87676506;North America;TTO
10341;Trinidad and Tobago;TTO;2005;22.75523562;North America;TTO
10342;Trinidad and Tobago;TTO;2006;35.63049125;North America;TTO
10343;Trinidad and Tobago;TTO;2007;36.8167629;North America;TTO
10344;Trinidad and Tobago;TTO;2008;35.45529782;North America;TTO
10345;Trinidad and Tobago;TTO;2009;36.56944789;North America;TTO
10346;Trinidad and Tobago;TTO;2010;38.33784104;North America;TTO
10347;Trinidad and Tobago;TTO;2011;37.14005424;North America;TTO
10348;Tunisia;TUN;1960;0.409210934;Africa;TUN
10349;Tunisia;TUN;1961;0.413219709;Africa;TUN
10350;Tunisia;TUN;1962;0.412987372;Africa;TUN
10351;Tunisia;TUN;1963;0.438885211;Africa;TUN
10352;Tunisia;TUN;1964;0.608626004;Africa;TUN
10353;Tunisia;TUN;1965;0.532229806;Africa;TUN
10354;Tunisia;TUN;1966;0.60995309;Africa;TUN
10355;Tunisia;TUN;1967;0.638870928;Africa;TUN
10356;Tunisia;TUN;1968;0.729217813;Africa;TUN
10357;Tunisia;TUN;1969;0.766750589;Africa;TUN
10358;Tunisia;TUN;1970;0.730252974;Africa;TUN
10359;Tunisia;TUN;1971;0.808997391;Africa;TUN
10360;Tunisia;TUN;1972;0.894875928;Africa;TUN
10361;Tunisia;TUN;1973;0.896214474;Africa;TUN
10362;Tunisia;TUN;1974;0.982544075;Africa;TUN
10363;Tunisia;TUN;1975;0.988802531;Africa;TUN
10364;Tunisia;TUN;1976;1.018550977;Africa;TUN
10365;Tunisia;TUN;1977;1.147475938;Africa;TUN
10366;Tunisia;TUN;1978;1.238388743;Africa;TUN
10367;Tunisia;TUN;1979;1.41118106;Africa;TUN
10368;Tunisia;TUN;1980;1.487133929;Africa;TUN
10369;Tunisia;TUN;1981;1.500322874;Africa;TUN
10370;Tunisia;TUN;1982;1.415754792;Africa;TUN
10371;Tunisia;TUN;1983;1.63723944;Africa;TUN
10372;Tunisia;TUN;1984;1.639659356;Africa;TUN
10373;Tunisia;TUN;1985;1.644512167;Africa;TUN
10374;Tunisia;TUN;1986;1.610172285;Africa;TUN
10375;Tunisia;TUN;1987;1.528880767;Africa;TUN
10376;Tunisia;TUN;1988;1.586248073;Africa;TUN
10377;Tunisia;TUN;1989;1.662861143;Africa;TUN
10378;Tunisia;TUN;1990;1.626999657;Africa;TUN
10379;Tunisia;TUN;1991;1.862110553;Africa;TUN
10380;Tunisia;TUN;1992;1.769596697;Africa;TUN
10381;Tunisia;TUN;1993;1.92500175;Africa;TUN
10382;Tunisia;TUN;1994;1.814362999;Africa;TUN
10383;Tunisia;TUN;1995;1.756639352;Africa;TUN
10384;Tunisia;TUN;1996;1.84372724;Africa;TUN
10385;Tunisia;TUN;1997;1.83889212;Africa;TUN
10386;Tunisia;TUN;1998;1.928717924;Africa;TUN
10387;Tunisia;TUN;1999;1.938613247;Africa;TUN
10388;Tunisia;TUN;2000;2.085612248;Africa;TUN
10389;Tunisia;TUN;2001;2.157125878;Africa;TUN
10390;Tunisia;TUN;2002;2.139888911;Africa;TUN
10391;Tunisia;TUN;2003;2.159251001;Africa;TUN
10392;Tunisia;TUN;2004;2.245079437;Africa;TUN
10393;Tunisia;TUN;2005;2.259653006;Africa;TUN
10394;Tunisia;TUN;2006;2.270173481;Africa;TUN
10395;Tunisia;TUN;2007;2.357974494;Africa;TUN
10396;Tunisia;TUN;2008;2.403507634;Africa;TUN
10397;Tunisia;TUN;2009;2.374157343;Africa;TUN
10398;Tunisia;TUN;2010;2.535619365;Africa;TUN
10399;Tunisia;TUN;2011;2.402455639;Africa;TUN
10400;Turkey;TUR;1960;0.610472837;Europe;TUR
10401;Turkey;TUR;1960;0.610472837;Asia;TUR
10402;Turkey;TUR;1961;0.615079033;Europe;TUR
10403;Turkey;TUR;1961;0.615079033;Asia;TUR
10404;Turkey;TUR;1962;0.748240893;Europe;TUR
10405;Turkey;TUR;1962;0.748240893;Asia;TUR
10406;Turkey;TUR;1963;0.765934318;Europe;TUR
10407;Turkey;TUR;1963;0.765934318;Asia;TUR
10408;Turkey;TUR;1964;0.869389659;Europe;TUR
10409;Turkey;TUR;1964;0.869389659;Asia;TUR
10410;Turkey;TUR;1965;0.88350566;Europe;TUR
10411;Turkey;TUR;1965;0.88350566;Asia;TUR
10412;Turkey;TUR;1966;0.994606735;Europe;TUR
10413;Turkey;TUR;1966;0.994606735;Asia;TUR
10414;Turkey;TUR;1967;1.033139072;Europe;TUR
10415;Turkey;TUR;1967;1.033139072;Asia;TUR
10416;Turkey;TUR;1968;1.093926523;Europe;TUR
10417;Turkey;TUR;1968;1.093926523;Asia;TUR
10418;Turkey;TUR;1969;1.142442561;Europe;TUR
10419;Turkey;TUR;1969;1.142442561;Asia;TUR
10420;Turkey;TUR;1970;1.226269354;Europe;TUR
10421;Turkey;TUR;1970;1.226269354;Asia;TUR
10422;Turkey;TUR;1971;1.340519914;Europe;TUR
10423;Turkey;TUR;1971;1.340519914;Asia;TUR
10424;Turkey;TUR;1972;1.476537446;Europe;TUR
10425;Turkey;TUR;1972;1.476537446;Asia;TUR
10426;Turkey;TUR;1973;1.591944715;Europe;TUR
10427;Turkey;TUR;1973;1.591944715;Asia;TUR
10428;Turkey;TUR;1974;1.597384621;Europe;TUR
10429;Turkey;TUR;1974;1.597384621;Asia;TUR
10430;Turkey;TUR;1975;1.676582979;Europe;TUR
10431;Turkey;TUR;1975;1.676582979;Asia;TUR
10432;Turkey;TUR;1976;1.838406196;Europe;TUR
10433;Turkey;TUR;1976;1.838406196;Asia;TUR
10434;Turkey;TUR;1977;1.988590819;Europe;TUR
10435;Turkey;TUR;1977;1.988590819;Asia;TUR
10436;Turkey;TUR;1978;1.841493162;Europe;TUR
10437;Turkey;TUR;1978;1.841493162;Asia;TUR
10438;Turkey;TUR;1979;1.761191592;Europe;TUR
10439;Turkey;TUR;1979;1.761191592;Asia;TUR
10440;Turkey;TUR;1980;1.72560127;Europe;TUR
10441;Turkey;TUR;1980;1.72560127;Asia;TUR
10442;Turkey;TUR;1981;1.777485936;Europe;TUR
10443;Turkey;TUR;1981;1.777485936;Asia;TUR
10444;Turkey;TUR;1982;1.891140647;Europe;TUR
10445;Turkey;TUR;1982;1.891140647;Asia;TUR
10446;Turkey;TUR;1983;1.923452098;Europe;TUR
10447;Turkey;TUR;1983;1.923452098;Asia;TUR
10448;Turkey;TUR;1984;1.990035479;Europe;TUR
10449;Turkey;TUR;1984;1.990035479;Asia;TUR
10450;Turkey;TUR;1985;2.170012253;Europe;TUR
10451;Turkey;TUR;1985;2.170012253;Asia;TUR
10452;Turkey;TUR;1986;2.328924743;Europe;TUR
10453;Turkey;TUR;1986;2.328924743;Asia;TUR
10454;Turkey;TUR;1987;2.538793912;Europe;TUR
10455;Turkey;TUR;1987;2.538793912;Asia;TUR
10456;Turkey;TUR;1988;2.423140289;Europe;TUR
10457;Turkey;TUR;1988;2.423140289;Asia;TUR
10458;Turkey;TUR;1989;2.625318852;Europe;TUR
10459;Turkey;TUR;1989;2.625318852;Asia;TUR
10460;Turkey;TUR;1990;2.701354922;Europe;TUR
10461;Turkey;TUR;1990;2.701354922;Asia;TUR
10462;Turkey;TUR;1991;2.70663221;Europe;TUR
10463;Turkey;TUR;1991;2.70663221;Asia;TUR
10464;Turkey;TUR;1992;2.743328079;Europe;TUR
10465;Turkey;TUR;1992;2.743328079;Asia;TUR
10466;Turkey;TUR;1993;2.806276561;Europe;TUR
10467;Turkey;TUR;1993;2.806276561;Asia;TUR
10468;Turkey;TUR;1994;2.722651321;Europe;TUR
10469;Turkey;TUR;1994;2.722651321;Asia;TUR
10470;Turkey;TUR;1995;2.938621811;Europe;TUR
10471;Turkey;TUR;1995;2.938621811;Asia;TUR
10472;Turkey;TUR;1996;3.165692135;Europe;TUR
10473;Turkey;TUR;1996;3.165692135;Asia;TUR
10474;Turkey;TUR;1997;3.287324985;Europe;TUR
10475;Turkey;TUR;1997;3.287324985;Asia;TUR
10476;Turkey;TUR;1998;3.270268939;Europe;TUR
10477;Turkey;TUR;1998;3.270268939;Asia;TUR
10478;Turkey;TUR;1999;3.158668771;Europe;TUR
10479;Turkey;TUR;1999;3.158668771;Asia;TUR
10480;Turkey;TUR;2000;3.417943997;Europe;TUR
10481;Turkey;TUR;2000;3.417943997;Asia;TUR
10482;Turkey;TUR;2001;3.031232765;Europe;TUR
10483;Turkey;TUR;2001;3.031232765;Asia;TUR
10484;Turkey;TUR;2002;3.158284495;Europe;TUR
10485;Turkey;TUR;2002;3.158284495;Asia;TUR
10486;Turkey;TUR;2003;3.307954341;Europe;TUR
10487;Turkey;TUR;2003;3.307954341;Asia;TUR
10488;Turkey;TUR;2004;3.365828062;Europe;TUR
10489;Turkey;TUR;2004;3.365828062;Asia;TUR
10490;Turkey;TUR;2005;3.498208379;Europe;TUR
10491;Turkey;TUR;2005;3.498208379;Asia;TUR
10492;Turkey;TUR;2006;3.807813745;Europe;TUR
10493;Turkey;TUR;2006;3.807813745;Asia;TUR
10494;Turkey;TUR;2007;4.094888791;Europe;TUR
10495;Turkey;TUR;2007;4.094888791;Asia;TUR
10496;Turkey;TUR;2008;4.055396583;Europe;TUR
10497;Turkey;TUR;2008;4.055396583;Asia;TUR
10498;Turkey;TUR;2009;3.898959122;Europe;TUR
10499;Turkey;TUR;2009;3.898959122;Asia;TUR
10500;Turkey;TUR;2010;4.121154855;Europe;TUR
10501;Turkey;TUR;2010;4.121154855;Asia;TUR
10502;Turkey;TUR;2011;4.383104516;Europe;TUR
10503;Turkey;TUR;2011;4.383104516;Asia;TUR
10556;Tanzania;TZA;1960;0.082261435;Africa;TZA
10557;Tanzania;TZA;1961;0.067872188;Africa;TZA
10558;Tanzania;TZA;1962;0.071734466;Africa;TZA
10559;Tanzania;TZA;1963;0.072967619;Africa;TZA
10560;Tanzania;TZA;1964;0.091197378;Africa;TZA
10561;Tanzania;TZA;1965;0.099493979;Africa;TZA
10562;Tanzania;TZA;1966;0.113919012;Africa;TZA
10563;Tanzania;TZA;1967;0.141879278;Africa;TZA
10564;Tanzania;TZA;1968;0.129330813;Africa;TZA
10565;Tanzania;TZA;1969;0.136262225;Africa;TZA
10566;Tanzania;TZA;1970;0.129910219;Africa;TZA
10567;Tanzania;TZA;1971;0.175442591;Africa;TZA
10568;Tanzania;TZA;1972;0.149394933;Africa;TZA
10569;Tanzania;TZA;1973;0.212654571;Africa;TZA
10570;Tanzania;TZA;1974;0.149028875;Africa;TZA
10571;Tanzania;TZA;1975;0.142960145;Africa;TZA
10572;Tanzania;TZA;1976;0.169193803;Africa;TZA
10573;Tanzania;TZA;1977;0.118297183;Africa;TZA
10574;Tanzania;TZA;1978;0.125532492;Africa;TZA
10575;Tanzania;TZA;1979;0.114397667;Africa;TZA
10576;Tanzania;TZA;1980;0.100874969;Africa;TZA
10577;Tanzania;TZA;1981;0.110126729;Africa;TZA
10578;Tanzania;TZA;1982;0.10893351;Africa;TZA
10579;Tanzania;TZA;1983;0.108071159;Africa;TZA
10580;Tanzania;TZA;1984;0.111855376;Africa;TZA
10581;Tanzania;TZA;1985;0.107951269;Africa;TZA
10582;Tanzania;TZA;1986;0.102110783;Africa;TZA
10583;Tanzania;TZA;1987;0.103036754;Africa;TZA
10584;Tanzania;TZA;1988;0.095681462;Africa;TZA
10585;Tanzania;TZA;1989;0.089506896;Africa;TZA
10586;Tanzania;TZA;1990;0.093193873;Africa;TZA
10587;Tanzania;TZA;1991;0.092554962;Africa;TZA
10588;Tanzania;TZA;1992;0.086809282;Africa;TZA
10589;Tanzania;TZA;1993;0.093752155;Africa;TZA
10590;Tanzania;TZA;1994;0.084253005;Africa;TZA
10591;Tanzania;TZA;1995;0.118827004;Africa;TZA
10592;Tanzania;TZA;1996;0.112632755;Africa;TZA
10593;Tanzania;TZA;1997;0.09140236;Africa;TZA
10594;Tanzania;TZA;1998;0.079071362;Africa;TZA
10595;Tanzania;TZA;1999;0.076581937;Africa;TZA
10596;Tanzania;TZA;2000;0.077996969;Africa;TZA
10597;Tanzania;TZA;2001;0.089628512;Africa;TZA
10598;Tanzania;TZA;2002;0.10012397;Africa;TZA
10599;Tanzania;TZA;2003;0.103247503;Africa;TZA
10600;Tanzania;TZA;2004;0.115030752;Africa;TZA
10601;Tanzania;TZA;2005;0.140895494;Africa;TZA
10602;Tanzania;TZA;2006;0.149737237;Africa;TZA
10603;Tanzania;TZA;2007;0.144041145;Africa;TZA
10604;Tanzania;TZA;2008;0.147981815;Africa;TZA
10605;Tanzania;TZA;2009;0.139972868;Africa;TZA
10606;Tanzania;TZA;2010;0.150058649;Africa;TZA
10607;Tanzania;TZA;2011;0.1549349;Africa;TZA
10608;Uganda;UGA;1960;0.062123143;Africa;UGA
10609;Uganda;UGA;1961;0.058093129;Africa;UGA
10610;Uganda;UGA;1962;0.059258262;Africa;UGA
10611;Uganda;UGA;1963;0.057791138;Africa;UGA
10612;Uganda;UGA;1964;0.063434872;Africa;UGA
10613;Uganda;UGA;1965;0.078241525;Africa;UGA
10614;Uganda;UGA;1966;0.088438728;Africa;UGA
10615;Uganda;UGA;1967;0.094446073;Africa;UGA
10616;Uganda;UGA;1968;0.110759703;Africa;UGA
10617;Uganda;UGA;1969;0.128466241;Africa;UGA
10618;Uganda;UGA;1970;0.152953031;Africa;UGA
10619;Uganda;UGA;1971;0.148258939;Africa;UGA
10620;Uganda;UGA;1972;0.138407546;Africa;UGA
10621;Uganda;UGA;1973;0.115126231;Africa;UGA
10622;Uganda;UGA;1974;0.113488165;Africa;UGA
10623;Uganda;UGA;1975;0.10465462;Africa;UGA
10624;Uganda;UGA;1976;0.088878839;Africa;UGA
10625;Uganda;UGA;1977;0.070330243;Africa;UGA
10626;Uganda;UGA;1978;0.059265519;Africa;UGA
10627;Uganda;UGA;1979;0.055406955;Africa;UGA
10628;Uganda;UGA;1980;0.049973645;Africa;UGA
10629;Uganda;UGA;1981;0.040848435;Africa;UGA
10630;Uganda;UGA;1982;0.041025446;Africa;UGA
10631;Uganda;UGA;1983;0.044877747;Africa;UGA
10632;Uganda;UGA;1984;0.041166715;Africa;UGA
10633;Uganda;UGA;1985;0.042356587;Africa;UGA
10634;Uganda;UGA;1986;0.046522803;Africa;UGA
10635;Uganda;UGA;1987;0.049148349;Africa;UGA
10636;Uganda;UGA;1988;0.053329051;Africa;UGA
10637;Uganda;UGA;1989;0.04779554;Africa;UGA
10638;Uganda;UGA;1990;0.046195119;Africa;UGA
10639;Uganda;UGA;1991;0.04610929;Africa;UGA
10640;Uganda;UGA;1992;0.045216691;Africa;UGA
10641;Uganda;UGA;1993;0.043405139;Africa;UGA
10642;Uganda;UGA;1994;0.03853902;Africa;UGA
10643;Uganda;UGA;1995;0.048682634;Africa;UGA
10644;Uganda;UGA;1996;0.052979573;Africa;UGA
10645;Uganda;UGA;1997;0.052942695;Africa;UGA
10646;Uganda;UGA;1998;0.060413993;Africa;UGA
10647;Uganda;UGA;1999;0.061152878;Africa;UGA
10648;Uganda;UGA;2000;0.064518456;Africa;UGA
10649;Uganda;UGA;2001;0.066062194;Africa;UGA
10650;Uganda;UGA;2002;0.065802909;Africa;UGA
10651;Uganda;UGA;2003;0.065178032;Africa;UGA
10652;Uganda;UGA;2004;0.068296243;Africa;UGA
10653;Uganda;UGA;2005;0.081467347;Africa;UGA
10654;Uganda;UGA;2006;0.091545632;Africa;UGA
10655;Uganda;UGA;2007;0.104292991;Africa;UGA
10656;Uganda;UGA;2008;0.101918826;Africa;UGA
10657;Uganda;UGA;2009;0.105319919;Africa;UGA
10658;Uganda;UGA;2010;0.108297319;Africa;UGA
10659;Uganda;UGA;2011;0.110886576;Africa;UGA
10692;Ukraine;UKR;1992;12.30446257;Europe;UKR
10693;Ukraine;UKR;1993;10.46607724;Europe;UKR
10694;Ukraine;UKR;1994;8.609437684;Europe;UKR
10695;Ukraine;UKR;1995;8.657036837;Europe;UKR
10696;Ukraine;UKR;1996;8.075959979;Europe;UKR
10697;Ukraine;UKR;1997;6.743789914;Europe;UKR
10698;Ukraine;UKR;1998;6.553863668;Europe;UKR
10699;Ukraine;UKR;1999;6.694721194;Europe;UKR
10700;Ukraine;UKR;2000;6.523008856;Europe;UKR
10701;Ukraine;UKR;2001;6.606930345;Europe;UKR
10702;Ukraine;UKR;2002;6.611440672;Europe;UKR
10703;Ukraine;UKR;2003;7.36744656;Europe;UKR
10704;Ukraine;UKR;2004;7.231049259;Europe;UKR
10705;Ukraine;UKR;2005;7.087746223;Europe;UKR
10706;Ukraine;UKR;2006;6.977980583;Europe;UKR
10707;Ukraine;UKR;2007;6.910708277;Europe;UKR
10708;Ukraine;UKR;2008;6.724046202;Europe;UKR
10709;Ukraine;UKR;2009;5.64701422;Europe;UKR
10710;Ukraine;UKR;2010;6.638152001;Europe;UKR
10711;Ukraine;UKR;2011;6.262351962;Europe;UKR
10712;Uruguay;URY;1960;1.701583242;South America;URY
10713;Uruguay;URY;1961;1.602722878;South America;URY
10714;Uruguay;URY;1962;1.540657486;South America;URY
10715;Uruguay;URY;1963;1.639285075;South America;URY
10716;Uruguay;URY;1964;1.71010101;South America;URY
10717;Uruguay;URY;1965;2.04951949;South America;URY
10718;Uruguay;URY;1966;1.985092957;South America;URY
10719;Uruguay;URY;1967;1.77610139;South America;URY
10720;Uruguay;URY;1968;1.760305265;South America;URY
10721;Uruguay;URY;1969;2.002058644;South America;URY
10722;Uruguay;URY;1970;2.043748325;South America;URY
10723;Uruguay;URY;1971;2.061026822;South America;URY
10724;Uruguay;URY;1972;2.153590174;South America;URY
10725;Uruguay;URY;1973;2.046546099;South America;URY
10726;Uruguay;URY;1974;2.012645583;South America;URY
10727;Uruguay;URY;1975;2.109368618;South America;URY
10728;Uruguay;URY;1976;2.075195781;South America;URY
10729;Uruguay;URY;1977;1.977821272;South America;URY
10730;Uruguay;URY;1978;1.996725279;South America;URY
10731;Uruguay;URY;1979;2.167768811;South America;URY
10732;Uruguay;URY;1980;2.002165462;South America;URY
10733;Uruguay;URY;1981;1.831603428;South America;URY
10734;Uruguay;URY;1982;1.649620669;South America;URY
10735;Uruguay;URY;1983;1.283805976;South America;URY
10736;Uruguay;URY;1984;1.153041387;South America;URY
10737;Uruguay;URY;1985;1.094533463;South America;URY
10738;Uruguay;URY;1986;1.048913043;South America;URY
10739;Uruguay;URY;1987;1.16744307;South America;URY
10740;Uruguay;URY;1988;1.566402658;South America;URY
10741;Uruguay;URY;1989;1.580058498;South America;URY
10742;Uruguay;URY;1990;1.284044917;South America;URY
10743;Uruguay;URY;1991;1.454132887;South America;URY
10744;Uruguay;URY;1992;1.63889411;South America;URY
10745;Uruguay;URY;1993;1.405345112;South America;URY
10746;Uruguay;URY;1994;1.270207996;South America;URY
10747;Uruguay;URY;1995;1.423677138;South America;URY
10748;Uruguay;URY;1996;1.675419538;South America;URY
10749;Uruguay;URY;1997;1.698404531;South America;URY
10750;Uruguay;URY;1998;1.727607989;South America;URY
10751;Uruguay;URY;1999;2.032224767;South America;URY
10752;Uruguay;URY;2000;1.597639979;South America;URY
10753;Uruguay;URY;2001;1.529797226;South America;URY
10754;Uruguay;URY;2002;1.388443312;South America;URY
10755;Uruguay;URY;2003;1.382717957;South America;URY
10756;Uruguay;URY;2004;1.687830315;South America;URY
10757;Uruguay;URY;2005;1.736682435;South America;URY
10758;Uruguay;URY;2006;1.995853849;South America;URY
10759;Uruguay;URY;2007;1.796305712;South America;URY
10760;Uruguay;URY;2008;2.471053756;South America;URY
10761;Uruguay;URY;2009;2.401221496;South America;URY
10762;Uruguay;URY;2010;1.912604677;South America;URY
10763;Uruguay;URY;2011;2.296200685;South America;URY
10764;United States;USA;1960;15.99977916;North America;USA
10765;United States;USA;1961;15.68125552;North America;USA
10766;United States;USA;1962;16.0139375;North America;USA
10767;United States;USA;1963;16.48276215;North America;USA
10768;United States;USA;1964;16.96811858;North America;USA
10769;United States;USA;1965;17.45172525;North America;USA
10770;United States;USA;1966;18.12107301;North America;USA
10771;United States;USA;1967;18.59831788;North America;USA
10772;United States;USA;1968;19.08938916;North America;USA
10773;United States;USA;1969;19.85794566;North America;USA
10774;United States;USA;1970;21.11125227;North America;USA
10775;United States;USA;1971;20.98020348;North America;USA
10776;United States;USA;1972;21.74864198;North America;USA
10777;United States;USA;1973;22.51058213;North America;USA
10778;United States;USA;1974;21.50293038;North America;USA
10779;United States;USA;1975;20.40222407;North America;USA
10780;United States;USA;1976;21.15761537;North America;USA
10781;United States;USA;1977;21.53248401;North America;USA
10782;United States;USA;1978;21.97300469;North America;USA
10783;United States;USA;1979;21.78043698;North America;USA
10784;United States;USA;1980;20.78648774;North America;USA
10785;United States;USA;1981;19.76676417;North America;USA
10786;United States;USA;1982;18.59049523;North America;USA
10787;United States;USA;1983;18.57154371;North America;USA
10788;United States;USA;1984;18.97675027;North America;USA
10789;United States;USA;1985;18.88231274;North America;USA
10790;United States;USA;1986;18.72072272;North America;USA
10791;United States;USA;1987;19.35033442;North America;USA
10792;United States;USA;1988;20.01041341;North America;USA
10793;United States;USA;1989;20.07576978;North America;USA
10794;United States;USA;1990;19.32336817;North America;USA
10795;United States;USA;1991;19.06223666;North America;USA
10796;United States;USA;1992;19.14555576;North America;USA
10797;United States;USA;1993;19.36346258;North America;USA
10798;United States;USA;1994;19.37655644;North America;USA
10799;United States;USA;1995;19.29565986;North America;USA
10800;United States;USA;1996;19.52789051;North America;USA
10801;United States;USA;1997;19.71427574;North America;USA
10802;United States;USA;1998;19.6151546;North America;USA
10803;United States;USA;1999;19.74781478;North America;USA
10804;United States;USA;2000;20.20761476;North America;USA
10805;United States;USA;2001;19.65619321;North America;USA
10806;United States;USA;2002;19.63919577;North America;USA
10807;United States;USA;2003;19.57623905;North America;USA
10808;United States;USA;2004;19.68358135;North America;USA
10809;United States;USA;2005;19.61027504;North America;USA
10810;United States;USA;2006;19.11613882;North America;USA
10811;United States;USA;2007;19.23746045;North America;USA
10812;United States;USA;2008;18.48923375;North America;USA
10813;United States;USA;2009;17.1923791;North America;USA
10814;United States;USA;2010;17.48479218;North America;USA
10815;United States;USA;2011;17.02021634;North America;USA
10848;Uzbekistan;UZB;1992;5.394758963;Asia;UZB
10849;Uzbekistan;UZB;1993;5.467409762;Asia;UZB
10850;Uzbekistan;UZB;1994;5.022890334;Asia;UZB
10851;Uzbekistan;UZB;1995;4.47008668;Asia;UZB
10852;Uzbekistan;UZB;1996;4.488344844;Asia;UZB
10853;Uzbekistan;UZB;1997;4.3371219;Asia;UZB
10854;Uzbekistan;UZB;1998;4.926078042;Asia;UZB
10855;Uzbekistan;UZB;1999;4.866778767;Asia;UZB
10856;Uzbekistan;UZB;2000;4.91102258;Asia;UZB
10857;Uzbekistan;UZB;2001;4.935025566;Asia;UZB
10858;Uzbekistan;UZB;2002;5.067983112;Asia;UZB
10859;Uzbekistan;UZB;2003;4.833369512;Asia;UZB
10860;Uzbekistan;UZB;2004;4.652166824;Asia;UZB
10861;Uzbekistan;UZB;2005;4.313738449;Asia;UZB
10862;Uzbekistan;UZB;2006;4.436684794;Asia;UZB
10863;Uzbekistan;UZB;2007;4.391446777;Asia;UZB
10864;Uzbekistan;UZB;2008;4.434466025;Asia;UZB
10865;Uzbekistan;UZB;2009;3.912053019;Asia;UZB
10866;Uzbekistan;UZB;2010;3.693267688;Asia;UZB
10867;Uzbekistan;UZB;2011;3.914921266;Asia;UZB
10868;St. Vincent and the Grenadines;VCT;1960;0.135902061;North America;VCT
10869;St. Vincent and the Grenadines;VCT;1961;0.133923354;North America;VCT
10870;St. Vincent and the Grenadines;VCT;1962;0.132214023;North America;VCT
10871;St. Vincent and the Grenadines;VCT;1963;0.174272577;North America;VCT
10872;St. Vincent and the Grenadines;VCT;1964;0.215513188;North America;VCT
10873;St. Vincent and the Grenadines;VCT;1965;0.170613688;North America;VCT
10874;St. Vincent and the Grenadines;VCT;1966;0.211086806;North America;VCT
10875;St. Vincent and the Grenadines;VCT;1967;0.20897921;North America;VCT
10876;St. Vincent and the Grenadines;VCT;1968;0.248287536;North America;VCT
10877;St. Vincent and the Grenadines;VCT;1969;0.327710628;North America;VCT
10878;St. Vincent and the Grenadines;VCT;1970;0.324308788;North America;VCT
10879;St. Vincent and the Grenadines;VCT;1971;0.320822397;North America;VCT
10880;St. Vincent and the Grenadines;VCT;1972;0.396582491;North America;VCT
10881;St. Vincent and the Grenadines;VCT;1973;0.431337953;North America;VCT
10882;St. Vincent and the Grenadines;VCT;1974;0.348972212;North America;VCT
10883;St. Vincent and the Grenadines;VCT;1975;0.345169117;North America;VCT
10884;St. Vincent and the Grenadines;VCT;1976;0.341508087;North America;VCT
10885;St. Vincent and the Grenadines;VCT;1977;0.337975811;North America;VCT
10886;St. Vincent and the Grenadines;VCT;1978;0.371778494;North America;VCT
10887;St. Vincent and the Grenadines;VCT;1979;0.294570686;North America;VCT
10888;St. Vincent and the Grenadines;VCT;1980;0.36485384;North America;VCT
10889;St. Vincent and the Grenadines;VCT;1981;0.36171556;North America;VCT
10890;St. Vincent and the Grenadines;VCT;1982;0.394679165;North America;VCT
10891;St. Vincent and the Grenadines;VCT;1983;0.462892654;North America;VCT
10892;St. Vincent and the Grenadines;VCT;1984;0.63625147;North America;VCT
10893;St. Vincent and the Grenadines;VCT;1985;0.631775415;North America;VCT
10894;St. Vincent and the Grenadines;VCT;1986;0.627451353;North America;VCT
10895;St. Vincent and the Grenadines;VCT;1987;0.727222075;North America;VCT
10896;St. Vincent and the Grenadines;VCT;1988;0.619582665;North America;VCT
10897;St. Vincent and the Grenadines;VCT;1989;0.719147188;North America;VCT
10898;St. Vincent and the Grenadines;VCT;1990;0.75039299;North America;VCT
10899;St. Vincent and the Grenadines;VCT;1991;0.714277764;North America;VCT
10900;St. Vincent and the Grenadines;VCT;1992;0.780927954;North America;VCT
10901;St. Vincent and the Grenadines;VCT;1993;0.949850597;North America;VCT
10902;St. Vincent and the Grenadines;VCT;1994;1.119135477;North America;VCT
10903;St. Vincent and the Grenadines;VCT;1995;1.187038716;North America;VCT
10904;St. Vincent and the Grenadines;VCT;1996;1.221451174;North America;VCT
10905;St. Vincent and the Grenadines;VCT;1997;1.222322016;North America;VCT
10906;St. Vincent and the Grenadines;VCT;1998;1.495028863;North America;VCT
10907;St. Vincent and the Grenadines;VCT;1999;1.529630419;North America;VCT
10908;St. Vincent and the Grenadines;VCT;2000;1.359444656;North America;VCT
10909;St. Vincent and the Grenadines;VCT;2001;1.663900953;North America;VCT
10910;St. Vincent and the Grenadines;VCT;2002;1.729237171;North America;VCT
10911;St. Vincent and the Grenadines;VCT;2003;1.827509829;North America;VCT
10912;St. Vincent and the Grenadines;VCT;2004;2.026657333;North America;VCT
10913;St. Vincent and the Grenadines;VCT;2005;2.023191018;North America;VCT
10914;St. Vincent and the Grenadines;VCT;2006;2.020237264;North America;VCT
10915;St. Vincent and the Grenadines;VCT;2007;2.084879274;North America;VCT
10916;St. Vincent and the Grenadines;VCT;2008;2.11625521;North America;VCT
10917;St. Vincent and the Grenadines;VCT;2009;2.114511922;North America;VCT
10918;St. Vincent and the Grenadines;VCT;2010;2.146876944;North America;VCT
10919;St. Vincent and the Grenadines;VCT;2011;2.179923359;North America;VCT
10920;Venezuela, RB;VEN;1960;7.005107008;South America;VEN
10921;Venezuela, RB;VEN;1961;6.136885636;South America;VEN
10922;Venezuela, RB;VEN;1962;6.155057283;South America;VEN
10923;Venezuela, RB;VEN;1963;6.155747986;South America;VEN
10924;Venezuela, RB;VEN;1964;5.973225921;South America;VEN
10925;Venezuela, RB;VEN;1965;6.187252142;South America;VEN
10926;Venezuela, RB;VEN;1966;5.604755039;South America;VEN
10927;Venezuela, RB;VEN;1967;6.251422723;South America;VEN
10928;Venezuela, RB;VEN;1968;6.031580882;South America;VEN
10929;Venezuela, RB;VEN;1969;6.141099295;South America;VEN
10930;Venezuela, RB;VEN;1970;6.43447257;South America;VEN
10931;Venezuela, RB;VEN;1971;5.24072034;South America;VEN
10932;Venezuela, RB;VEN;1972;5.093207272;South America;VEN
10933;Venezuela, RB;VEN;1973;5.262419689;South America;VEN
10934;Venezuela, RB;VEN;1974;5.782131634;South America;VEN
10935;Venezuela, RB;VEN;1975;4.77635344;South America;VEN
10936;Venezuela, RB;VEN;1976;4.173808379;South America;VEN
10937;Venezuela, RB;VEN;1977;4.511141516;South America;VEN
10938;Venezuela, RB;VEN;1978;4.72880213;South America;VEN
10939;Venezuela, RB;VEN;1979;5.128044144;South America;VEN
10940;Venezuela, RB;VEN;1980;5.917801432;South America;VEN
10941;Venezuela, RB;VEN;1981;5.834889416;South America;VEN
10942;Venezuela, RB;VEN;1982;5.770816133;South America;VEN
10943;Venezuela, RB;VEN;1983;5.602668429;South America;VEN
10944;Venezuela, RB;VEN;1984;5.464883133;South America;VEN
10945;Venezuela, RB;VEN;1985;5.784700234;South America;VEN
10946;Venezuela, RB;VEN;1986;6.09563626;South America;VEN
10947;Venezuela, RB;VEN;1987;6.019272051;South America;VEN
10948;Venezuela, RB;VEN;1988;6.138672495;South America;VEN
10949;Venezuela, RB;VEN;1989;5.614474108;South America;VEN
10950;Venezuela, RB;VEN;1990;6.150573466;South America;VEN
10951;Venezuela, RB;VEN;1991;5.677721061;South America;VEN
10952;Venezuela, RB;VEN;1992;5.094967704;South America;VEN
10953;Venezuela, RB;VEN;1993;5.849887561;South America;VEN
10954;Venezuela, RB;VEN;1994;5.98181813;South America;VEN
10955;Venezuela, RB;VEN;1995;6.009844168;South America;VEN
10956;Venezuela, RB;VEN;1996;5.422005984;South America;VEN
10957;Venezuela, RB;VEN;1997;5.798359685;South America;VEN
10958;Venezuela, RB;VEN;1998;7.100827456;South America;VEN
10959;Venezuela, RB;VEN;1999;7.206434613;South America;VEN
10960;Venezuela, RB;VEN;2000;6.226034565;South America;VEN
10961;Venezuela, RB;VEN;2001;6.920040571;South America;VEN
10962;Venezuela, RB;VEN;2002;7.611158613;South America;VEN
10963;Venezuela, RB;VEN;2003;7.429284937;South America;VEN
10964;Venezuela, RB;VEN;2004;5.766145054;South America;VEN
10965;Venezuela, RB;VEN;2005;6.167393804;South America;VEN
10966;Venezuela, RB;VEN;2006;6.227287358;South America;VEN
10967;Venezuela, RB;VEN;2007;5.868518021;South America;VEN
10968;Venezuela, RB;VEN;2008;6.6048923;South America;VEN
10969;Venezuela, RB;VEN;2009;6.525292813;South America;VEN
10970;Venezuela, RB;VEN;2010;6.811756484;South America;VEN
10971;Venezuela, RB;VEN;2011;6.416333581;South America;VEN
11024;Vietnam;VNM;1960;0.215631379;Asia;VNM
11025;Vietnam;VNM;1961;0.225435418;Asia;VNM
11026;Vietnam;VNM;1962;0.258759876;Asia;VNM
11027;Vietnam;VNM;1963;0.247579243;Asia;VNM
11028;Vietnam;VNM;1964;0.314057753;Asia;VNM
11029;Vietnam;VNM;1965;0.343353851;Asia;VNM
11030;Vietnam;VNM;1966;0.490532216;Asia;VNM
11031;Vietnam;VNM;1967;0.574906353;Asia;VNM
11032;Vietnam;VNM;1968;0.578196936;Asia;VNM
11033;Vietnam;VNM;1969;0.648284658;Asia;VNM
11034;Vietnam;VNM;1970;0.6599553;Asia;VNM
11035;Vietnam;VNM;1971;0.560973425;Asia;VNM
11036;Vietnam;VNM;1972;0.515172617;Asia;VNM
11037;Vietnam;VNM;1973;0.547669351;Asia;VNM
11038;Vietnam;VNM;1974;0.406732342;Asia;VNM
11039;Vietnam;VNM;1975;0.453889548;Asia;VNM
11040;Vietnam;VNM;1976;0.283241771;Asia;VNM
11041;Vietnam;VNM;1977;0.30374236;Asia;VNM
11042;Vietnam;VNM;1978;0.299784878;Asia;VNM
11043;Vietnam;VNM;1979;0.309686917;Asia;VNM
11044;Vietnam;VNM;1980;0.313231453;Asia;VNM
11045;Vietnam;VNM;1981;0.323933299;Asia;VNM
11046;Vietnam;VNM;1982;0.330107045;Asia;VNM
11047;Vietnam;VNM;1983;0.340971777;Asia;VNM
11048;Vietnam;VNM;1984;0.304206164;Asia;VNM
11049;Vietnam;VNM;1985;0.359548889;Asia;VNM
11050;Vietnam;VNM;1986;0.383261116;Asia;VNM
11051;Vietnam;VNM;1987;0.420561846;Asia;VNM
11052;Vietnam;VNM;1988;0.366450753;Asia;VNM
11053;Vietnam;VNM;1989;0.270323355;Asia;VNM
11054;Vietnam;VNM;1990;0.324280765;Asia;VNM
11055;Vietnam;VNM;1991;0.319024157;Asia;VNM
11056;Vietnam;VNM;1992;0.313770455;Asia;VNM
11057;Vietnam;VNM;1993;0.330345655;Asia;VNM
11058;Vietnam;VNM;1994;0.370352788;Asia;VNM
11059;Vietnam;VNM;1995;0.404057351;Asia;VNM
11060;Vietnam;VNM;1996;0.473884388;Asia;VNM
11061;Vietnam;VNM;1997;0.606948117;Asia;VNM
11062;Vietnam;VNM;1998;0.629679947;Asia;VNM
11063;Vietnam;VNM;1999;0.622650871;Asia;VNM
11064;Vietnam;VNM;2000;0.691020496;Asia;VNM
11065;Vietnam;VNM;2001;0.777658384;Asia;VNM
11066;Vietnam;VNM;2002;0.89022065;Asia;VNM
11067;Vietnam;VNM;2003;0.978870449;Asia;VNM
11068;Vietnam;VNM;2004;1.111901201;Asia;VNM
11069;Vietnam;VNM;2005;1.191177164;Asia;VNM
11070;Vietnam;VNM;2006;1.233275634;Asia;VNM
11071;Vietnam;VNM;2007;1.352790931;Asia;VNM
11072;Vietnam;VNM;2008;1.497496085;Asia;VNM
11073;Vietnam;VNM;2009;1.636370776;Asia;VNM
11074;Vietnam;VNM;2010;1.76169543;Asia;VNM
11075;Vietnam;VNM;2011;1.971433571;Asia;VNM
11078;Vanuatu;VUT;1962;0.594888358;Oceania;VUT
11079;Vanuatu;VUT;1963;0.471727509;Oceania;VUT
11080;Vanuatu;VUT;1964;0.864246995;Oceania;VUT
11081;Vanuatu;VUT;1965;0.641713893;Oceania;VUT
11082;Vanuatu;VUT;1966;1.007813113;Oceania;VUT
11083;Vanuatu;VUT;1967;1.074161339;Oceania;VUT
11084;Vanuatu;VUT;1968;0.772775168;Oceania;VUT
11085;Vanuatu;VUT;1969;0.53054581;Oceania;VUT
11086;Vanuatu;VUT;1970;0.47239659;Oceania;VUT
11087;Vanuatu;VUT;1971;0.66655306;Oceania;VUT
11088;Vanuatu;VUT;1972;0.686371444;Oceania;VUT
11089;Vanuatu;VUT;1973;0.586651166;Oceania;VUT
11090;Vanuatu;VUT;1974;0.644044507;Oceania;VUT
11091;Vanuatu;VUT;1975;0.550716367;Oceania;VUT
11092;Vanuatu;VUT;1976;0.427123777;Oceania;VUT
11093;Vanuatu;VUT;1977;0.483303993;Oceania;VUT
11094;Vanuatu;VUT;1978;0.536165002;Oceania;VUT
11095;Vanuatu;VUT;1979;0.553735599;Oceania;VUT
11096;Vanuatu;VUT;1980;0.539106145;Oceania;VUT
11097;Vanuatu;VUT;1981;0.43294709;Oceania;VUT
11098;Vanuatu;VUT;1982;0.422768111;Oceania;VUT
11099;Vanuatu;VUT;1983;0.442703303;Oceania;VUT
11100;Vanuatu;VUT;1984;0.432789904;Oceania;VUT
11101;Vanuatu;VUT;1985;0.930653398;Oceania;VUT
11102;Vanuatu;VUT;1986;0.441010222;Oceania;VUT
11103;Vanuatu;VUT;1987;0.350189893;Oceania;VUT
11104;Vanuatu;VUT;1988;0.473606039;Oceania;VUT
11105;Vanuatu;VUT;1989;0.43638871;Oceania;VUT
11106;Vanuatu;VUT;1990;0.475152251;Oceania;VUT
11107;Vanuatu;VUT;1991;0.437766532;Oceania;VUT
11108;Vanuatu;VUT;1992;0.42518133;Oceania;VUT
11109;Vanuatu;VUT;1993;0.413017633;Oceania;VUT
11110;Vanuatu;VUT;1994;0.401963352;Oceania;VUT
11111;Vanuatu;VUT;1995;0.39234171;Oceania;VUT
11112;Vanuatu;VUT;1996;0.49091978;Oceania;VUT
11113;Vanuatu;VUT;1997;0.502891362;Oceania;VUT
11114;Vanuatu;VUT;1998;0.473628941;Oceania;VUT
11115;Vanuatu;VUT;1999;0.465083321;Oceania;VUT
11116;Vanuatu;VUT;2000;0.435939003;Oceania;VUT
11117;Vanuatu;VUT;2001;0.46494231;Oceania;VUT
11118;Vanuatu;VUT;2002;0.434843806;Oceania;VUT
11119;Vanuatu;VUT;2003;0.405472374;Oceania;VUT
11120;Vanuatu;VUT;2004;0.269442158;Oceania;VUT
11121;Vanuatu;VUT;2005;0.262710448;Oceania;VUT
11122;Vanuatu;VUT;2006;0.222102639;Oceania;VUT
11123;Vanuatu;VUT;2007;0.433459419;Oceania;VUT
11124;Vanuatu;VUT;2008;0.406838707;Oceania;VUT
11125;Vanuatu;VUT;2009;0.508462532;Oceania;VUT
11126;Vanuatu;VUT;2010;0.496591183;Oceania;VUT
11127;Vanuatu;VUT;2011;0.591265773;Oceania;VUT
11128;Samoa;WSM;1960;0.135008514;Oceania;WSM
11129;Samoa;WSM;1961;0.163528688;Oceania;WSM
11130;Samoa;WSM;1962;0.158352478;Oceania;WSM
11131;Samoa;WSM;1963;0.184018601;Oceania;WSM
11132;Samoa;WSM;1964;0.208092158;Oceania;WSM
11133;Samoa;WSM;1965;0.230868511;Oceania;WSM
11134;Samoa;WSM;1966;0.196415864;Oceania;WSM
11135;Samoa;WSM;1967;0.19128277;Oceania;WSM
11136;Samoa;WSM;1968;0.213348072;Oceania;WSM
11137;Samoa;WSM;1969;0.208767435;Oceania;WSM
11138;Samoa;WSM;1970;0.204896106;Oceania;WSM
11139;Samoa;WSM;1971;0.252136664;Oceania;WSM
11140;Samoa;WSM;1972;0.24890886;Oceania;WSM
11141;Samoa;WSM;1973;0.246290861;Oceania;WSM
11142;Samoa;WSM;1974;0.219699239;Oceania;WSM
11143;Samoa;WSM;1975;0.387573241;Oceania;WSM
11144;Samoa;WSM;1976;0.312822364;Oceania;WSM
11145;Samoa;WSM;1977;0.526441492;Oceania;WSM
11146;Samoa;WSM;1978;0.690494124;Oceania;WSM
11147;Samoa;WSM;1979;0.61605164;Oceania;WSM
11148;Samoa;WSM;1980;0.636492793;Oceania;WSM
11149;Samoa;WSM;1981;0.656349282;Oceania;WSM
11150;Samoa;WSM;1982;0.722212692;Oceania;WSM
11151;Samoa;WSM;1983;0.717734858;Oceania;WSM
11152;Samoa;WSM;1984;0.713688387;Oceania;WSM
11153;Samoa;WSM;1985;0.71034806;Oceania;WSM
11154;Samoa;WSM;1986;0.707866568;Oceania;WSM
11155;Samoa;WSM;1987;0.706006931;Oceania;WSM
11156;Samoa;WSM;1988;0.704213748;Oceania;WSM
11157;Samoa;WSM;1989;0.746976871;Oceania;WSM
11158;Samoa;WSM;1990;0.765529733;Oceania;WSM
11159;Samoa;WSM;1991;0.759893462;Oceania;WSM
11160;Samoa;WSM;1992;0.775179986;Oceania;WSM
11161;Samoa;WSM;1993;0.767586091;Oceania;WSM
11162;Samoa;WSM;1994;0.716949273;Oceania;WSM
11163;Samoa;WSM;1995;0.77582012;Oceania;WSM
11164;Samoa;WSM;1996;0.770755973;Oceania;WSM
11165;Samoa;WSM;1997;0.766660278;Oceania;WSM
11166;Samoa;WSM;1998;0.763167783;Oceania;WSM
11167;Samoa;WSM;1999;0.801954442;Oceania;WSM
11168;Samoa;WSM;2000;0.798023068;Oceania;WSM
11169;Samoa;WSM;2001;0.81457791;Oceania;WSM
11170;Samoa;WSM;2002;0.809849823;Oceania;WSM
11171;Samoa;WSM;2003;0.846181554;Oceania;WSM
11172;Samoa;WSM;2004;0.902424019;Oceania;WSM
11173;Samoa;WSM;2005;0.937497221;Oceania;WSM
11174;Samoa;WSM;2006;0.972077406;Oceania;WSM
11175;Samoa;WSM;2007;1.026223949;Oceania;WSM
11176;Samoa;WSM;2008;1.039489751;Oceania;WSM
11177;Samoa;WSM;2009;1.072106118;Oceania;WSM
11178;Samoa;WSM;2010;1.103870902;Oceania;WSM
11179;Samoa;WSM;2011;1.252110076;Oceania;WSM
11180;Yemen, Rep.;YEM;1960;0.703402679;Asia;YEM
11181;Yemen, Rep.;YEM;1961;0.507631392;Asia;YEM
11182;Yemen, Rep.;YEM;1962;0.728003843;Asia;YEM
11183;Yemen, Rep.;YEM;1963;0.537605942;Asia;YEM
11184;Yemen, Rep.;YEM;1964;0.658012128;Asia;YEM
11185;Yemen, Rep.;YEM;1965;0.69957378;Asia;YEM
11186;Yemen, Rep.;YEM;1966;0.605767325;Asia;YEM
11187;Yemen, Rep.;YEM;1967;0.524196689;Asia;YEM
11188;Yemen, Rep.;YEM;1968;1.961621492;Asia;YEM
11189;Yemen, Rep.;YEM;1969;0.773757902;Asia;YEM
11190;Yemen, Rep.;YEM;1970;0.408024614;Asia;YEM
11191;Yemen, Rep.;YEM;1971;0.315003479;Asia;YEM
11192;Yemen, Rep.;YEM;1972;0.234850129;Asia;YEM
11193;Yemen, Rep.;YEM;1973;0.42108152;Asia;YEM
11194;Yemen, Rep.;YEM;1974;0.339239426;Asia;YEM
11195;Yemen, Rep.;YEM;1975;0.319527629;Asia;YEM
11196;Yemen, Rep.;YEM;1976;0.36697051;Asia;YEM
11197;Yemen, Rep.;YEM;1977;0.412525037;Asia;YEM
11198;Yemen, Rep.;YEM;1978;0.414905394;Asia;YEM
11199;Yemen, Rep.;YEM;1979;0.415100694;Asia;YEM
11200;Yemen, Rep.;YEM;1980;0.411772939;Asia;YEM
11201;Yemen, Rep.;YEM;1981;0.50559924;Asia;YEM
11202;Yemen, Rep.;YEM;1982;0.683796979;Asia;YEM
11203;Yemen, Rep.;YEM;1983;0.699888867;Asia;YEM
11204;Yemen, Rep.;YEM;1984;0.762880089;Asia;YEM
11205;Yemen, Rep.;YEM;1985;0.885775797;Asia;YEM
11206;Yemen, Rep.;YEM;1986;0.814398284;Asia;YEM
11207;Yemen, Rep.;YEM;1987;0.823654049;Asia;YEM
11208;Yemen, Rep.;YEM;1988;0.876347103;Asia;YEM
11209;Yemen, Rep.;YEM;1989;0.874798196;Asia;YEM
11210;Yemen, Rep.;YEM;1990;0.80231248;Asia;YEM
11211;Yemen, Rep.;YEM;1991;0.804210165;Asia;YEM
11212;Yemen, Rep.;YEM;1992;1.085841506;Asia;YEM
11213;Yemen, Rep.;YEM;1993;0.676186135;Asia;YEM
11214;Yemen, Rep.;YEM;1994;0.776848856;Asia;YEM
11215;Yemen, Rep.;YEM;1995;0.736947967;Asia;YEM
11216;Yemen, Rep.;YEM;1996;0.943222585;Asia;YEM
11217;Yemen, Rep.;YEM;1997;0.946478335;Asia;YEM
11218;Yemen, Rep.;YEM;1998;0.724905295;Asia;YEM
11219;Yemen, Rep.;YEM;1999;0.802931355;Asia;YEM
11220;Yemen, Rep.;YEM;2000;0.822617805;Asia;YEM
11221;Yemen, Rep.;YEM;2001;0.887790298;Asia;YEM
11222;Yemen, Rep.;YEM;2002;0.837104492;Asia;YEM
11223;Yemen, Rep.;YEM;2003;0.893184798;Asia;YEM
11224;Yemen, Rep.;YEM;2004;0.947308139;Asia;YEM
11225;Yemen, Rep.;YEM;2005;0.977538317;Asia;YEM
11226;Yemen, Rep.;YEM;2006;0.985853021;Asia;YEM
11227;Yemen, Rep.;YEM;2007;0.981421729;Asia;YEM
11228;Yemen, Rep.;YEM;2008;0.989904581;Asia;YEM
11229;Yemen, Rep.;YEM;2009;1.026251462;Asia;YEM
11230;Yemen, Rep.;YEM;2010;1.090060254;Asia;YEM
11231;Yemen, Rep.;YEM;2011;0.919967617;Asia;YEM
11232;South Africa;ZAF;1960;5.629717694;Africa;ZAF
11233;South Africa;ZAF;1961;5.694382974;Africa;ZAF
11234;South Africa;ZAF;1962;5.729711711;Africa;ZAF
11235;South Africa;ZAF;1963;5.799844192;Africa;ZAF
11236;South Africa;ZAF;1964;6.170936478;Africa;ZAF
11237;South Africa;ZAF;1965;6.467358764;Africa;ZAF
11238;South Africa;ZAF;1966;6.332753076;Africa;ZAF
11239;South Africa;ZAF;1967;6.465647794;Africa;ZAF
11240;South Africa;ZAF;1968;6.527671679;Africa;ZAF
11241;South Africa;ZAF;1969;6.629522043;Africa;ZAF
11242;South Africa;ZAF;1970;6.780637796;Africa;ZAF
11243;South Africa;ZAF;1971;7.457992265;Africa;ZAF
11244;South Africa;ZAF;1972;7.425562594;Africa;ZAF
11245;South Africa;ZAF;1973;7.335733678;Africa;ZAF
11246;South Africa;ZAF;1974;7.306156383;Africa;ZAF
11247;South Africa;ZAF;1975;7.489559811;Africa;ZAF
11248;South Africa;ZAF;1976;7.642650886;Africa;ZAF
11249;South Africa;ZAF;1977;7.748345425;Africa;ZAF
11250;South Africa;ZAF;1978;7.66825744;Africa;ZAF
11251;South Africa;ZAF;1979;8.125555139;Africa;ZAF
11252;South Africa;ZAF;1980;8.2845264;Africa;ZAF
11253;South Africa;ZAF;1981;9.108884713;Africa;ZAF
11254;South Africa;ZAF;1982;9.690416511;Africa;ZAF
11255;South Africa;ZAF;1983;9.831466985;Africa;ZAF
11256;South Africa;ZAF;1984;10.35715394;Africa;ZAF
11257;South Africa;ZAF;1985;10.35567205;Africa;ZAF
11258;South Africa;ZAF;1986;10.30018019;Africa;ZAF
11259;South Africa;ZAF;1987;9.990721548;Africa;ZAF
11260;South Africa;ZAF;1988;10.171078;Africa;ZAF
11261;South Africa;ZAF;1989;9.889897867;Africa;ZAF
11262;South Africa;ZAF;1990;9.085096676;Africa;ZAF
11263;South Africa;ZAF;1991;9.256613761;Africa;ZAF
11264;South Africa;ZAF;1992;8.389655166;Africa;ZAF
11265;South Africa;ZAF;1993;8.568774885;Africa;ZAF
11266;South Africa;ZAF;1994;8.817875287;Africa;ZAF
11267;South Africa;ZAF;1995;9.035236784;Africa;ZAF
11268;South Africa;ZAF;1996;8.965942985;Africa;ZAF
11269;South Africa;ZAF;1997;9.073136451;Africa;ZAF
11270;South Africa;ZAF;1998;8.883571625;Africa;ZAF
11271;South Africa;ZAF;1999;8.644088289;Africa;ZAF
11272;South Africa;ZAF;2000;8.377511523;Africa;ZAF
11273;South Africa;ZAF;2001;8.077163732;Africa;ZAF
11274;South Africa;ZAF;2002;7.633688389;Africa;ZAF
11275;South Africa;ZAF;2003;8.255693196;Africa;ZAF
11276;South Africa;ZAF;2004;9.090418179;Africa;ZAF
11277;South Africa;ZAF;2005;8.275123919;Africa;ZAF
11278;South Africa;ZAF;2006;8.80247507;Africa;ZAF
11279;South Africa;ZAF;2007;9.063325529;Africa;ZAF
11280;South Africa;ZAF;2008;9.506481163;Africa;ZAF
11281;South Africa;ZAF;2009;9.545494788;Africa;ZAF
11282;South Africa;ZAF;2010;8.957153524;Africa;ZAF
11283;South Africa;ZAF;2011;9.257216472;Africa;ZAF
11288;Zambia;ZMB;1964;0.950433513;Africa;ZMB
11289;Zambia;ZMB;1965;1.100196731;Africa;ZMB
11290;Zambia;ZMB;1966;0.953157627;Africa;ZMB
11291;Zambia;ZMB;1967;1.26362796;Africa;ZMB
11292;Zambia;ZMB;1968;1.167432488;Africa;ZMB
11293;Zambia;ZMB;1969;1.056391398;Africa;ZMB
11294;Zambia;ZMB;1970;0.900677549;Africa;ZMB
11295;Zambia;ZMB;1971;0.87547362;Africa;ZMB
11296;Zambia;ZMB;1972;0.906907923;Africa;ZMB
11297;Zambia;ZMB;1973;0.988535481;Africa;ZMB
11298;Zambia;ZMB;1974;0.87352899;Africa;ZMB
11299;Zambia;ZMB;1975;0.819056206;Africa;ZMB
11300;Zambia;ZMB;1976;0.780217302;Africa;ZMB
11301;Zambia;ZMB;1977;0.700659112;Africa;ZMB
11302;Zambia;ZMB;1978;0.628361546;Africa;ZMB
11303;Zambia;ZMB;1979;0.629351818;Africa;ZMB
11304;Zambia;ZMB;1980;0.595551528;Africa;ZMB
11305;Zambia;ZMB;1981;0.548430785;Africa;ZMB
11306;Zambia;ZMB;1982;0.554157607;Africa;ZMB
11307;Zambia;ZMB;1983;0.497736878;Africa;ZMB
11308;Zambia;ZMB;1984;0.415078629;Africa;ZMB
11309;Zambia;ZMB;1985;0.392447257;Africa;ZMB
11310;Zambia;ZMB;1986;0.398977921;Africa;ZMB
11311;Zambia;ZMB;1987;0.36182639;Africa;ZMB
11312;Zambia;ZMB;1988;0.408340751;Africa;ZMB
11313;Zambia;ZMB;1989;0.328690922;Africa;ZMB
11314;Zambia;ZMB;1990;0.300361826;Africa;ZMB
11315;Zambia;ZMB;1991;0.289013621;Africa;ZMB
11316;Zambia;ZMB;1992;0.286451408;Africa;ZMB
11317;Zambia;ZMB;1993;0.284384427;Africa;ZMB
11318;Zambia;ZMB;1994;0.268369765;Africa;ZMB
11319;Zambia;ZMB;1995;0.234598548;Africa;ZMB
11320;Zambia;ZMB;1996;0.196811398;Africa;ZMB
11321;Zambia;ZMB;1997;0.244873738;Africa;ZMB
11322;Zambia;ZMB;1998;0.230594179;Africa;ZMB
11323;Zambia;ZMB;1999;0.175359069;Africa;ZMB
11324;Zambia;ZMB;2000;0.172173937;Africa;ZMB
11325;Zambia;ZMB;2001;0.17556378;Africa;ZMB
11326;Zambia;ZMB;2002;0.176766866;Africa;ZMB
11327;Zambia;ZMB;2003;0.183895492;Africa;ZMB
11328;Zambia;ZMB;2004;0.181385486;Africa;ZMB
11329;Zambia;ZMB;2005;0.1890804;Africa;ZMB
11330;Zambia;ZMB;2006;0.179773645;Africa;ZMB
11331;Zambia;ZMB;2007;0.150264753;Africa;ZMB
11332;Zambia;ZMB;2008;0.164691753;Africa;ZMB
11333;Zambia;ZMB;2009;0.184057876;Africa;ZMB
11334;Zambia;ZMB;2010;0.192078658;Africa;ZMB
11335;Zambia;ZMB;2011;0.212449645;Africa;ZMB
11340;Zimbabwe;ZWE;1964;1.045373579;Africa;ZWE
11341;Zimbabwe;ZWE;1965;1.17917647;Africa;ZWE
11342;Zimbabwe;ZWE;1966;1.323655742;Africa;ZWE
11343;Zimbabwe;ZWE;1967;1.122960523;Africa;ZWE
11344;Zimbabwe;ZWE;1968;1.30982745;Africa;ZWE
11345;Zimbabwe;ZWE;1969;1.340452088;Africa;ZWE
11346;Zimbabwe;ZWE;1970;1.567855243;Africa;ZWE
11347;Zimbabwe;ZWE;1971;1.623319002;Africa;ZWE
11348;Zimbabwe;ZWE;1972;1.475797694;Africa;ZWE
11349;Zimbabwe;ZWE;1973;1.608974059;Africa;ZWE
11350;Zimbabwe;ZWE;1974;1.517711287;Africa;ZWE
11351;Zimbabwe;ZWE;1975;1.34846678;Africa;ZWE
11352;Zimbabwe;ZWE;1976;1.705218549;Africa;ZWE
11353;Zimbabwe;ZWE;1977;1.413140986;Africa;ZWE
11354;Zimbabwe;ZWE;1978;1.367650265;Africa;ZWE
11355;Zimbabwe;ZWE;1979;1.343997341;Africa;ZWE
11356;Zimbabwe;ZWE;1980;1.322097169;Africa;ZWE
11357;Zimbabwe;ZWE;1981;1.246069019;Africa;ZWE
11358;Zimbabwe;ZWE;1982;1.118757978;Africa;ZWE
11359;Zimbabwe;ZWE;1983;1.276226816;Africa;ZWE
11360;Zimbabwe;ZWE;1984;1.163522557;Africa;ZWE
11361;Zimbabwe;ZWE;1985;1.158117465;Africa;ZWE
11362;Zimbabwe;ZWE;1986;1.427115971;Africa;ZWE
11363;Zimbabwe;ZWE;1987;1.598217302;Africa;ZWE
11364;Zimbabwe;ZWE;1988;1.631920802;Africa;ZWE
11365;Zimbabwe;ZWE;1989;1.589218658;Africa;ZWE
11366;Zimbabwe;ZWE;1990;1.478723379;Africa;ZWE
11367;Zimbabwe;ZWE;1991;1.470133985;Africa;ZWE
11368;Zimbabwe;ZWE;1992;1.53372387;Africa;ZWE
11369;Zimbabwe;ZWE;1993;1.439890083;Africa;ZWE
11370;Zimbabwe;ZWE;1994;1.537501153;Africa;ZWE
11371;Zimbabwe;ZWE;1995;1.295032601;Africa;ZWE
11372;Zimbabwe;ZWE;1996;1.262399997;Africa;ZWE
11373;Zimbabwe;ZWE;1997;1.194677665;Africa;ZWE
11374;Zimbabwe;ZWE;1998;1.165774906;Africa;ZWE
11375;Zimbabwe;ZWE;1999;1.279625157;Africa;ZWE
11376;Zimbabwe;ZWE;2000;1.110956009;Africa;ZWE
11377;Zimbabwe;ZWE;2001;0.99675928;Africa;ZWE
11378;Zimbabwe;ZWE;2002;0.940194845;Africa;ZWE
11379;Zimbabwe;ZWE;2003;0.831911009;Africa;ZWE
11380;Zimbabwe;ZWE;2004;0.766580809;Africa;ZWE
11381;Zimbabwe;ZWE;2005;0.825217888;Africa;ZWE
11382;Zimbabwe;ZWE;2006;0.78072138;Africa;ZWE
11383;Zimbabwe;ZWE;2007;0.731866885;Africa;ZWE
11384;Zimbabwe;ZWE;2008;0.569255428;Africa;ZWE
11385;Zimbabwe;ZWE;2009;0.600521157;Africa;ZWE
11386;Zimbabwe;ZWE;2010;0.646072745;Africa;ZWE
11387;Zimbabwe;ZWE;2011;0.691697897;Africa;ZWE
